사고번호,사고일시,요일,시군구,사고내용,사망자수,중상자수,경상자수,부상신고자수,사고유형,법규위반,노면상태,기상상태,도로형태,가해운전자 차종,가해운전자 성별,가해운전자 연령,가해운전자 상해정도,피해운전자 차종,피해운전자 성별,피해운전자 연령,피해운전자 상해정도
2019011600100403,2019년 1월 16일 18시,수요일,부산광역시 사상구 감전동,중상사고,0,1,0,0,차대차 - 측면충돌,안전운전불이행,건조,맑음,단일로 - 기타,승용,남,39세,상해없음,승용,남,45세,중상
2019011600100453,2019년 1월 16일 19시,수요일,부산광역시 사하구 괴정동,중상사고,0,3,4,2,차대차 - 기타,과속,건조,맑음,단일로 - 지하차도(도로)내,승용,남,48세,부상신고,승용,남,41세,경상
2019011600100454,2019년 1월 16일 19시,수요일,부산광역시 강서구 명지동,중상사고,0,1,0,0,차대사람 - 횡단중,보행자보호의무위반,건조,맑음,단일로 - 기타,이륜,남,33세,상해없음,보행자,여,64세,중상
2019011600100494,2019년 1월 16일 20시,수요일,부산광역시 남구 대연동,경상사고,0,0,1,0,차대차 - 측면충돌,안전운전불이행,건조,맑음,단일로 - 기타,승합,남,72세,상해없음,이륜,남,41세,경상
2019011600100495,2019년 1월 16일 20시,수요일,부산광역시 남구 대연동,경상사고,0,0,1,0,차대사람 - 기타,안전운전불이행,건조,맑음,교차로 - 교차로안,승용,남,30세,상해없음,보행자,남,20세,경상
2019011600100496,2019년 1월 16일 20시,수요일,부산광역시 부산진구 부전동,경상사고,0,0,1,0,차대차 - 기타,안전거리미확보,건조,맑음,단일로 - 기타,승용,남,57세,상해없음,승합,남,61세,상해없음
2019011600100525,2019년 1월 16일 21시,수요일,부산광역시 해운대구 우동,경상사고,0,0,1,0,차대차 - 기타,안전운전불이행,건조,맑음,단일로 - 기타,기타불명,기타불명,미분류,기타불명,승용,여,53세,경상
2019011600100550,2019년 1월 16일 22시,수요일,부산광역시 금정구 장전동,경상사고,0,0,1,0,차대차 - 추돌,안전운전불이행,건조,맑음,단일로 - 기타,승용,남,27세,상해없음,승용,남,60세,상해없음
2019011600100551,2019년 1월 16일 22시,수요일,부산광역시 연제구 연산동,중상사고,0,1,0,1,차대차 - 측면충돌,신호위반,건조,맑음,교차로 - 교차로부근,승용,남,64세,상해없음,이륜,남,55세,중상
2019011600100580,2019년 1월 16일 23시,수요일,부산광역시 사하구 괴정동,중상사고,0,1,0,0,차대사람 - 횡단중,안전운전불이행,건조,맑음,단일로 - 지하차도(도로)내,승용,남,70세,상해없음,보행자,남,43세,중상
2019011700100026,2019년 1월 17일 00시,목요일,부산광역시 사상구 덕포동,중상사고,0,1,0,0,차대차 - 기타,안전거리미확보,건조,맑음,단일로 - 기타,특수,남,52세,상해없음,승합,남,43세,상해없음
2019011700100061,2019년 1월 17일 05시,목요일,부산광역시 남구 용당동,경상사고,0,0,1,0,차대차 - 추돌,안전운전불이행,건조,맑음,단일로 - 기타,특수,남,64세,상해없음,승용,남,38세,경상
2019011700100062,2019년 1월 17일 05시,목요일,부산광역시 부산진구 연지동,중상사고,0,1,0,0,차대사람 - 횡단중,보행자보호의무위반,건조,맑음,교차로 - 교차로횡단보도내,승용,여,50세,상해없음,보행자,여,49세,중상
2019011700100063,2019년 1월 17일 05시,목요일,부산광역시 연제구 거제동,중상사고,0,1,0,0,차대차 - 측면충돌,신호위반,건조,맑음,교차로 - 교차로안,승용,남,62세,상해없음,승용,남,53세,중상
2019011700100080,2019년 1월 17일 06시,목요일,부산광역시 북구 덕천동,중상사고,0,1,0,0,차대사람 - 횡단중,신호위반,건조,맑음,교차로 - 교차로횡단보도내,승용,남,46세,상해없음,보행자,여,31세,중상
2019011700100088,2019년 1월 17일 07시,목요일,부산광역시 서구 서대신동3가,중상사고,0,1,0,0,차대사람 - 보도통행중,안전운전불이행,건조,맑음,단일로 - 기타,승용,여,50세,상해없음,보행자,여,75세,중상
2019011700100141,2019년 1월 17일 09시,목요일,부산광역시 수영구 남천동,경상사고,0,0,1,0,차대사람 - 길가장자리구역통행중,안전운전불이행,건조,맑음,단일로 - 기타,승용,남,70세,상해없음,보행자,여,68세,경상
2019011700100165,2019년 1월 17일 10시,목요일,부산광역시 사하구 하단동,경상사고,0,0,1,0,차대차 - 추돌,안전거리미확보,건조,맑음,단일로 - 기타,승용,남,75세,상해없음,승용,남,34세,경상
2019011700100191,2019년 1월 17일 11시,목요일,부산광역시 사하구 하단동,경상사고,0,0,2,0,차대차 - 기타,안전운전불이행,건조,맑음,단일로 - 기타,승용,여,61세,경상,승용,여,51세,경상
2019011700100243,2019년 1월 17일 13시,목요일,부산광역시 남구 용당동,경상사고,0,0,3,0,차대차 - 측면충돌,안전운전불이행,건조,맑음,단일로 - 터널,특수,남,47세,상해없음,승용,남,62세,경상
2019011700100278,2019년 1월 17일 14시,목요일,부산광역시 수영구 광안동,부상신고사고,0,0,0,1,차대차 - 측면충돌,안전운전불이행,건조,맑음,교차로 - 교차로안,이륜,남,31세,부상신고,승용,남,62세,상해없음
2019011700100310,2019년 1월 17일 15시,목요일,부산광역시 사하구 장림동,경상사고,0,0,1,1,차대차 - 측면충돌,교차로운행방법위반,건조,맑음,기타 - 기타,승용,여,59세,경상,승용,남,63세,부상신고
2019011700100311,2019년 1월 17일 15시,목요일,부산광역시 연제구 연산동,중상사고,0,1,0,0,차대차 - 측면충돌,안전거리미확보,건조,맑음,교차로 - 교차로안,승용,여,51세,상해없음,이륜,남,27세,중상
2019011700100346,2019년 1월 17일 16시,목요일,부산광역시 수영구 광안동,경상사고,0,0,1,0,차대사람 - 기타,안전운전불이행,건조,맑음,단일로 - 기타,승용,남,64세,상해없음,보행자,남,17세,경상
2019011700100347,2019년 1월 17일 16시,목요일,부산광역시 수영구 남천동,중상사고,0,1,0,0,차대사람 - 횡단중,보행자보호의무위반,건조,맑음,단일로 - 기타,승용,남,30세,상해없음,보행자,여,59세,중상
2019011700100348,2019년 1월 17일 16시,목요일,부산광역시 연제구 거제동,중상사고,0,1,0,0,차대차 - 측면충돌,신호위반,건조,맑음,교차로 - 교차로안,승용,남,50세,상해없음,이륜,남,26세,중상
2019011700100381,2019년 1월 17일 17시,목요일,부산광역시 중구 영주동,경상사고,0,0,1,0,차대차 - 기타,차로위반,건조,맑음,단일로 - 기타,승용,남,64세,경상,화물,남,61세,상해없음
2019011700100415,2019년 1월 17일 18시,목요일,부산광역시 북구 덕천동,중상사고,0,1,3,0,차대차 - 정면충돌,중앙선침범,건조,맑음,단일로 - 기타,화물,남,68세,경상,승용,여,49세,중상
2019011700100416,2019년 1월 17일 18시,목요일,부산광역시 동래구 안락동,중상사고,0,1,0,0,차대차 - 측면충돌,안전운전불이행,건조,맑음,단일로 - 기타,승용,남,40세,상해없음,이륜,남,61세,중상
2019011700100417,2019년 1월 17일 18시,목요일,부산광역시 동래구 낙민동,경상사고,0,0,1,0,차대사람 - 횡단중,안전운전불이행,건조,맑음,교차로 - 교차로횡단보도내,승용,여,46세,상해없음,보행자,여,24세,경상
2019011700100418,2019년 1월 17일 18시,목요일,부산광역시 강서구 대저1동,중상사고,0,1,0,0,차대차 - 추돌,안전운전불이행,건조,맑음,단일로 - 기타,승용,남,67세,상해없음,승용,남,27세,중상
2019011700100474,2019년 1월 17일 19시,목요일,부산광역시 부산진구 연지동,중상사고,0,1,0,0,차대사람 - 횡단중,신호위반,건조,맑음,교차로 - 교차로횡단보도내,승용,남,55세,상해없음,보행자,여,61세,중상
2019011700100525,2019년 1월 17일 21시,목요일,부산광역시 해운대구 반여동,경상사고,0,0,3,0,차대사람 - 기타,중앙선침범,기타,맑음,단일로 - 기타,승합,남,37세,상해없음,보행자,여,46세,경상
2019011700100526,2019년 1월 17일 21시,목요일,부산광역시 부산진구 부암동,중상사고,0,3,1,0,차대차 - 측면충돌,기타,건조,맑음,교차로 - 교차로안,화물,남,42세,중상,승용,남,31세,중상
2019011700100584,2019년 1월 17일 23시,목요일,부산광역시 연제구 연산동,부상신고사고,0,0,0,1,차대사람 - 차도통행중,안전운전불이행,건조,맑음,단일로 - 기타,승용,여,46세,상해없음,보행자,남,19세,부상신고
2019011800100015,2019년 1월 18일 00시,금요일,부산광역시 동구 좌천동,중상사고,0,1,0,0,차대차 - 정면충돌,중앙선침범,건조,맑음,단일로 - 기타,승용,남,62세,상해없음,화물,남,56세,중상
2019011800100051,2019년 1월 18일 05시,금요일,부산광역시 북구 구포동,경상사고,0,0,1,0,차대차 - 기타,차로위반,건조,맑음,단일로 - 기타,승용,여,53세,상해없음,이륜,남,64세,경상
2019011800100052,2019년 1월 18일 05시,금요일,부산광역시 금정구 구서동,사망사고,1,0,0,0,차대사람 - 횡단중,과속,건조,맑음,교차로 - 교차로안,승용,남,59세,상해없음,보행자,남,70세,사망
2019011800100053,2019년 1월 18일 05시,금요일,부산광역시 사하구 당리동,사망사고,1,0,0,0,차대사람 - 횡단중,과속,건조,맑음,단일로 - 기타,승용,남,68세,상해없음,보행자,남,49세,사망
2019011800100062,2019년 1월 18일 06시,금요일,부산광역시 서구 아미동2가,경상사고,0,0,2,0,차대차 - 측면충돌,안전거리미확보,건조,맑음,단일로 - 기타,원동기,남,57세,경상,승용,여,44세,경상
2019011800100063,2019년 1월 18일 06시,금요일,부산광역시 서구 서대신동1가,중상사고,0,1,1,0,차대차 - 측면충돌,교차로운행방법위반,건조,맑음,교차로 - 교차로안,승용,여,44세,경상,승용,남,65세,중상
2019011800100064,2019년 1월 18일 06시,금요일,부산광역시 기장군 기장읍,경상사고,0,0,1,0,차대차 - 측면충돌,신호위반,건조,맑음,교차로 - 교차로안,이륜,남,47세,상해없음,승용,남,59세,경상
2019011800100088,2019년 1월 18일 07시,금요일,부산광역시 남구 문현동,부상신고사고,0,0,0,1,차대차 - 기타,안전운전불이행,건조,맑음,교차로 - 교차로안,이륜,남,20세,부상신고,화물,남,52세,상해없음
2019011800100113,2019년 1월 18일 08시,금요일,부산광역시 동래구 명륜동,중상사고,0,1,0,0,차대차 - 측면충돌,안전거리미확보,건조,맑음,단일로 - 기타,승용,여,52세,상해없음,이륜,남,40세,중상
2019011800100114,2019년 1월 18일 08시,금요일,부산광역시 영도구 봉래동4가,경상사고,0,0,1,0,차대사람 - 차도통행중,안전운전불이행,건조,맑음,교차로 - 교차로부근,화물,남,32세,상해없음,보행자,여,79세,경상
2019011800100115,2019년 1월 18일 08시,금요일,부산광역시 해운대구 반여동,경상사고,0,0,1,0,차대차 - 추돌,안전거리미확보,건조,맑음,교차로 - 교차로부근,승용,남,25세,상해없음,승용,남,45세,경상
2019011800100116,2019년 1월 18일 08시,금요일,부산광역시 사하구 하단동,경상사고,0,0,2,0,차대차 - 측면충돌,안전거리미확보,건조,맑음,단일로 - 지하차도(도로)내,승용,남,35세,기타불명,승용,남,40세,경상
2019011800100144,2019년 1월 18일 09시,금요일,부산광역시 기장군 기장읍,중상사고,0,1,0,0,차대차 - 추돌,안전운전불이행,건조,맑음,기타 - 기타,화물,남,60세,기타불명,승합,기타불명,미분류,기타불명
2019011800100174,2019년 1월 18일 10시,금요일,부산광역시 동래구 칠산동,경상사고,0,0,1,0,차대차 - 측면충돌,안전운전불이행,건조,맑음,단일로 - 기타,화물,남,52세,상해없음,승용,남,32세,경상
2019011800100213,2019년 1월 18일 11시,금요일,부산광역시 남구 용호동,부상신고사고,0,0,0,1,차대차 - 정면충돌,중앙선침범,건조,맑음,단일로 - 기타,기타불명,여,66세,부상신고,승용,여,62세,상해없음
2019011800100214,2019년 1월 18일 11시,금요일,부산광역시 사하구 신평동,중상사고,0,1,0,0,차대사람 - 기타,안전운전불이행,건조,맑음,기타 - 기타,승용,여,46세,상해없음,보행자,여,82세,중상
2019011800100215,2019년 1월 18일 11시,금요일,부산광역시 기장군 장안읍,경상사고,0,0,2,0,차대차 - 기타,교차로운행방법위반,건조,맑음,교차로 - 교차로안,승용,남,29세,상해없음,승용,여,21세,경상
2019011800100250,2019년 1월 18일 12시,금요일,부산광역시 동구 수정동,중상사고,0,1,1,0,차대차 - 측면충돌,신호위반,건조,맑음,교차로 - 교차로안,승용,남,78세,상해없음,승용,남,64세,경상
2019011800100274,2019년 1월 18일 13시,금요일,부산광역시 동구 초량동,경상사고,0,0,2,0,차대차 - 추돌,안전운전불이행,건조,맑음,단일로 - 기타,승용,남,32세,상해없음,승용,남,72세,경상
2019011800100275,2019년 1월 18일 13시,금요일,부산광역시 부산진구 전포동,경상사고,0,0,2,0,차대차 - 기타,신호위반,건조,맑음,교차로 - 교차로안,이륜,남,52세,상해없음,승용,남,39세,경상
2019011800100299,2019년 1월 18일 14시,금요일,부산광역시 금정구 선동,경상사고,0,0,3,0,차대차 - 추돌,안전거리미확보,건조,맑음,교차로 - 교차로부근,승용,남,42세,상해없음,승용,여,46세,경상
2019011800100300,2019년 1월 18일 14시,금요일,부산광역시 사하구 장림동,경상사고,0,0,1,0,차대차 - 측면충돌,신호위반,건조,맑음,교차로 - 교차로안,승용,여,66세,상해없음,승용,남,42세,경상
2019011800100338,2019년 1월 18일 15시,금요일,부산광역시 동구 초량동,부상신고사고,0,0,0,1,차대사람 - 기타,보행자보호의무위반,건조,맑음,교차로 - 교차로부근,승용,여,45세,상해없음,보행자,남,3세,부상신고
2019011800100339,2019년 1월 18일 15시,금요일,부산광역시 서구 암남동,경상사고,0,0,1,0,차대차 - 측면충돌,안전거리미확보,건조,맑음,교차로 - 교차로부근,화물,남,39세,상해없음,승용,여,48세,경상
2019011800100340,2019년 1월 18일 15시,금요일,부산광역시 북구 덕천동,경상사고,0,0,1,0,차대사람 - 기타,보행자보호의무위반,건조,맑음,단일로 - 기타,승용,남,50세,상해없음,보행자,여,67세,경상
2019011800100370,2019년 1월 18일 16시,금요일,부산광역시 기장군 기장읍,중상사고,0,1,0,0,차량단독 - 공작물충돌,안전운전불이행,건조,맑음,단일로 - 기타,승용,남,47세,상해없음,,,,
2019011800100401,2019년 1월 18일 17시,금요일,부산광역시 동래구 명장동,경상사고,0,0,1,0,차대차 - 추돌,안전거리미확보,건조,맑음,단일로 - 기타,승용,남,60세,상해없음,승용,남,27세,경상
2019011800100402,2019년 1월 18일 17시,금요일,부산광역시 강서구 명지동,경상사고,0,0,1,0,차대차 - 추돌,안전운전불이행,건조,맑음,교차로 - 교차로부근,승용,여,52세,상해없음,이륜,남,16세,상해없음
2019011800100439,2019년 1월 18일 18시,금요일,부산광역시 동구 초량동,경상사고,0,0,1,0,차대차 - 추돌,안전운전불이행,건조,맑음,단일로 - 기타,승합,남,63세,상해없음,승용,여,25세,경상
2019011800100440,2019년 1월 18일 18시,금요일,부산광역시 남구 감만동,경상사고,0,0,2,0,차대차 - 기타,차로위반,건조,맑음,단일로 - 기타,승용,남,68세,상해없음,승용,남,30세,경상
2019011800100441,2019년 1월 18일 18시,금요일,부산광역시 동래구 명륜동,경상사고,0,0,1,0,차대차 - 측면충돌,안전운전불이행,건조,맑음,단일로 - 기타,승용,여,44세,상해없음,이륜,남,23세,경상
2019011800100442,2019년 1월 18일 18시,금요일,부산광역시 부산진구 전포동,중상사고,0,1,0,0,차대차 - 측면충돌,중앙선침범,건조,맑음,교차로 - 교차로안,원동기,남,21세,상해없음,원동기,남,30세,중상
2019011800100443,2019년 1월 18일 18시,금요일,부산광역시 사하구 감천동,경상사고,0,0,1,0,차대차 - 측면충돌,안전운전불이행,건조,맑음,단일로 - 기타,승용,남,74세,상해없음,원동기,남,17세,경상
2019011800100444,2019년 1월 18일 18시,금요일,부산광역시 사상구 감전동,경상사고,0,0,1,0,차량단독 - 기타,안전운전불이행,건조,맑음,단일로 - 기타,승용,남,71세,상해없음,,,,
2019011800100576,2019년 1월 18일 21시,금요일,부산광역시 북구 금곡동,경상사고,0,0,1,0,차대사람 - 횡단중,안전운전불이행,건조,맑음,단일로 - 기타,기타불명,기타불명,미분류,기타불명,보행자,여,18세,경상
2019011800100577,2019년 1월 18일 21시,금요일,부산광역시 사하구 장림동,경상사고,0,0,1,0,차대차 - 기타,안전운전불이행,건조,맑음,교차로 - 교차로부근,승용,남,62세,상해없음,승용,남,64세,상해없음
2019011800100578,2019년 1월 18일 21시,금요일,부산광역시 강서구 녹산동,경상사고,0,0,1,0,차대차 - 추돌,안전운전불이행,건조,맑음,교차로 - 교차로부근,승용,남,36세,상해없음,승용,여,56세,경상
2019011800100605,2019년 1월 18일 22시,금요일,부산광역시 금정구 장전동,경상사고,0,0,1,0,차대차 - 기타,교차로운행방법위반,건조,맑음,교차로 - 교차로안,승용,남,59세,상해없음,이륜,남,21세,경상
2019011900100015,2019년 1월 19일 00시,토요일,부산광역시 수영구 민락동,경상사고,0,0,2,0,차대차 - 기타,교차로운행방법위반,건조,맑음,교차로 - 교차로안,승용,남,21세,경상,승용,남,42세,상해없음
2019011900100046,2019년 1월 19일 02시,토요일,부산광역시 수영구 광안동,경상사고,0,0,2,0,차대차 - 추돌,안전거리미확보,건조,맑음,단일로 - 기타,승용,남,60세,상해없음,승용,남,46세,경상
2019011900100047,2019년 1월 19일 02시,토요일,부산광역시 동래구 안락동,경상사고,0,0,2,0,차대차 - 측면충돌,신호위반,건조,맑음,교차로 - 교차로안,승용,남,49세,상해없음,승용,남,56세,경상
2019011900100072,2019년 1월 19일 04시,토요일,부산광역시 남구 대연동,경상사고,0,0,2,0,차대차 - 추돌,안전운전불이행,건조,맑음,단일로 - 기타,승용,남,48세,경상,승용,남,65세,경상
2019011900100090,2019년 1월 19일 06시,토요일,부산광역시 북구 금곡동,중상사고,0,1,0,0,차대사람 - 차도통행중,안전운전불이행,건조,맑음,교차로 - 교차로안,승용,남,55세,상해없음,보행자,여,72세,중상
2019011900100133,2019년 1월 19일 09시,토요일,부산광역시 금정구 장전동,부상신고사고,0,0,0,1,차대차 - 측면충돌,안전운전불이행,건조,맑음,교차로 - 교차로부근,승용,여,52세,상해없음,이륜,남,39세,부상신고
2019011900100150,2019년 1월 19일 10시,토요일,부산광역시 북구 만덕동,경상사고,0,0,1,0,차대차 - 측면충돌,안전거리미확보,건조,맑음,단일로 - 기타,건설기계,남,44세,상해없음,승용,여,44세,경상
2019011900100151,2019년 1월 19일 10시,토요일,부산광역시 연제구 연산동,경상사고,0,0,2,0,차대차 - 측면충돌,직진우회전진행방해,건조,맑음,교차로 - 교차로안,승용,여,29세,기타불명,승용,남,37세,경상
2019011900100175,2019년 1월 19일 11시,토요일,부산광역시 사하구 하단동,중상사고,0,2,0,0,차대차 - 기타,안전거리미확보,건조,맑음,단일로 - 기타,건설기계,남,37세,상해없음,승용,남,62세,중상
2019011900100176,2019년 1월 19일 11시,토요일,부산광역시 사하구 감천동,경상사고,0,0,1,0,차대사람 - 횡단중,신호위반,건조,맑음,단일로 - 기타,기타불명,기타불명,미분류,기타불명,보행자,여,57세,경상
2019011900100177,2019년 1월 19일 11시,토요일,부산광역시 연제구 연산동,중상사고,0,1,0,0,차대사람 - 차도통행중,안전운전불이행,건조,맑음,교차로 - 교차로안,건설기계,남,49세,상해없음,보행자,여,83세,중상
2019011900100206,2019년 1월 19일 12시,토요일,부산광역시 해운대구 좌동,중상사고,0,1,0,0,차대사람 - 기타,보행자보호의무위반,건조,맑음,교차로 - 교차로횡단보도내,기타불명,기타불명,미분류,기타불명,보행자,여,37세,중상
2019011900100207,2019년 1월 19일 12시,토요일,부산광역시 사상구 모라동,경상사고,0,0,1,0,차대차 - 기타,안전운전불이행,건조,맑음,교차로 - 교차로안,이륜,남,16세,상해없음,승용,남,77세,상해없음
2019011900100273,2019년 1월 19일 14시,토요일,부산광역시 사하구 당리동,경상사고,0,0,1,0,차대차 - 기타,교차로운행방법위반,건조,맑음,교차로 - 교차로안,승용,남,31세,상해없음,승용,남,24세,경상
2019011900100292,2019년 1월 19일 15시,토요일,부산광역시 사상구 괘법동,중상사고,0,1,0,0,차량단독 - 기타,안전운전불이행,건조,맑음,단일로 - 지하차도(도로)내,승합,남,54세,상해없음,,,,
2019011900100313,2019년 1월 19일 16시,토요일,부산광역시 해운대구 재송동,경상사고,0,0,1,0,차대차 - 측면충돌,안전운전불이행,건조,맑음,교차로 - 교차로안,승합,남,63세,상해없음,승용,남,41세,경상
2019011900100326,2019년 1월 19일 17시,토요일,부산광역시 서구 암남동,경상사고,0,0,1,0,차대사람 - 기타,안전운전불이행,건조,맑음,단일로 - 기타,승용,남,50세,상해없음,보행자,남,67세,경상
2019011900100327,2019년 1월 19일 17시,토요일,부산광역시 사상구 덕포동,경상사고,0,0,1,0,차대사람 - 기타,안전운전불이행,건조,맑음,단일로 - 기타,승용,남,36세,상해없음,보행자,남,18세,경상
2019011900100359,2019년 1월 19일 18시,토요일,부산광역시 해운대구 반여동,중상사고,0,1,0,0,차대차 - 기타,안전운전불이행,건조,맑음,단일로 - 기타,승용,여,47세,상해없음,이륜,남,32세,중상
2019011900100360,2019년 1월 19일 18시,토요일,부산광역시 부산진구 개금동,중상사고,0,1,0,0,차대사람 - 횡단중,안전운전불이행,건조,맑음,교차로 - 교차로횡단보도내,승용,여,60세,상해없음,보행자,남,58세,중상
2019011900100361,2019년 1월 19일 18시,토요일,부산광역시 연제구 거제동,중상사고,0,1,0,0,차대차 - 측면충돌,직진우회전진행방해,건조,맑음,교차로 - 교차로안,이륜,남,23세,중상,승용,여,50세,상해없음
2019011900100394,2019년 1월 19일 19시,토요일,부산광역시 해운대구 우동,경상사고,0,0,2,1,차대차 - 측면충돌,안전운전불이행,건조,맑음,교차로 - 교차로안,승용,남,34세,상해없음,승용,남,36세,경상
2019011900100426,2019년 1월 19일 20시,토요일,부산광역시 수영구 망미동,경상사고,0,0,1,0,차대차 - 측면충돌,안전거리미확보,건조,맑음,교차로 - 교차로안,승용,여,29세,상해없음,승용,여,39세,경상
2019011900100448,2019년 1월 19일 21시,토요일,부산광역시 동구 초량동,경상사고,0,0,1,0,차대차 - 측면충돌,중앙선침범,젖음/습기,비,단일로 - 기타,승용,남,54세,상해없음,승용,남,59세,경상
2019011900100449,2019년 1월 19일 21시,토요일,부산광역시 남구 문현동,경상사고,0,0,1,0,차대차 - 기타,교차로운행방법위반,젖음/습기,비,교차로 - 교차로안,원동기,남,20세,경상,승용,남,51세,상해없음
2019011900100450,2019년 1월 19일 21시,토요일,부산광역시 해운대구 반여동,중상사고,0,1,0,0,차대사람 - 기타,안전운전불이행,건조,맑음,교차로 - 교차로안,승용,남,50세,상해없음,보행자,여,59세,중상
2019011900100451,2019년 1월 19일 21시,토요일,부산광역시 부산진구 당감동,중상사고,0,1,0,0,차대사람 - 횡단중,보행자보호의무위반,젖음/습기,비,단일로 - 기타,이륜,남,20세,상해없음,보행자,남,51세,중상
2019011900100452,2019년 1월 19일 21시,토요일,부산광역시 기장군 기장읍,경상사고,0,0,2,0,차대차 - 정면충돌,안전운전불이행,젖음/습기,비,단일로 - 기타,승용,남,61세,상해없음,승용,남,34세,경상
2019011900100476,2019년 1월 19일 22시,토요일,부산광역시 남구 대연동,경상사고,0,0,1,0,차대사람 - 기타,교차로운행방법위반,건조,맑음,교차로 - 교차로안,승용,여,59세,상해없음,보행자,남,58세,경상
2019011900100477,2019년 1월 19일 22시,토요일,부산광역시 사하구 신평동,중상사고,0,1,0,0,차대차 - 기타,안전운전불이행,건조,맑음,단일로 - 기타,승용,남,67세,상해없음,이륜,남,31세,중상
2019011900100478,2019년 1월 19일 22시,토요일,부산광역시 사상구 엄궁동,경상사고,0,0,1,0,차대차 - 추돌,안전거리미확보,젖음/습기,맑음,단일로 - 기타,승용,남,38세,상해없음,승용,남,35세,경상
2019011900100499,2019년 1월 19일 23시,토요일,부산광역시 동래구 낙민동,중상사고,0,1,1,0,차대차 - 기타,신호위반,건조,맑음,교차로 - 교차로안,승용,남,50세,상해없음,승용,남,45세,중상
2019011900100500,2019년 1월 19일 23시,토요일,부산광역시 영도구 청학동,중상사고,0,1,0,0,차대사람 - 기타,안전운전불이행,건조,맑음,단일로 - 기타,승용,남,48세,상해없음,보행자,남,82세,중상
2019012000100024,2019년 1월 20일 00시,일요일,부산광역시 동구 수정동,경상사고,0,0,1,0,차대사람 - 차도통행중,안전운전불이행,젖음/습기,비,단일로 - 기타,승용,여,60세,상해없음,보행자,남,30세,경상
2019012000100067,2019년 1월 20일 02시,일요일,부산광역시 서구 토성동3가,경상사고,0,0,1,0,차대차 - 측면충돌,교차로운행방법위반,건조,맑음,교차로 - 교차로안,승용,남,63세,상해없음,승용,남,27세,상해없음
2019012000100068,2019년 1월 20일 02시,일요일,부산광역시 영도구 대교동1가,경상사고,0,0,1,0,차대사람 - 기타,안전운전불이행,건조,맑음,단일로 - 교량,승용,남,68세,상해없음,보행자,남,28세,경상
2019012000100123,2019년 1월 20일 08시,일요일,부산광역시 남구 대연동,중상사고,0,1,1,0,차대차 - 측면충돌,안전운전불이행,건조,맑음,교차로 - 교차로부근,승용,남,26세,상해없음,승용,남,62세,경상
2019012000100150,2019년 1월 20일 10시,일요일,부산광역시 동구 범일동,경상사고,0,0,1,0,차대차 - 측면충돌,신호위반,건조,맑음,교차로 - 교차로안,승용,남,72세,상해없음,승용,남,62세,상해없음
2019012000100162,2019년 1월 20일 11시,일요일,부산광역시 남구 대연동,경상사고,0,0,1,0,차대차 - 측면충돌,안전운전불이행,건조,맑음,교차로 - 교차로안,승용,남,24세,상해없음,이륜,남,19세,경상
2019012000100203,2019년 1월 20일 13시,일요일,부산광역시 사상구 괘법동,경상사고,0,0,1,0,차대차 - 측면충돌,안전거리미확보,건조,맑음,단일로 - 기타,승용,남,22세,상해없음,이륜,남,32세,경상
2019012000100217,2019년 1월 20일 14시,일요일,부산광역시 서구 충무동1가,경상사고,0,0,3,0,차대차 - 측면충돌,안전운전불이행,건조,맑음,교차로 - 교차로안,승용,남,62세,경상,승용,남,65세,경상
2019012000100218,2019년 1월 20일 14시,일요일,부산광역시 수영구 남천동,경상사고,0,0,3,0,차대차 - 추돌,안전운전불이행,건조,맑음,단일로 - 교량,승용,여,36세,상해없음,승용,여,40세,경상
2019012000100272,2019년 1월 20일 16시,일요일,부산광역시 사하구 괴정동,중상사고,0,2,1,0,차대차 - 기타,중앙선침범,건조,맑음,단일로 - 기타,승용,여,42세,상해없음,승용,남,45세,상해없음
2019012000100298,2019년 1월 20일 17시,일요일,부산광역시 남구 문현동,중상사고,0,2,0,1,차대차 - 측면충돌,안전거리미확보,건조,맑음,단일로 - 기타,원동기,남,40세,부상신고,원동기,남,36세,중상
2019012000100299,2019년 1월 20일 17시,일요일,부산광역시 사상구 감전동,중상사고,0,1,1,0,차대차 - 기타,중앙선침범,건조,맑음,교차로 - 교차로부근,승용,남,52세,상해없음,승용,남,25세,중상
2019012000100328,2019년 1월 20일 18시,일요일,부산광역시 수영구 민락동,중상사고,0,1,0,0,차대차 - 기타,중앙선침범,건조,맑음,단일로 - 기타,승용,남,70세,상해없음,이륜,남,20세,중상
2019012000100329,2019년 1월 20일 18시,일요일,부산광역시 사하구 다대동,경상사고,0,0,2,0,차대차 - 기타,안전운전불이행,건조,맑음,기타 - 기타,승용,남,44세,상해없음,승용,남,36세,경상
2019012000100330,2019년 1월 20일 18시,일요일,부산광역시 사하구 하단동,중상사고,0,2,0,0,차대차 - 기타,안전운전불이행,건조,맑음,단일로 - 기타,기타불명,기타불명,미분류,기타불명,승용,남,46세,중상
2019012000100331,2019년 1월 20일 18시,일요일,부산광역시 사하구 하단동,중상사고,0,1,0,0,차대차 - 측면충돌,교차로운행방법위반,건조,맑음,교차로 - 교차로안,이륜,남,33세,중상,승용,남,56세,상해없음