사고번호,사고일시,요일,시군구,사고내용,사망자수,중상자수,경상자수,부상신고자수,사고유형,법규위반,노면상태,기상상태,도로형태,가해운전자 차종,가해운전자 성별,가해운전자 연령,가해운전자 상해정도,피해운전자 차종,피해운전자 성별,피해운전자 연령,피해운전자 상해정도
2019012400100354,2019년 1월 24일 16시,목요일,부산광역시 부산진구 양정동,부상신고사고,0,0,0,1,차대차 - 측면충돌,직진우회전진행방해,건조,맑음,교차로 - 교차로안,이륜,남,21세,부상신고,승용,여,51세,상해없음
2019012400100388,2019년 1월 24일 17시,목요일,부산광역시 동구 범일동,중상사고,0,1,0,0,차대사람 - 기타,안전운전불이행,건조,맑음,단일로 - 기타,승용,여,41세,상해없음,보행자,여,70세,중상
2019012400100389,2019년 1월 24일 17시,목요일,부산광역시 북구 구포동,경상사고,0,0,1,0,차대차 - 기타,안전운전불이행,건조,맑음,교차로 - 교차로안,자전거,남,70세,경상,승용,여,41세,상해없음
2019012400100390,2019년 1월 24일 17시,목요일,부산광역시 영도구 동삼동,경상사고,0,0,1,0,차대차 - 기타,안전운전불이행,건조,맑음,단일로 - 기타,승용,여,41세,상해없음,화물,남,70세,경상
2019012400100427,2019년 1월 24일 18시,목요일,부산광역시 중구 대청동2가,경상사고,0,0,1,0,차대차 - 측면충돌,교차로운행방법위반,건조,맑음,교차로 - 교차로부근,승용,여,56세,상해없음,승용,남,38세,경상
2019012400100428,2019년 1월 24일 18시,목요일,부산광역시 부산진구 부전동,부상신고사고,0,0,0,1,차대차 - 기타,안전운전불이행,건조,맑음,단일로 - 기타,이륜,남,18세,부상신고,화물,남,66세,상해없음
2019012400100429,2019년 1월 24일 18시,목요일,부산광역시 사상구 괘법동,경상사고,0,0,1,0,차대사람 - 횡단중,보행자보호의무위반,건조,맑음,단일로 - 기타,승용,남,41세,상해없음,보행자,여,65세,경상
2019012400100473,2019년 1월 24일 19시,목요일,부산광역시 중구 부평동4가,경상사고,0,0,2,0,차대차 - 측면충돌,안전운전불이행,건조,맑음,교차로 - 교차로안,승용,남,57세,상해없음,승용,남,58세,경상
2019012400100474,2019년 1월 24일 19시,목요일,부산광역시 사상구 학장동,중상사고,0,1,1,0,차대차 - 추돌,안전운전불이행,건조,맑음,단일로 - 기타,승용,남,44세,상해없음,승용,남,64세,중상
2019012400100502,2019년 1월 24일 20시,목요일,부산광역시 부산진구 개금동,경상사고,0,0,1,0,차대차 - 측면충돌,신호위반,건조,맑음,교차로 - 교차로안,이륜,남,23세,상해없음,승용,남,36세,경상
2019012400100534,2019년 1월 24일 21시,목요일,부산광역시 연제구 연산동,중상사고,0,1,0,0,차대사람 - 길가장자리구역통행중,안전운전불이행,건조,맑음,교차로 - 교차로안,승합,남,69세,상해없음,보행자,남,56세,중상
2019012400100535,2019년 1월 24일 21시,목요일,부산광역시 사상구 모라동,중상사고,0,1,1,0,차대사람 - 횡단중,안전운전불이행,건조,맑음,교차로 - 교차로횡단보도내,승용,남,65세,상해없음,보행자,남,58세,경상
2019012400100561,2019년 1월 24일 22시,목요일,부산광역시 서구 충무동1가,경상사고,0,0,1,0,차대사람 - 횡단중,보행자보호의무위반,건조,맑음,단일로 - 기타,승용,남,61세,상해없음,보행자,여,60세,경상
2019012400100585,2019년 1월 24일 23시,목요일,부산광역시 남구 감만동,경상사고,0,0,1,0,차대차 - 추돌,안전운전불이행,건조,맑음,단일로 - 기타,특수,남,45세,상해없음,승용,여,28세,경상
2019012400100586,2019년 1월 24일 23시,목요일,부산광역시 북구 금곡동,경상사고,0,0,1,0,차대차 - 기타,신호위반,건조,흐림,교차로 - 교차로안,승용,남,25세,상해없음,이륜,남,26세,경상
2019012500100027,2019년 1월 25일 00시,금요일,부산광역시 부산진구 양정동,경상사고,0,0,1,0,차대차 - 기타,안전거리미확보,건조,맑음,단일로 - 기타,승용,남,19세,상해없음,승합,남,58세,경상
2019012500100091,2019년 1월 25일 07시,금요일,부산광역시 동구 초량동,중상사고,0,1,3,0,차대차 - 기타,교차로운행방법위반,건조,맑음,교차로 - 교차로안,승용,남,69세,중상,승용,남,64세,경상
2019012500100137,2019년 1월 25일 09시,금요일,부산광역시 서구 서대신동2가,중상사고,0,1,0,0,차대차 - 측면충돌,교차로운행방법위반,건조,맑음,교차로 - 교차로안,이륜,남,65세,중상,승용,남,51세,상해없음
2019012500100138,2019년 1월 25일 09시,금요일,부산광역시 사하구 감천동,경상사고,0,0,1,0,차대사람 - 기타,안전운전불이행,건조,맑음,단일로 - 기타,승합,남,55세,상해없음,보행자,여,62세,경상
2019012500100163,2019년 1월 25일 10시,금요일,부산광역시 중구 보수동1가,부상신고사고,0,0,0,1,차대차 - 측면충돌,안전운전불이행,건조,흐림,교차로 - 교차로부근,이륜,남,57세,부상신고,승용,남,27세,상해없음
2019012500100164,2019년 1월 25일 10시,금요일,부산광역시 사하구 하단동,중상사고,0,1,0,0,차대차 - 측면충돌,신호위반,건조,맑음,교차로 - 교차로횡단보도내,승용,여,49세,상해없음,이륜,남,41세,중상
2019012500100165,2019년 1월 25일 10시,금요일,부산광역시 연제구 연산동,경상사고,0,0,1,0,차대차 - 측면충돌,신호위반,건조,맑음,교차로 - 교차로안,승용,남,77세,상해없음,승용,남,32세,경상
2019012500100186,2019년 1월 25일 11시,금요일,부산광역시 북구 화명동,경상사고,0,0,3,2,차대차 - 추돌,안전운전불이행,건조,맑음,단일로 - 기타,승합,남,40세,상해없음,승합,남,66세,상해없음
2019012500100187,2019년 1월 25일 11시,금요일,부산광역시 북구 만덕동,경상사고,0,0,1,0,차대차 - 기타,안전거리미확보,건조,맑음,단일로 - 기타,화물,남,56세,상해없음,승용,남,26세,경상
2019012500100241,2019년 1월 25일 13시,금요일,부산광역시 해운대구 반송동,중상사고,0,1,0,0,차대사람 - 횡단중,보행자보호의무위반,건조,맑음,단일로 - 기타,승용,남,39세,상해없음,보행자,여,59세,중상
2019012500100242,2019년 1월 25일 13시,금요일,부산광역시 연제구 연산동,경상사고,0,0,1,0,차대차 - 측면충돌,안전거리미확보,건조,맑음,단일로 - 교량,승용,남,46세,상해없음,승용,남,49세,경상
2019012500100243,2019년 1월 25일 13시,금요일,부산광역시 기장군 정관읍,중상사고,0,1,0,0,차대사람 - 기타,안전운전불이행,건조,맑음,단일로 - 기타,승용,남,70세,상해없음,보행자,여,18세,중상
2019012500100276,2019년 1월 25일 14시,금요일,부산광역시 북구 구포동,경상사고,0,0,1,0,차대사람 - 기타,안전운전불이행,건조,맑음,단일로 - 기타,승용,여,33세,상해없음,보행자,남,62세,경상
2019012500100277,2019년 1월 25일 14시,금요일,부산광역시 북구 금곡동,경상사고,0,0,1,0,차대사람 - 기타,안전운전불이행,건조,맑음,단일로 - 기타,승합,남,44세,상해없음,보행자,여,74세,경상
2019012500100278,2019년 1월 25일 14시,금요일,부산광역시 금정구 부곡동,경상사고,0,0,1,0,차대차 - 기타,안전운전불이행,건조,맑음,교차로 - 교차로부근,승용,남,27세,경상,승합,남,30세,상해없음
2019012500100353,2019년 1월 25일 16시,금요일,부산광역시 남구 용당동,중상사고,0,1,0,0,차대사람 - 기타,안전운전불이행,건조,맑음,단일로 - 기타,승용,남,50세,상해없음,보행자,여,64세,중상
2019012500100354,2019년 1월 25일 16시,금요일,부산광역시 해운대구 재송동,경상사고,0,0,1,0,차대차 - 기타,안전거리미확보,건조,맑음,단일로 - 교량,승용,여,46세,상해없음,화물,남,60세,상해없음
2019012500100355,2019년 1월 25일 16시,금요일,부산광역시 금정구 구서동,경상사고,0,0,1,0,차대사람 - 보도통행중,보행자보호의무위반,건조,맑음,교차로 - 교차로안,화물,남,70세,상해없음,보행자,남,33세,경상
2019012500100356,2019년 1월 25일 16시,금요일,부산광역시 연제구 연산동,부상신고사고,0,0,0,1,차대사람 - 길가장자리구역통행중,안전운전불이행,건조,맑음,단일로 - 기타,승용,남,54세,상해없음,보행자,남,74세,부상신고
2019012500100397,2019년 1월 25일 17시,금요일,부산광역시 동래구 온천동,경상사고,0,0,1,0,차대차 - 측면충돌,안전거리미확보,건조,맑음,단일로 - 기타,승용,여,59세,상해없음,이륜,남,40세,경상
2019012500100398,2019년 1월 25일 17시,금요일,부산광역시 금정구 금사동,중상사고,0,1,0,0,차대사람 - 기타,안전운전불이행,건조,맑음,교차로 - 교차로안,화물,남,58세,상해없음,보행자,여,60세,중상
2019012500100399,2019년 1월 25일 17시,금요일,부산광역시 연제구 연산동,경상사고,0,0,1,0,차대차 - 기타,안전운전불이행,건조,맑음,단일로 - 기타,이륜,남,53세,상해없음,승용,남,37세,경상
2019012500100440,2019년 1월 25일 18시,금요일,부산광역시 동구 초량동,경상사고,0,0,1,0,차대차 - 추돌,안전운전불이행,건조,맑음,단일로 - 기타,승용,남,31세,경상,승용,남,61세,상해없음
2019012500100441,2019년 1월 25일 18시,금요일,부산광역시 북구 구포동,경상사고,0,0,5,0,차대차 - 측면충돌,차로위반,건조,맑음,교차로 - 교차로부근,승용,남,47세,경상,승용,남,60세,경상
2019012500100442,2019년 1월 25일 18시,금요일,부산광역시 사하구 감천동,경상사고,0,0,1,0,차대차 - 기타,신호위반,건조,맑음,교차로 - 교차로안,승용,남,48세,상해없음,승용,남,35세,경상
2019012500100496,2019년 1월 25일 19시,금요일,부산광역시 동구 범일동,경상사고,0,0,1,0,차량단독 - 기타,기타,건조,맑음,단일로 - 기타,승합,남,60세,상해없음,,,,
2019012500100497,2019년 1월 25일 19시,금요일,부산광역시 사상구 주례동,경상사고,0,0,1,0,차대차 - 추돌,안전운전불이행,건조,맑음,단일로 - 기타,승용,남,27세,상해없음,승용,여,33세,경상
2019012500100531,2019년 1월 25일 20시,금요일,부산광역시 북구 금곡동,중상사고,0,1,0,0,차대차 - 측면충돌,안전운전불이행,건조,맑음,단일로 - 기타,승용,남,35세,상해없음,이륜,남,17세,중상
2019012500100532,2019년 1월 25일 20시,금요일,부산광역시 사하구 신평동,중상사고,0,1,0,0,차대차 - 기타,신호위반,건조,맑음,교차로 - 교차로안,승용,남,58세,상해없음,승합,남,66세,상해없음
2019012500100561,2019년 1월 25일 21시,금요일,부산광역시 부산진구 부전동,경상사고,0,0,1,0,차대사람 - 차도통행중,안전운전불이행,건조,맑음,단일로 - 기타,원동기,남,18세,상해없음,보행자,남,44세,경상
2019012500100562,2019년 1월 25일 21시,금요일,부산광역시 부산진구 당감동,경상사고,0,0,2,0,차대차 - 측면충돌,신호위반,건조,맑음,교차로 - 교차로안,승용,남,57세,상해없음,승용,남,54세,경상
2019012500100563,2019년 1월 25일 21시,금요일,부산광역시 기장군 정관읍,경상사고,0,0,1,0,차대차 - 측면충돌,신호위반,건조,맑음,교차로 - 교차로안,승용,여,37세,상해없음,승용,남,49세,경상
2019012500100585,2019년 1월 25일 22시,금요일,부산광역시 남구 대연동,경상사고,0,0,1,0,차대사람 - 횡단중,신호위반,건조,맑음,교차로 - 교차로횡단보도내,이륜,남,25세,상해없음,보행자,여,25세,경상
2019012500100586,2019년 1월 25일 22시,금요일,부산광역시 사상구 주례동,경상사고,0,0,1,0,차대차 - 기타,안전거리미확보,건조,맑음,단일로 - 기타,승용,남,28세,상해없음,이륜,남,25세,경상
2019012500100613,2019년 1월 25일 23시,금요일,부산광역시 남구 문현동,경상사고,0,0,1,0,차대차 - 측면충돌,안전운전불이행,건조,맑음,교차로 - 교차로횡단보도내,승용,남,24세,상해없음,이륜,남,35세,경상
2019012500100614,2019년 1월 25일 23시,금요일,부산광역시 동래구 안락동,중상사고,0,1,0,0,차대차 - 측면충돌,교차로운행방법위반,건조,맑음,교차로 - 교차로부근,승용,남,63세,상해없음,승용,남,55세,중상
2019012600100022,2019년 1월 26일 00시,토요일,부산광역시 북구 구포동,중상사고,0,1,0,0,차대사람 - 기타,안전운전불이행,건조,맑음,단일로 - 기타,승용,남,54세,상해없음,보행자,남,63세,중상
2019012600100059,2019년 1월 26일 02시,토요일,부산광역시 동래구 온천동,경상사고,0,0,2,0,차대차 - 기타,안전운전불이행,건조,맑음,교차로 - 교차로안,승용,남,25세,상해없음,승용,남,45세,경상
2019012600100060,2019년 1월 26일 02시,토요일,부산광역시 기장군 기장읍,부상신고사고,0,0,0,4,차대차 - 측면충돌,차로위반,건조,맑음,단일로 - 기타,승용,여,18세,상해없음,승용,여,27세,부상신고
2019012600100118,2019년 1월 26일 08시,토요일,부산광역시 해운대구 반송동,사망사고,1,0,0,0,차량단독 - 전도전복 - 전복,안전운전불이행,기타,맑음,단일로 - 기타,이륜,남,66세,사망,,,,
2019012600100119,2019년 1월 26일 08시,토요일,부산광역시 사하구 하단동,경상사고,0,0,3,0,차대차 - 추돌,안전운전불이행,건조,맑음,교차로 - 교차로부근,승용,남,25세,상해없음,승용,여,40세,경상
2019012600100120,2019년 1월 26일 08시,토요일,부산광역시 강서구 범방동,중상사고,0,1,0,0,차대차 - 정면충돌,중앙선침범,건조,맑음,단일로 - 기타,승용,남,29세,상해없음,승용,남,54세,중상
2019012600100150,2019년 1월 26일 10시,토요일,부산광역시 서구 암남동,경상사고,0,0,2,0,차대차 - 추돌,안전거리미확보,건조,맑음,교차로 - 교차로안,화물,남,59세,상해없음,승용,남,67세,경상
2019012600100151,2019년 1월 26일 10시,토요일,부산광역시 영도구 신선동1가,중상사고,0,1,0,0,차대사람 - 길가장자리구역통행중,안전운전불이행,건조,맑음,단일로 - 기타,승용,남,58세,상해없음,보행자,여,89세,중상
2019012600100152,2019년 1월 26일 10시,토요일,부산광역시 부산진구 부전동,중상사고,0,1,0,0,차대차 - 기타,교차로운행방법위반,건조,맑음,교차로 - 교차로안,승용,남,46세,상해없음,이륜,남,59세,중상
2019012600100176,2019년 1월 26일 11시,토요일,부산광역시 연제구 연산동,경상사고,0,0,1,0,차대차 - 측면충돌,안전운전불이행,건조,맑음,단일로 - 기타,승용,여,41세,상해없음,승용,여,45세,경상
2019012600100219,2019년 1월 26일 12시,토요일,부산광역시 남구 문현동,중상사고,0,1,3,0,차대차 - 기타,안전운전불이행,건조,맑음,교차로 - 교차로안,승용,남,57세,상해없음,승용,여,34세,경상
2019012600100220,2019년 1월 26일 12시,토요일,부산광역시 남구 문현동,경상사고,0,0,1,0,차대차 - 측면충돌,신호위반,건조,맑음,교차로 - 교차로안,승용,남,81세,상해없음,승용,남,60세,경상
2019012600100221,2019년 1월 26일 12시,토요일,부산광역시 부산진구 부전동,경상사고,0,0,1,0,차대차 - 기타,기타,건조,맑음,단일로 - 기타,승용,남,56세,상해없음,이륜,남,26세,경상
2019012600100249,2019년 1월 26일 13시,토요일,부산광역시 동래구 명륜동,경상사고,0,0,1,0,차대차 - 추돌,안전거리미확보,건조,맑음,교차로 - 교차로안,승용,남,36세,상해없음,승용,여,52세,경상
2019012600100250,2019년 1월 26일 13시,토요일,부산광역시 해운대구 반여동,경상사고,0,0,2,4,차대차 - 추돌,안전운전불이행,건조,맑음,교차로 - 교차로안,승용,남,23세,상해없음,승용,여,59세,상해없음
2019012600100251,2019년 1월 26일 13시,토요일,부산광역시 부산진구 부전동,경상사고,0,0,1,0,차대차 - 기타,차로위반,건조,맑음,단일로 - 기타,승합,남,57세,상해없음,승용,여,26세,경상
2019012600100252,2019년 1월 26일 13시,토요일,부산광역시 사하구 하단동,경상사고,0,0,2,0,차대차 - 추돌,안전운전불이행,건조,맑음,단일로 - 기타,승용,남,65세,상해없음,승용,남,19세,경상
2019012600100253,2019년 1월 26일 13시,토요일,부산광역시 사상구 주례동,중상사고,0,1,0,0,차대사람 - 기타,안전운전불이행,건조,맑음,단일로 - 기타,화물,남,57세,상해없음,보행자,남,59세,중상
2019012600100287,2019년 1월 26일 14시,토요일,부산광역시 사하구 다대동,경상사고,0,0,1,0,차대차 - 추돌,안전운전불이행,건조,맑음,교차로 - 교차로안,승용,남,79세,상해없음,승용,여,46세,경상
2019012600100288,2019년 1월 26일 14시,토요일,부산광역시 연제구 연산동,경상사고,0,0,1,0,차대차 - 측면충돌,안전운전불이행,건조,맑음,교차로 - 교차로안,승용,남,37세,상해없음,화물,남,42세,경상
2019012600100325,2019년 1월 26일 15시,토요일,부산광역시 해운대구 우동,중상사고,0,1,0,0,차대차 - 기타,안전거리미확보,건조,맑음,단일로 - 기타,승용,남,40세,상해없음,이륜,남,29세,중상
2019012600100354,2019년 1월 26일 16시,토요일,부산광역시 부산진구 범천동,중상사고,0,1,0,0,차대차 - 기타,기타,건조,맑음,단일로 - 기타,승용,남,68세,상해없음,이륜,남,29세,중상
2019012600100355,2019년 1월 26일 16시,토요일,부산광역시 부산진구 부전동,경상사고,0,0,1,0,차대차 - 기타,신호위반,건조,맑음,교차로 - 교차로안,승용,남,24세,상해없음,이륜,남,40세,경상
2019012600100392,2019년 1월 26일 17시,토요일,부산광역시 북구 구포동,중상사고,0,1,1,0,차대차 - 기타,신호위반,건조,맑음,교차로 - 교차로부근,이륜,남,39세,중상,승용,여,39세,경상
2019012600100393,2019년 1월 26일 17시,토요일,부산광역시 북구 덕천동,경상사고,0,0,1,0,차대차 - 측면충돌,안전운전불이행,건조,맑음,단일로 - 기타,승합,남,39세,상해없음,승용,남,51세,경상
2019012600100394,2019년 1월 26일 17시,토요일,부산광역시 부산진구 가야동,경상사고,0,0,1,0,차대차 - 기타,교차로운행방법위반,건조,맑음,교차로 - 교차로안,승용,남,36세,상해없음,이륜,남,21세,경상
2019012600100462,2019년 1월 26일 19시,토요일,부산광역시 해운대구 우동,중상사고,0,1,1,0,차량단독 - 전도전복 - 전복,안전운전불이행,건조,맑음,기타 - 기타,이륜,남,32세,경상,,,,
2019012600100463,2019년 1월 26일 19시,토요일,부산광역시 부산진구 부암동,부상신고사고,0,0,0,1,차대차 - 기타,신호위반,건조,맑음,교차로 - 교차로안,이륜,남,56세,부상신고,승용,남,62세,상해없음
2019012600100464,2019년 1월 26일 19시,토요일,부산광역시 금정구 금사동,부상신고사고,0,0,0,1,차대사람 - 기타,안전운전불이행,건조,맑음,교차로 - 교차로부근,승용,여,61세,상해없음,보행자,남,13세,부상신고
2019012600100465,2019년 1월 26일 19시,토요일,부산광역시 사상구 감전동,중상사고,0,1,0,0,차대차 - 측면충돌,안전거리미확보,건조,맑음,단일로 - 기타,승용,남,37세,상해없음,이륜,남,21세,중상
2019012600100528,2019년 1월 26일 21시,토요일,부산광역시 북구 덕천동,경상사고,0,0,1,0,차대차 - 추돌,안전운전불이행,건조,맑음,단일로 - 기타,승용,여,48세,상해없음,승용,남,48세,경상
2019012600100529,2019년 1월 26일 21시,토요일,부산광역시 동래구 명장동,경상사고,0,0,1,0,차대차 - 측면충돌,안전운전불이행,건조,맑음,교차로 - 교차로안,승용,여,39세,상해없음,이륜,남,20세,경상
2019012600100530,2019년 1월 26일 21시,토요일,부산광역시 사하구 장림동,중상사고,0,1,0,0,차대차 - 기타,신호위반,건조,맑음,교차로 - 교차로안,이륜,남,53세,중상,승용,남,62세,상해없음
2019012600100531,2019년 1월 26일 21시,토요일,부산광역시 연제구 거제동,중상사고,0,1,2,0,차대차 - 추돌,안전거리미확보,건조,맑음,단일로 - 기타,승용,남,58세,상해없음,승용,여,60세,경상
2019012600100532,2019년 1월 26일 21시,토요일,부산광역시 기장군 철마면,중상사고,0,1,0,0,차대사람 - 기타,안전운전불이행,건조,맑음,단일로 - 기타,승용,남,47세,상해없음,보행자,남,52세,중상
2019012600100561,2019년 1월 26일 22시,토요일,부산광역시 동구 수정동,경상사고,0,0,1,0,차대사람 - 기타,안전운전불이행,건조,맑음,단일로 - 기타,승합,남,48세,상해없음,보행자,남,49세,경상
2019012600100584,2019년 1월 26일 23시,토요일,부산광역시 부산진구 당감동,중상사고,0,1,0,0,차대사람 - 차도통행중,안전운전불이행,건조,맑음,교차로 - 교차로안,화물,남,45세,상해없음,보행자,여,27세,중상
2019012700100021,2019년 1월 27일 00시,일요일,부산광역시 동구 초량동,경상사고,0,0,1,0,차대사람 - 기타,안전운전불이행,건조,맑음,단일로 - 기타,승용,남,30세,상해없음,보행자,남,57세,경상
2019012700100032,2019년 1월 27일 01시,일요일,부산광역시 연제구 연산동,중상사고,0,1,4,0,차대차 - 측면충돌,안전거리미확보,건조,맑음,단일로 - 기타,승용,남,43세,상해없음,승용,남,63세,중상
2019012700100041,2019년 1월 27일 02시,일요일,부산광역시 연제구 연산동,경상사고,0,0,1,0,차대차 - 기타,교차로운행방법위반,건조,맑음,교차로 - 교차로안,승용,남,58세,상해없음,승용,남,53세,상해없음
2019012700100053,2019년 1월 27일 03시,일요일,부산광역시 남구 대연동,경상사고,0,0,1,0,차대차 - 추돌,안전운전불이행,건조,맑음,단일로 - 기타,승용,남,30세,상해없음,화물,남,63세,경상
2019012700100059,2019년 1월 27일 04시,일요일,부산광역시 연제구 거제동,중상사고,0,1,0,0,차량단독 - 공작물충돌,안전운전불이행,건조,맑음,단일로 - 기타,승용,남,42세,상해없음,,,,
2019012700100065,2019년 1월 27일 05시,일요일,부산광역시 사상구 주례동,경상사고,0,0,1,0,차대차 - 기타,신호위반,건조,맑음,교차로 - 교차로안,승용,남,74세,상해없음,승용,남,51세,상해없음
2019012700100093,2019년 1월 27일 09시,일요일,부산광역시 해운대구 우동,경상사고,0,0,3,0,차대차 - 기타,기타,건조,맑음,교차로 - 교차로안,화물,남,51세,경상,승용,남,62세,경상
2019012700100112,2019년 1월 27일 10시,일요일,부산광역시 사하구 하단동,경상사고,0,0,1,0,차대사람 - 횡단중,신호위반,건조,맑음,단일로 - 기타,승용,여,63세,상해없음,보행자,남,19세,경상
2019012700100113,2019년 1월 27일 10시,일요일,부산광역시 강서구 대저1동,경상사고,0,0,1,0,차대차 - 측면충돌,신호위반,건조,맑음,교차로 - 교차로부근,승용,남,47세,상해없음,승용,남,26세,경상
2019012700100124,2019년 1월 27일 11시,일요일,부산광역시 연제구 연산동,중상사고,0,1,0,0,차대사람 - 횡단중,보행자보호의무위반,건조,맑음,교차로 - 교차로부근,승용,남,68세,상해없음,보행자,여,65세,중상
2019012700100144,2019년 1월 27일 12시,일요일,부산광역시 사하구 당리동,경상사고,0,0,1,0,차대차 - 기타,차로위반,건조,맑음,단일로 - 기타,승용,남,78세,상해없음,이륜,남,26세,경상
2019012700100172,2019년 1월 27일 13시,일요일,부산광역시 동구 초량동,중상사고,0,1,0,0,차대사람 - 보도통행중,보행자보호의무위반,건조,맑음,교차로 - 교차로횡단보도내,승용,여,31세,상해없음,보행자,여,80세,중상
2019012700100173,2019년 1월 27일 13시,일요일,부산광역시 동구 좌천동,경상사고,0,0,1,0,차대차 - 기타,안전거리미확보,건조,맑음,교차로 - 교차로안,승용,남,43세,상해없음,승용,남,34세,경상
2019012700100199,2019년 1월 27일 14시,일요일,부산광역시 동래구 안락동,경상사고,0,0,1,0,차대차 - 추돌,안전운전불이행,건조,맑음,교차로 - 교차로부근,승용,남,68세,상해없음,승용,남,81세,상해없음
2019012700100254,2019년 1월 27일 16시,일요일,부산광역시 남구 용호동,경상사고,0,0,1,0,차대사람 - 차도통행중,안전운전불이행,건조,맑음,교차로 - 교차로안,승용,여,61세,상해없음,보행자,여,22세,경상
2019012700100255,2019년 1월 27일 16시,일요일,부산광역시 북구 만덕동,경상사고,0,0,1,0,차대차 - 기타,안전운전불이행,건조,맑음,단일로 - 기타,승용,남,42세,상해없음,이륜,남,58세,경상
2019012700100256,2019년 1월 27일 16시,일요일,부산광역시 동래구 온천동,경상사고,0,0,1,0,차대사람 - 기타,기타,건조,맑음,단일로 - 기타,승용,남,60세,상해없음,보행자,남,77세,경상
2019012700100299,2019년 1월 27일 18시,일요일,부산광역시 동구 범일동,경상사고,0,0,4,0,차대차 - 추돌,안전운전불이행,건조,맑음,기타 - 기타,승용,여,47세,상해없음,승용,남,64세,경상
2019012700100300,2019년 1월 27일 18시,일요일,부산광역시 강서구 신호동,경상사고,0,0,1,0,차대차 - 기타,중앙선침범,건조,맑음,단일로 - 기타,승용,남,26세,상해없음,건설기계,남,41세,기타불명
2019012700100326,2019년 1월 27일 19시,일요일,부산광역시 부산진구 부전동,중상사고,0,1,0,0,차대차 - 측면충돌,안전운전불이행,건조,맑음,교차로 - 교차로안,이륜,남,22세,중상,승용,남,53세,상해없음
2019012700100352,2019년 1월 27일 20시,일요일,부산광역시 해운대구 송정동,부상신고사고,0,0,0,1,차대차 - 측면충돌,기타,건조,맑음,교차로 - 교차로안,자전거,남,74세,부상신고,승용,남,42세,상해없음
2019012700100390,2019년 1월 27일 22시,일요일,부산광역시 동구 초량동,경상사고,0,0,2,0,차대차 - 후진중충돌,안전운전불이행,건조,맑음,교차로 - 교차로부근,승용,남,66세,상해없음,승용,남,35세,경상
2019012700100402,2019년 1월 27일 23시,일요일,부산광역시 연제구 연산동,경상사고,0,0,1,0,차대차 - 측면충돌,불법유턴,건조,맑음,교차로 - 교차로안,이륜,남,33세,상해없음,승용,남,25세,경상
2019012800100031,2019년 1월 28일 01시,월요일,부산광역시 수영구 남천동,경상사고,0,0,1,0,차대차 - 추돌,안전운전불이행,건조,맑음,기타 - 기타,승용,여,34세,상해없음,승용,남,48세,경상
2019012800100032,2019년 1월 28일 01시,월요일,부산광역시 영도구 영선동1가,경상사고,0,0,2,0,차대차 - 추돌,안전거리미확보,건조,맑음,교차로 - 교차로안,승용,남,67세,상해없음,승용,여,57세,경상
2019012800100043,2019년 1월 28일 03시,월요일,부산광역시 남구 문현동,경상사고,0,0,3,0,차대차 - 추돌,안전운전불이행,건조,맑음,교차로 - 교차로부근,승용,남,66세,상해없음,승용,남,66세,경상
2019012800100066,2019년 1월 28일 06시,월요일,부산광역시 부산진구 개금동,경상사고,0,0,1,0,차대사람 - 횡단중,안전운전불이행,건조,맑음,교차로 - 교차로안,승용,여,35세,상해없음,보행자,여,34세,경상
2019012800100067,2019년 1월 28일 06시,월요일,부산광역시 사하구 괴정동,중상사고,0,2,0,0,차대사람 - 횡단중,안전운전불이행,건조,맑음,단일로 - 기타,이륜,남,38세,중상,보행자,여,56세,중상
2019012800100104,2019년 1월 28일 07시,월요일,부산광역시 사하구 장림동,중상사고,0,1,0,0,차대사람 - 기타,안전운전불이행,건조,맑음,단일로 - 기타,승합,남,71세,상해없음,보행자,여,61세,중상
2019012800100190,2019년 1월 28일 09시,월요일,부산광역시 강서구 강동동,중상사고,0,1,0,0,차대사람 - 횡단중,보행자보호의무위반,건조,맑음,교차로 - 교차로횡단보도내,화물,남,41세,상해없음,보행자,여,77세,중상
2019012800100191,2019년 1월 28일 09시,월요일,부산광역시 사상구 주례동,중상사고,0,1,2,0,차대차 - 측면충돌,신호위반,건조,맑음,교차로 - 교차로부근,승용,여,51세,경상,승용,남,58세,경상
2019012800100287,2019년 1월 28일 11시,월요일,부산광역시 사상구 주례동,경상사고,0,0,1,0,차대차 - 측면충돌,안전운전불이행,건조,맑음,단일로 - 기타,이륜,남,18세,경상,승용,남,76세,상해없음
2019012800100315,2019년 1월 28일 12시,월요일,부산광역시 남구 용호동,경상사고,0,0,2,1,차대차 - 측면충돌,안전거리미확보,건조,맑음,교차로 - 교차로부근,승용,여,46세,부상신고,승합,남,46세,경상
2019012800100351,2019년 1월 28일 13시,월요일,부산광역시 서구 암남동,부상신고사고,0,0,0,1,차량단독 - 기타,중앙선침범,건조,맑음,단일로 - 기타,이륜,남,16세,부상신고,,,,
2019012800100382,2019년 1월 28일 14시,월요일,부산광역시 북구 화명동,부상신고사고,0,0,0,1,차대사람 - 기타,안전운전불이행,건조,맑음,단일로 - 기타,승합,남,46세,상해없음,보행자,여,77세,부상신고
2019012800100383,2019년 1월 28일 14시,월요일,부산광역시 해운대구 우동,중상사고,0,2,0,0,차대차 - 기타,신호위반,건조,맑음,교차로 - 교차로부근,승용,여,62세,중상,승용,남,63세,중상