사고번호,사고일시,요일,시군구,사고내용,사망자수,중상자수,경상자수,부상신고자수,사고유형,법규위반,노면상태,기상상태,도로형태,가해운전자 차종,가해운전자 성별,가해운전자 연령,가해운전자 상해정도,피해운전자 차종,피해운전자 성별,피해운전자 연령,피해운전자 상해정도
2019021600100038,2019년 2월 16일 01시,토요일,부산광역시 사상구 괘법동,부상신고사고,0,0,0,1,차대차 - 기타,중앙선침범,건조,맑음,단일로 - 기타,승용,여,24세,상해없음,승용,남,68세,부상신고
2019021600100051,2019년 2월 16일 02시,토요일,부산광역시 중구 부평동4가,경상사고,0,0,2,0,차대차 - 측면충돌,신호위반,건조,맑음,교차로 - 교차로안,승용,남,59세,상해없음,승용,남,46세,경상
2019021600100052,2019년 2월 16일 02시,토요일,부산광역시 영도구 남항동1가,부상신고사고,0,0,0,1,차량단독 - 전도전복 - 전도,안전운전불이행,건조,맑음,단일로 - 기타,이륜,남,59세,부상신고,,,,
2019021600100085,2019년 2월 16일 06시,토요일,부산광역시 부산진구 범천동,경상사고,0,0,1,0,차대사람 - 횡단중,보행자보호의무위반,건조,맑음,단일로 - 기타,승용,남,26세,상해없음,보행자,여,67세,경상
2019021600100113,2019년 2월 16일 08시,토요일,부산광역시 부산진구 부전동,경상사고,0,0,1,0,차대차 - 기타,안전운전불이행,건조,맑음,교차로 - 교차로안,승용,남,33세,상해없음,승용,남,58세,경상
2019021600100136,2019년 2월 16일 09시,토요일,부산광역시 북구 화명동,경상사고,0,0,3,0,차대차 - 추돌,안전운전불이행,건조,맑음,단일로 - 기타,이륜,남,50세,상해없음,승용,남,59세,경상
2019021600100137,2019년 2월 16일 09시,토요일,부산광역시 영도구 영선동2가,경상사고,0,0,2,0,차대차 - 측면충돌,안전운전불이행,건조,맑음,교차로 - 교차로안,화물,남,28세,상해없음,승용,여,34세,경상
2019021600100155,2019년 2월 16일 10시,토요일,부산광역시 기장군 정관읍,중상사고,0,1,0,0,차대사람 - 기타,안전운전불이행,건조,맑음,단일로 - 기타,승합,남,57세,상해없음,보행자,남,78세,중상
2019021600100185,2019년 2월 16일 11시,토요일,부산광역시 동래구 온천동,중상사고,0,1,0,0,차대사람 - 횡단중,신호위반,건조,맑음,단일로 - 기타,원동기,남,23세,상해없음,보행자,여,58세,중상
2019021600100208,2019년 2월 16일 12시,토요일,부산광역시 남구 대연동,경상사고,0,0,1,0,차대차 - 추돌,안전운전불이행,건조,맑음,단일로 - 기타,승용,남,42세,상해없음,승용,남,40세,경상
2019021600100209,2019년 2월 16일 12시,토요일,부산광역시 부산진구 초읍동,경상사고,0,0,1,0,차대차 - 측면충돌,안전거리미확보,건조,맑음,단일로 - 기타,이륜,남,37세,상해없음,이륜,남,60세,경상
2019021600100210,2019년 2월 16일 12시,토요일,부산광역시 금정구 부곡동,중상사고,0,1,0,0,차대사람 - 횡단중,안전운전불이행,건조,맑음,교차로 - 교차로안,승용,남,32세,상해없음,보행자,남,64세,중상
2019021600100211,2019년 2월 16일 12시,토요일,부산광역시 사하구 괴정동,중상사고,0,3,0,0,차대차 - 추돌,과속,건조,맑음,단일로 - 지하차도(도로)내,승용,남,33세,중상,승용,남,51세,기타불명
2019021600100212,2019년 2월 16일 12시,토요일,부산광역시 연제구 연산동,경상사고,0,0,1,0,차대차 - 기타,차로위반,건조,맑음,단일로 - 기타,승용,여,57세,상해없음,승용,여,30세,경상
2019021600100240,2019년 2월 16일 13시,토요일,부산광역시 남구 문현동,중상사고,0,1,0,0,차대사람 - 횡단중,안전운전불이행,건조,맑음,교차로 - 교차로횡단보도내,화물,남,35세,상해없음,보행자,남,11세,중상
2019021600100241,2019년 2월 16일 13시,토요일,부산광역시 동래구 온천동,중상사고,0,1,2,0,차대차 - 추돌,안전거리미확보,건조,맑음,단일로 - 터널,승용,여,58세,상해없음,승용,남,34세,경상
2019021600100242,2019년 2월 16일 13시,토요일,부산광역시 부산진구 부전동,중상사고,0,4,2,0,차대차 - 측면충돌,안전운전불이행,건조,맑음,교차로 - 교차로부근,승용,남,69세,상해없음,승용,남,71세,중상
2019021600100243,2019년 2월 16일 13시,토요일,부산광역시 사하구 괴정동,경상사고,0,0,1,0,차대차 - 측면충돌,신호위반,건조,맑음,교차로 - 교차로안,승용,남,61세,상해없음,승용,남,49세,경상
2019021600100286,2019년 2월 16일 14시,토요일,부산광역시 북구 구포동,부상신고사고,0,0,0,1,차대차 - 기타,안전운전불이행,건조,맑음,교차로 - 교차로부근,승용,남,55세,부상신고,승용,남,51세,상해없음
2019021600100311,2019년 2월 16일 15시,토요일,부산광역시 동래구 온천동,경상사고,0,0,1,0,차대사람 - 보도통행중,안전운전불이행,건조,맑음,기타 - 기타,승용,남,62세,상해없음,보행자,남,80세,경상
2019021600100312,2019년 2월 16일 15시,토요일,부산광역시 강서구 대저1동,중상사고,0,4,0,0,차대차 - 추돌,안전운전불이행,건조,맑음,교차로 - 교차로부근,승용,남,70세,상해없음,승용,남,41세,중상
2019021600100313,2019년 2월 16일 15시,토요일,부산광역시 기장군 기장읍,경상사고,0,0,1,0,차대차 - 측면충돌,교차로운행방법위반,건조,맑음,교차로 - 교차로안,자전거,남,17세,경상,승용,남,46세,상해없음
2019021600100366,2019년 2월 16일 16시,토요일,부산광역시 강서구 대저2동,중상사고,0,2,2,0,차대차 - 추돌,안전운전불이행,건조,맑음,단일로 - 기타,승용,남,53세,상해없음,승용,남,49세,중상
2019021600100399,2019년 2월 16일 17시,토요일,부산광역시 중구 중앙동2가,경상사고,0,0,1,0,차대사람 - 기타,안전운전불이행,건조,맑음,단일로 - 기타,승용,여,56세,상해없음,보행자,남,18세,경상
2019021600100400,2019년 2월 16일 17시,토요일,부산광역시 동래구 사직동,경상사고,0,0,1,0,차대차 - 측면충돌,안전운전불이행,건조,맑음,단일로 - 기타,승용,여,46세,상해없음,승용,남,61세,경상
2019021600100401,2019년 2월 16일 17시,토요일,부산광역시 부산진구 개금동,경상사고,0,0,1,0,차대차 - 기타,불법유턴,건조,맑음,단일로 - 기타,승용,남,72세,상해없음,이륜,남,26세,경상
2019021600100402,2019년 2월 16일 17시,토요일,부산광역시 사하구 다대동,중상사고,0,1,2,0,차대차 - 측면충돌,신호위반,건조,맑음,교차로 - 교차로안,승용,여,35세,상해없음,승용,남,54세,중상
2019021600100443,2019년 2월 16일 18시,토요일,부산광역시 동래구 낙민동,경상사고,0,0,1,0,차대차 - 측면충돌,안전운전불이행,건조,맑음,단일로 - 기타,승용,남,36세,상해없음,승용,남,65세,경상
2019021600100444,2019년 2월 16일 18시,토요일,부산광역시 영도구 영선동2가,경상사고,0,0,1,0,차대사람 - 길가장자리구역통행중,안전운전불이행,건조,맑음,단일로 - 기타,승용,남,34세,상해없음,보행자,남,76세,경상
2019021600100445,2019년 2월 16일 18시,토요일,부산광역시 금정구 금사동,경상사고,0,0,3,0,차대차 - 측면충돌,신호위반,건조,맑음,교차로 - 교차로안,승용,남,25세,상해없음,승용,남,26세,경상
2019021600100481,2019년 2월 16일 19시,토요일,부산광역시 남구 문현동,중상사고,0,1,0,0,차대사람 - 횡단중,안전운전불이행,건조,맑음,교차로 - 교차로안,승용,남,66세,상해없음,보행자,여,18세,중상
2019021600100482,2019년 2월 16일 19시,토요일,부산광역시 동래구 안락동,경상사고,0,0,1,0,차대사람 - 기타,안전운전불이행,건조,맑음,교차로 - 교차로부근,승용,남,30세,상해없음,보행자,남,44세,경상
2019021600100519,2019년 2월 16일 20시,토요일,부산광역시 서구 아미동1가,경상사고,0,0,1,0,차대차 - 측면충돌,차로위반,건조,맑음,단일로 - 기타,이륜,남,17세,상해없음,이륜,남,40세,경상
2019021600100520,2019년 2월 16일 20시,토요일,부산광역시 수영구 광안동,경상사고,0,0,1,0,차대차 - 측면충돌,안전거리미확보,건조,맑음,단일로 - 기타,화물,남,61세,상해없음,승합,남,52세,상해없음
2019021600100552,2019년 2월 16일 21시,토요일,부산광역시 수영구 광안동,경상사고,0,0,1,0,차대차 - 측면충돌,안전운전불이행,건조,맑음,단일로 - 기타,승용,남,45세,상해없음,승용,남,47세,경상
2019021600100581,2019년 2월 16일 22시,토요일,부산광역시 금정구 부곡동,경상사고,0,0,1,0,차대차 - 측면충돌,안전운전불이행,건조,맑음,단일로 - 기타,화물,남,49세,상해없음,승용,남,68세,경상
2019021600100582,2019년 2월 16일 22시,토요일,부산광역시 강서구 명지동,경상사고,0,0,2,0,차대차 - 측면충돌,안전운전불이행,건조,맑음,교차로 - 교차로안,승용,남,34세,상해없음,승용,여,42세,경상
2019021600100600,2019년 2월 16일 23시,토요일,부산광역시 금정구 장전동,경상사고,0,0,1,0,차대차 - 측면충돌,안전운전불이행,건조,맑음,교차로 - 교차로부근,이륜,남,17세,경상,승용,여,42세,상해없음
2019021700100029,2019년 2월 17일 00시,일요일,부산광역시 북구 만덕동,경상사고,0,0,2,0,차대사람 - 횡단중,보행자보호의무위반,건조,맑음,교차로 - 교차로횡단보도내,승용,남,34세,상해없음,보행자,남,32세,경상
2019021700100030,2019년 2월 17일 00시,일요일,부산광역시 동래구 명륜동,부상신고사고,0,0,0,1,차량단독 - 기타,기타,건조,맑음,단일로 - 기타,승합,남,49세,상해없음,,,,
2019021700100031,2019년 2월 17일 00시,일요일,부산광역시 해운대구 우동,부상신고사고,0,0,0,2,차대차 - 측면충돌,안전운전불이행,건조,맑음,교차로 - 교차로부근,승용,남,56세,상해없음,승용,남,45세,부상신고
2019021700100032,2019년 2월 17일 00시,일요일,부산광역시 부산진구 개금동,중상사고,0,1,1,0,차대차 - 측면충돌,신호위반,건조,맑음,교차로 - 교차로안,승용,남,60세,상해없음,화물,남,56세,중상
2019021700100050,2019년 2월 17일 01시,일요일,부산광역시 해운대구 좌동,사망사고,1,1,1,0,차대차 - 기타,중앙선침범,건조,맑음,교차로 - 교차로부근,승용,여,43세,중상,승용,남,70세,경상
2019021700100051,2019년 2월 17일 01시,일요일,부산광역시 부산진구 부전동,경상사고,0,0,1,0,차대차 - 측면충돌,안전거리미확보,건조,맑음,단일로 - 기타,승용,남,71세,상해없음,이륜,남,24세,경상
2019021700100067,2019년 2월 17일 02시,일요일,부산광역시 부산진구 부전동,중상사고,0,1,0,0,차대차 - 기타,안전운전불이행,건조,맑음,단일로 - 기타,원동기,남,17세,상해없음,승용,남,26세,중상
2019021700100084,2019년 2월 17일 03시,일요일,부산광역시 동래구 온천동,부상신고사고,0,0,0,1,차대차 - 추돌,안전거리미확보,건조,맑음,단일로 - 기타,승용,남,35세,상해없음,승용,남,68세,상해없음
2019021700100131,2019년 2월 17일 09시,일요일,부산광역시 수영구 광안동,중상사고,0,1,0,0,차대사람 - 횡단중,안전운전불이행,건조,맑음,교차로 - 교차로안,승용,남,54세,상해없음,보행자,여,80세,중상
2019021700100132,2019년 2월 17일 09시,일요일,부산광역시 수영구 광안동,경상사고,0,0,1,0,차대차 - 측면충돌,안전운전불이행,건조,맑음,단일로 - 기타,기타불명,기타불명,미분류,기타불명,승용,여,44세,상해없음
2019021700100148,2019년 2월 17일 10시,일요일,부산광역시 수영구 광안동,경상사고,0,0,1,0,차대사람 - 횡단중,안전운전불이행,건조,맑음,단일로 - 기타,승용,남,37세,상해없음,보행자,남,28세,경상
2019021700100166,2019년 2월 17일 11시,일요일,부산광역시 남구 문현동,경상사고,0,0,1,0,차대차 - 측면충돌,신호위반,건조,맑음,교차로 - 교차로안,승용,여,29세,상해없음,승용,남,74세,경상
2019021700100167,2019년 2월 17일 11시,일요일,부산광역시 남구 대연동,경상사고,0,0,1,0,차대차 - 측면충돌,신호위반,건조,맑음,교차로 - 교차로안,승용,남,36세,상해없음,자전거,남,44세,경상
2019021700100168,2019년 2월 17일 11시,일요일,부산광역시 해운대구 반여동,경상사고,0,0,4,0,차대차 - 기타,안전운전불이행,기타,맑음,단일로 - 기타,화물,남,57세,상해없음,승합,남,62세,경상
2019021700100169,2019년 2월 17일 11시,일요일,부산광역시 기장군 철마면,경상사고,0,0,1,0,차대차 - 측면충돌,안전운전불이행,건조,맑음,단일로 - 기타,승용,남,70세,상해없음,승용,여,56세,경상
2019021700100191,2019년 2월 17일 12시,일요일,부산광역시 사하구 하단동,경상사고,0,0,2,0,차대차 - 측면충돌,신호위반,건조,맑음,교차로 - 교차로안,승용,여,33세,상해없음,승용,남,35세,경상
2019021700100192,2019년 2월 17일 12시,일요일,부산광역시 연제구 거제동,경상사고,0,0,1,0,차대사람 - 기타,안전운전불이행,건조,맑음,단일로 - 기타,승용,남,69세,상해없음,보행자,여,18세,경상
2019021700100209,2019년 2월 17일 13시,일요일,부산광역시 서구 서대신동1가,경상사고,0,0,1,0,차대차 - 기타,안전운전불이행,건조,맑음,교차로 - 교차로안,승용,남,54세,상해없음,승합,남,57세,상해없음
2019021700100210,2019년 2월 17일 13시,일요일,부산광역시 연제구 연산동,중상사고,0,1,0,0,차대차 - 기타,신호위반,건조,맑음,교차로 - 교차로안,이륜,남,36세,상해없음,이륜,남,33세,중상
2019021700100257,2019년 2월 17일 15시,일요일,부산광역시 영도구 청학동,중상사고,0,1,1,0,차대차 - 기타,안전운전불이행,건조,맑음,교차로 - 교차로부근,승용,남,35세,상해없음,승용,남,33세,중상
2019021700100258,2019년 2월 17일 15시,일요일,부산광역시 해운대구 반여동,부상신고사고,0,0,0,1,차대차 - 추돌,안전운전불이행,건조,맑음,단일로 - 기타,승용,여,41세,상해없음,이륜,남,37세,부상신고
2019021700100286,2019년 2월 17일 16시,일요일,부산광역시 강서구 대저2동,중상사고,0,1,0,0,차대차 - 추돌,안전거리미확보,건조,맑음,교차로 - 교차로부근,화물,남,57세,상해없음,승용,여,44세,중상
2019021700100310,2019년 2월 17일 17시,일요일,부산광역시 연제구 거제동,경상사고,0,0,2,0,차대차 - 정면충돌,안전거리미확보,건조,맑음,단일로 - 기타,승용,여,32세,상해없음,승용,여,46세,경상
2019021700100340,2019년 2월 17일 18시,일요일,부산광역시 중구 남포동5가,경상사고,0,0,3,0,차대차 - 측면충돌,안전운전불이행,건조,맑음,단일로 - 기타,승용,남,65세,상해없음,승용,남,43세,경상
2019021700100341,2019년 2월 17일 18시,일요일,부산광역시 남구 우암동,중상사고,0,1,0,0,차대사람 - 횡단중,안전운전불이행,건조,맑음,교차로 - 교차로안,승용,남,38세,상해없음,보행자,남,68세,중상
2019021700100342,2019년 2월 17일 18시,일요일,부산광역시 연제구 연산동,중상사고,0,1,0,0,차대사람 - 횡단중,보행자보호의무위반,건조,맑음,단일로 - 기타,승용,남,61세,상해없음,보행자,남,61세,중상
2019021700100377,2019년 2월 17일 19시,일요일,부산광역시 서구 부민동2가,부상신고사고,0,0,0,1,차량단독 - 기타,안전운전불이행,건조,맑음,교차로 - 교차로부근,승합,남,42세,상해없음,,,,
2019021700100378,2019년 2월 17일 19시,일요일,부산광역시 부산진구 당감동,경상사고,0,0,1,0,차대차 - 측면충돌,중앙선침범,건조,맑음,단일로 - 기타,승용,남,56세,상해없음,승용,여,53세,경상
2019021700100379,2019년 2월 17일 19시,일요일,부산광역시 사상구 주례동,경상사고,0,0,3,0,차대차 - 측면충돌,직진우회전진행방해,건조,맑음,교차로 - 교차로안,승용,여,50세,경상,승용,남,49세,경상
2019021700100418,2019년 2월 17일 20시,일요일,부산광역시 해운대구 반송동,경상사고,0,0,3,0,차대차 - 추돌,안전운전불이행,건조,맑음,단일로 - 기타,승용,남,55세,상해없음,승합,남,54세,상해없음
2019021700100419,2019년 2월 17일 20시,일요일,부산광역시 연제구 연산동,경상사고,0,0,1,0,차대차 - 기타,안전운전불이행,건조,맑음,교차로 - 교차로안,승합,남,38세,상해없음,승용,남,57세,상해없음
2019021800100036,2019년 2월 18일 01시,월요일,부산광역시 연제구 연산동,경상사고,0,0,1,0,차대차 - 후진중충돌,안전운전불이행,건조,맑음,단일로 - 기타,승용,남,40세,상해없음,승용,남,61세,경상
2019021800100057,2019년 2월 18일 05시,월요일,부산광역시 동래구 안락동,중상사고,0,1,0,0,차대사람 - 횡단중,신호위반,건조,맑음,교차로 - 교차로안,화물,남,51세,상해없음,보행자,남,64세,중상
2019021800100067,2019년 2월 18일 06시,월요일,부산광역시 수영구 광안동,경상사고,0,0,1,0,차대차 - 추돌,안전운전불이행,건조,맑음,단일로 - 기타,승용,남,29세,상해없음,화물,남,53세,경상
2019021800100068,2019년 2월 18일 06시,월요일,부산광역시 사하구 하단동,경상사고,0,0,2,0,차대차 - 추돌,안전거리미확보,건조,맑음,단일로 - 기타,화물,남,28세,경상,승용,남,47세,경상
2019021800100120,2019년 2월 18일 08시,월요일,부산광역시 북구 덕천동,경상사고,0,0,2,1,차대차 - 기타,안전거리미확보,건조,맑음,단일로 - 기타,승용,여,57세,부상신고,화물,남,63세,경상
2019021800100157,2019년 2월 18일 09시,월요일,부산광역시 동래구 명륜동,경상사고,0,0,1,0,차대차 - 추돌,안전거리미확보,건조,맑음,교차로 - 교차로부근,화물,남,75세,상해없음,승용,남,40세,경상
2019021800100178,2019년 2월 18일 10시,월요일,부산광역시 해운대구 재송동,경상사고,0,0,1,0,차대차 - 측면충돌,안전운전불이행,건조,맑음,단일로 - 기타,승용,남,25세,상해없음,승용,남,41세,경상
2019021800100179,2019년 2월 18일 10시,월요일,부산광역시 금정구 부곡동,부상신고사고,0,0,0,1,차대차 - 추돌,안전운전불이행,건조,맑음,교차로 - 교차로안,이륜,남,54세,부상신고,승용,남,69세,상해없음
2019021800100207,2019년 2월 18일 11시,월요일,부산광역시 동래구 수안동,경상사고,0,0,1,0,차대차 - 측면충돌,안전운전불이행,건조,맑음,단일로 - 기타,화물,남,53세,상해없음,승용,남,27세,경상
2019021800100208,2019년 2월 18일 11시,월요일,부산광역시 부산진구 전포동,부상신고사고,0,0,0,1,차대차 - 측면충돌,안전운전불이행,건조,맑음,교차로 - 교차로부근,승용,남,68세,상해없음,승용,여,38세,부상신고
2019021800100209,2019년 2월 18일 11시,월요일,부산광역시 부산진구 초읍동,경상사고,0,0,2,0,차대차 - 추돌,안전운전불이행,건조,맑음,교차로 - 교차로안,승용,여,49세,경상,승용,여,47세,경상
2019021800100233,2019년 2월 18일 12시,월요일,부산광역시 해운대구 중동,중상사고,0,1,0,0,차대사람 - 보도통행중,기타,건조,맑음,교차로 - 교차로부근,승용,남,53세,상해없음,보행자,여,74세,중상
2019021800100234,2019년 2월 18일 12시,월요일,부산광역시 연제구 연산동,경상사고,0,0,1,0,차대차 - 측면충돌,차로위반,건조,맑음,교차로 - 교차로부근,승용,남,19세,상해없음,승용,남,20세,경상
2019021800100258,2019년 2월 18일 13시,월요일,부산광역시 동구 좌천동,경상사고,0,0,1,0,차대차 - 측면충돌,교차로운행방법위반,건조,맑음,교차로 - 교차로안,승용,여,33세,상해없음,화물,남,37세,경상
2019021800100259,2019년 2월 18일 13시,월요일,부산광역시 남구 용호동,중상사고,0,1,0,0,차대사람 - 길가장자리구역통행중,안전운전불이행,건조,맑음,단일로 - 기타,화물,남,68세,상해없음,보행자,남,89세,중상
2019021800100260,2019년 2월 18일 13시,월요일,부산광역시 영도구 봉래동3가,경상사고,0,0,1,0,차대차 - 측면충돌,안전거리미확보,건조,맑음,단일로 - 기타,승용,남,77세,상해없음,승용,여,40세,경상
2019021800100261,2019년 2월 18일 13시,월요일,부산광역시 부산진구 전포동,경상사고,0,0,1,0,차대차 - 측면충돌,신호위반,건조,맑음,교차로 - 교차로횡단보도내,승용,남,69세,상해없음,이륜,남,77세,경상
2019021800100305,2019년 2월 18일 15시,월요일,부산광역시 해운대구 중동,경상사고,0,0,1,0,차대차 - 측면충돌,안전운전불이행,건조,맑음,교차로 - 교차로안,승용,남,29세,상해없음,승용,남,40세,경상
2019021800100306,2019년 2월 18일 15시,월요일,부산광역시 강서구 지사동,경상사고,0,0,1,0,차대차 - 측면충돌,신호위반,건조,맑음,교차로 - 교차로안,화물,남,62세,상해없음,화물,남,54세,경상
2019021800100329,2019년 2월 18일 16시,월요일,부산광역시 금정구 부곡동,경상사고,0,0,4,0,차대차 - 측면충돌,안전운전불이행,기타,맑음,교차로 - 교차로안,승용,남,63세,상해없음,승용,남,50세,경상
2019021800100363,2019년 2월 18일 17시,월요일,부산광역시 서구 남부민동,경상사고,0,0,2,0,차대차 - 후진중충돌,안전운전불이행,건조,맑음,교차로 - 교차로부근,승용,남,56세,상해없음,승용,여,31세,경상
2019021800100364,2019년 2월 18일 17시,월요일,부산광역시 북구 만덕동,중상사고,0,1,0,0,차대차 - 기타,신호위반,건조,맑음,단일로 - 기타,승용,여,45세,상해없음,이륜,남,52세,중상
2019021800100365,2019년 2월 18일 17시,월요일,부산광역시 북구 덕천동,경상사고,0,0,1,0,차대차 - 기타,안전운전불이행,건조,맑음,교차로 - 교차로안,승용,남,62세,상해없음,화물,남,44세,경상
2019021800100366,2019년 2월 18일 17시,월요일,부산광역시 동래구 온천동,경상사고,0,0,1,0,차대차 - 측면충돌,교차로운행방법위반,건조,맑음,교차로 - 교차로안,승용,남,60세,상해없음,승용,여,44세,경상
2019021800100367,2019년 2월 18일 17시,월요일,부산광역시 동래구 낙민동,부상신고사고,0,0,0,3,차대차 - 측면충돌,안전거리미확보,건조,맑음,단일로 - 기타,승용,남,57세,상해없음,승합,남,35세,상해없음
2019021800100368,2019년 2월 18일 17시,월요일,부산광역시 금정구 노포동,경상사고,0,0,1,0,차대차 - 기타,안전운전불이행,건조,맑음,단일로 - 기타,승용,남,60세,상해없음,이륜,남,30세,경상
2019021800100402,2019년 2월 18일 18시,월요일,부산광역시 부산진구 범천동,경상사고,0,0,1,0,차대차 - 측면충돌,교차로운행방법위반,건조,맑음,교차로 - 교차로부근,승용,여,41세,상해없음,승용,여,41세,경상
2019021800100403,2019년 2월 18일 18시,월요일,부산광역시 연제구 연산동,중상사고,0,1,1,0,차대차 - 측면충돌,교차로운행방법위반,젖음/습기,비,교차로 - 교차로안,승용,남,76세,경상,승용,남,37세,중상
2019021800100404,2019년 2월 18일 18시,월요일,부산광역시 강서구 명지동,경상사고,0,0,1,0,차대사람 - 보도통행중,보행자보호의무위반,건조,맑음,교차로 - 교차로횡단보도내,승용,여,33세,상해없음,보행자,여,70세,경상
2019021800100446,2019년 2월 18일 19시,월요일,부산광역시 금정구 장전동,경상사고,0,0,1,0,차대차 - 기타,교차로운행방법위반,건조,흐림,교차로 - 교차로안,화물,남,63세,상해없음,이륜,남,19세,경상
2019021800100483,2019년 2월 18일 20시,월요일,부산광역시 북구 화명동,경상사고,0,0,1,0,차대사람 - 기타,신호위반,건조,맑음,교차로 - 교차로횡단보도내,승용,여,46세,상해없음,보행자,여,36세,경상
2019021800100505,2019년 2월 18일 21시,월요일,부산광역시 동래구 온천동,경상사고,0,0,1,0,차대차 - 추돌,안전운전불이행,건조,맑음,교차로 - 교차로부근,승용,남,65세,상해없음,승용,남,59세,경상
2019021800100528,2019년 2월 18일 22시,월요일,부산광역시 동구 초량동,경상사고,0,0,5,0,차대차 - 측면충돌,교차로운행방법위반,건조,맑음,교차로 - 교차로안,승용,남,60세,상해없음,승용,여,41세,경상
2019021800100559,2019년 2월 18일 23시,월요일,부산광역시 동래구 안락동,경상사고,0,0,1,1,차대차 - 기타,신호위반,건조,맑음,교차로 - 교차로안,이륜,남,25세,부상신고,승용,남,46세,상해없음
2019021900100060,2019년 2월 19일 03시,화요일,부산광역시 사하구 하단동,중상사고,0,1,0,0,차대차 - 추돌,안전운전불이행,젖음/습기,비,단일로 - 교량,화물,남,46세,상해없음,승용,남,62세,중상
2019021900100069,2019년 2월 19일 04시,화요일,부산광역시 동구 범일동,중상사고,0,1,0,0,차대사람 - 횡단중,안전운전불이행,젖음/습기,비,단일로 - 기타,승용,남,59세,상해없음,보행자,남,67세,중상
2019021900100078,2019년 2월 19일 05시,화요일,부산광역시 동구 수정동,중상사고,0,1,0,0,차대사람 - 횡단중,보행자보호의무위반,젖음/습기,비,교차로 - 교차로부근,승용,남,64세,상해없음,보행자,남,69세,중상
2019021900100084,2019년 2월 19일 06시,화요일,부산광역시 영도구 청학동,중상사고,0,1,0,0,차대사람 - 횡단중,안전운전불이행,건조,맑음,단일로 - 기타,화물,남,51세,상해없음,보행자,여,73세,중상
2019021900100085,2019년 2월 19일 06시,화요일,부산광역시 부산진구 당감동,경상사고,0,0,1,0,차대차 - 추돌,안전거리미확보,젖음/습기,비,단일로 - 기타,화물,남,46세,상해없음,승용,남,61세,경상
2019021900100104,2019년 2월 19일 07시,화요일,부산광역시 금정구 부곡동,경상사고,0,0,1,0,차대사람 - 기타,안전운전불이행,젖음/습기,비,단일로 - 기타,승용,남,48세,상해없음,보행자,여,22세,경상
2019021900100123,2019년 2월 19일 08시,화요일,부산광역시 중구 대청동1가,경상사고,0,0,1,0,차대차 - 측면충돌,안전운전불이행,건조,맑음,단일로 - 기타,승용,남,68세,기타불명,승합,남,51세,경상
2019021900100124,2019년 2월 19일 08시,화요일,부산광역시 서구 암남동,경상사고,0,0,1,0,차대차 - 측면충돌,차로위반,젖음/습기,비,교차로 - 교차로안,승용,여,54세,경상,화물,남,37세,상해없음
2019021900100125,2019년 2월 19일 08시,화요일,부산광역시 동래구 온천동,경상사고,0,0,2,0,차대차 - 측면충돌,안전운전불이행,젖음/습기,비,교차로 - 교차로안,화물,남,64세,상해없음,승용,남,33세,경상
2019021900100126,2019년 2월 19일 08시,화요일,부산광역시 기장군 정관읍,부상신고사고,0,0,0,2,차대차 - 추돌,안전거리미확보,젖음/습기,비,단일로 - 기타,승용,여,47세,부상신고,승용,남,41세,부상신고
2019021900100153,2019년 2월 19일 09시,화요일,부산광역시 중구 보수동1가,경상사고,0,0,1,0,차대차 - 측면충돌,교차로운행방법위반,젖음/습기,비,교차로 - 교차로안,승용,여,42세,상해없음,승용,남,61세,경상
2019021900100154,2019년 2월 19일 09시,화요일,부산광역시 기장군 정관읍,경상사고,0,0,2,0,차대차 - 측면충돌,교차로운행방법위반,젖음/습기,비,교차로 - 교차로안,화물,남,48세,경상,승용,여,43세,경상
2019021900100182,2019년 2월 19일 10시,화요일,부산광역시 해운대구 재송동,경상사고,0,0,3,0,차대차 - 측면충돌,안전운전불이행,젖음/습기,비,단일로 - 기타,화물,남,69세,상해없음,승용,남,46세,경상
2019021900100183,2019년 2월 19일 10시,화요일,부산광역시 부산진구 부전동,경상사고,0,0,1,0,차대사람 - 기타,안전운전불이행,젖음/습기,비,단일로 - 기타,화물,남,53세,상해없음,보행자,남,58세,경상
2019021900100184,2019년 2월 19일 10시,화요일,부산광역시 부산진구 부암동,경상사고,0,0,1,0,차대차 - 추돌,직진우회전진행방해,젖음/습기,비,교차로 - 교차로안,승용,여,27세,상해없음,승용,여,51세,경상
2019021900100215,2019년 2월 19일 11시,화요일,부산광역시 수영구 민락동,경상사고,0,0,1,1,차대차 - 측면충돌,안전운전불이행,젖음/습기,비,단일로 - 교량,화물,남,38세,부상신고,화물,남,43세,경상
2019021900100216,2019년 2월 19일 11시,화요일,부산광역시 남구 용당동,경상사고,0,0,1,1,차대차 - 추돌,안전운전불이행,젖음/습기,맑음,단일로 - 터널,승용,남,56세,상해없음,승용,남,65세,경상
2019021900100240,2019년 2월 19일 12시,화요일,부산광역시 남구 대연동,경상사고,0,0,1,0,차대차 - 기타,안전운전불이행,젖음/습기,맑음,단일로 - 기타,승용,여,38세,경상,승용,남,56세,상해없음
2019021900100241,2019년 2월 19일 12시,화요일,부산광역시 해운대구 석대동,중상사고,0,1,1,0,차대차 - 측면충돌,중앙선침범,젖음/습기,비,단일로 - 기타,승합,남,61세,상해없음,화물,남,61세,중상
2019021900100242,2019년 2월 19일 12시,화요일,부산광역시 사상구 덕포동,경상사고,0,0,2,0,차대사람 - 기타,안전운전불이행,젖음/습기,비,주차장 - 주차장,화물,남,25세,상해없음,보행자,여,90세 이상,경상