사고번호,사고일시,요일,시군구,사고내용,사망자수,중상자수,경상자수,부상신고자수,사고유형,법규위반,노면상태,기상상태,도로형태,가해운전자 차종,가해운전자 성별,가해운전자 연령,가해운전자 상해정도,피해운전자 차종,피해운전자 성별,피해운전자 연령,피해운전자 상해정도
2019022600100166,2019년 2월 26일 10시,화요일,부산광역시 해운대구 우동,경상사고,0,0,1,0,차대차 - 측면충돌,안전운전불이행,건조,맑음,교차로 - 교차로부근,승용,여,72세,상해없음,승용,여,57세,경상
2019022600100193,2019년 2월 26일 11시,화요일,부산광역시 부산진구 부전동,경상사고,0,0,2,0,차대차 - 측면충돌,안전운전불이행,건조,맑음,단일로 - 기타,승용,여,61세,상해없음,승용,남,22세,경상
2019022600100222,2019년 2월 26일 12시,화요일,부산광역시 부산진구 부전동,중상사고,0,1,0,0,차대사람 - 횡단중,보행자보호의무위반,건조,맑음,단일로 - 기타,화물,남,32세,상해없음,보행자,남,20세,중상
2019022600100223,2019년 2월 26일 12시,화요일,부산광역시 사하구 장림동,경상사고,0,0,1,0,차대차 - 기타,차로위반,건조,맑음,교차로 - 교차로부근,승용,남,61세,상해없음,이륜,남,25세,경상
2019022600100224,2019년 2월 26일 12시,화요일,부산광역시 강서구 성북동,경상사고,0,0,1,0,차대차 - 측면충돌,교차로운행방법위반,건조,맑음,교차로 - 교차로안,특수,남,60세,상해없음,승용,남,44세,경상
2019022600100225,2019년 2월 26일 12시,화요일,부산광역시 기장군 장안읍,경상사고,0,0,1,0,차대차 - 기타,안전운전불이행,건조,맑음,단일로 - 기타,화물,남,43세,상해없음,이륜,여,70세,경상
2019022600100256,2019년 2월 26일 13시,화요일,부산광역시 서구 암남동,경상사고,0,0,2,0,차대차 - 추돌,안전거리미확보,건조,맑음,단일로 - 기타,승용,남,62세,상해없음,화물,남,51세,경상
2019022600100257,2019년 2월 26일 13시,화요일,부산광역시 부산진구 범천동,중상사고,0,2,3,0,차대차 - 측면충돌,안전거리미확보,건조,맑음,단일로 - 고가도로위,승용,여,36세,기타불명,승용,남,48세,중상
2019022600100283,2019년 2월 26일 14시,화요일,부산광역시 남구 대연동,경상사고,0,0,1,0,차대차 - 측면충돌,차로위반,건조,맑음,단일로 - 교량,화물,남,29세,상해없음,승용,여,38세,경상
2019022600100284,2019년 2월 26일 14시,화요일,부산광역시 동래구 수안동,경상사고,0,0,2,3,차대차 - 측면충돌,교차로운행방법위반,건조,맑음,교차로 - 교차로안,승용,여,20세,부상신고,승용,여,72세,경상
2019022600100316,2019년 2월 26일 15시,화요일,부산광역시 북구 덕천동,경상사고,0,0,3,0,차대차 - 측면충돌,안전거리미확보,건조,맑음,단일로 - 지하차도(도로)내,승용,여,27세,경상,승용,여,23세,경상
2019022600100317,2019년 2월 26일 15시,화요일,부산광역시 동래구 온천동,경상사고,0,0,2,0,차대차 - 추돌,안전운전불이행,건조,맑음,교차로 - 교차로안,승용,여,58세,상해없음,승용,여,36세,경상
2019022600100318,2019년 2월 26일 15시,화요일,부산광역시 사상구 삼락동,중상사고,0,1,0,0,차대차 - 측면충돌,안전운전불이행,건조,맑음,단일로 - 기타,자전거,남,75세,중상,승용,남,51세,상해없음
2019022600100354,2019년 2월 26일 16시,화요일,부산광역시 사상구 엄궁동,중상사고,0,1,1,0,차대차 - 측면충돌,안전운전불이행,건조,맑음,교차로 - 교차로안,이륜,남,72세,경상,화물,남,33세,상해없음
2019022600100390,2019년 2월 26일 17시,화요일,부산광역시 북구 구포동,경상사고,0,0,1,0,차대사람 - 기타,안전운전불이행,건조,맑음,교차로 - 교차로안,승용,남,61세,상해없음,보행자,남,58세,경상
2019022600100391,2019년 2월 26일 17시,화요일,부산광역시 강서구 강동동,중상사고,0,1,1,0,차대차 - 추돌,안전운전불이행,건조,맑음,단일로 - 기타,화물,남,58세,상해없음,승용,남,38세,중상
2019022600100420,2019년 2월 26일 18시,화요일,부산광역시 해운대구 우동,중상사고,0,1,0,0,차대사람 - 횡단중,기타,건조,맑음,교차로 - 교차로부근,승용,남,67세,상해없음,보행자,여,34세,중상
2019022600100421,2019년 2월 26일 18시,화요일,부산광역시 사하구 장림동,경상사고,0,0,1,0,차대차 - 측면충돌,안전운전불이행,건조,맑음,단일로 - 기타,승용,여,59세,상해없음,화물,남,47세,경상
2019022600100422,2019년 2월 26일 18시,화요일,부산광역시 강서구 송정동,경상사고,0,0,1,0,차대차 - 측면충돌,안전운전불이행,건조,맑음,단일로 - 기타,승용,남,56세,상해없음,승용,남,35세,경상
2019022600100459,2019년 2월 26일 19시,화요일,부산광역시 해운대구 좌동,부상신고사고,0,0,0,1,차대차 - 추돌,안전운전불이행,건조,맑음,교차로 - 교차로부근,기타불명,기타불명,미분류,기타불명,자전거,남,13세,부상신고
2019022600100460,2019년 2월 26일 19시,화요일,부산광역시 부산진구 범전동,중상사고,0,1,0,0,차대사람 - 횡단중,안전운전불이행,건조,맑음,단일로 - 기타,승용,남,64세,상해없음,보행자,남,69세,중상
2019022600100486,2019년 2월 26일 20시,화요일,부산광역시 남구 대연동,경상사고,0,0,1,0,차대사람 - 보도통행중,기타,건조,맑음,단일로 - 기타,승용,남,22세,상해없음,보행자,남,23세,경상
2019022600100487,2019년 2월 26일 20시,화요일,부산광역시 북구 구포동,경상사고,0,0,3,0,차대차 - 측면충돌,안전거리미확보,건조,맑음,단일로 - 기타,화물,남,59세,상해없음,승용,남,45세,경상
2019022600100488,2019년 2월 26일 20시,화요일,부산광역시 부산진구 범전동,경상사고,0,0,1,0,차대차 - 기타,기타,건조,맑음,단일로 - 기타,화물,남,51세,상해없음,자전거,남,62세,경상
2019022600100489,2019년 2월 26일 20시,화요일,부산광역시 부산진구 전포동,부상신고사고,0,0,0,1,차대차 - 기타,교차로운행방법위반,건조,맑음,교차로 - 교차로안,기타불명,남,24세,상해없음,기타불명,기타불명,미분류,기타불명
2019022600100512,2019년 2월 26일 21시,화요일,부산광역시 중구 남포동1가,중상사고,0,1,0,0,차대차 - 기타,안전운전불이행,건조,맑음,단일로 - 기타,승용,남,59세,상해없음,승용,남,64세,상해없음
2019022600100531,2019년 2월 26일 22시,화요일,부산광역시 사상구 덕포동,부상신고사고,0,0,0,1,차대사람 - 횡단중,안전운전불이행,건조,맑음,교차로 - 교차로부근,이륜,남,31세,상해없음,보행자,남,54세,부상신고
2019022600100559,2019년 2월 26일 23시,화요일,부산광역시 영도구 동삼동,경상사고,0,0,1,1,차대차 - 측면충돌,직진우회전진행방해,건조,맑음,교차로 - 교차로안,승용,여,50세,부상신고,승용,남,56세,경상
2019022700100019,2019년 2월 27일 00시,수요일,부산광역시 부산진구 부전동,경상사고,0,0,1,0,차대사람 - 횡단중,안전운전불이행,건조,맑음,교차로 - 교차로부근,승용,남,60세,상해없음,보행자,남,43세,경상
2019022700100041,2019년 2월 27일 02시,수요일,부산광역시 북구 만덕동,경상사고,0,0,2,0,차대차 - 추돌,안전운전불이행,건조,맑음,단일로 - 기타,승용,남,19세,상해없음,승용,남,67세,경상
2019022700100042,2019년 2월 27일 02시,수요일,부산광역시 동래구 온천동,경상사고,0,0,1,0,차대사람 - 보도통행중,보행자보호의무위반,건조,맑음,단일로 - 기타,승용,남,22세,상해없음,보행자,남,44세,경상
2019022700100043,2019년 2월 27일 02시,수요일,부산광역시 사상구 모라동,부상신고사고,0,0,0,1,차대차 - 측면충돌,중앙선침범,건조,맑음,단일로 - 기타,이륜,남,19세,부상신고,승용,남,64세,상해없음
2019022700100058,2019년 2월 27일 05시,수요일,부산광역시 서구 부민동1가,경상사고,0,0,1,0,차대차 - 측면충돌,신호위반,젖음/습기,비,교차로 - 교차로안,이륜,남,15세,경상,승용,남,65세,상해없음
2019022700100059,2019년 2월 27일 05시,수요일,부산광역시 동래구 안락동,경상사고,0,0,1,0,차대차 - 측면충돌,신호위반,건조,맑음,교차로 - 교차로안,승용,남,73세,상해없음,승합,남,61세,상해없음
2019022700100065,2019년 2월 27일 06시,수요일,부산광역시 동구 수정동,중상사고,0,1,0,0,차대사람 - 횡단중,보행자보호의무위반,젖음/습기,비,단일로 - 기타,승용,남,57세,상해없음,보행자,남,44세,중상
2019022700100066,2019년 2월 27일 06시,수요일,부산광역시 남구 대연동,경상사고,0,0,1,0,차대차 - 측면충돌,기타,건조,맑음,단일로 - 기타,승용,남,54세,상해없음,이륜,남,39세,경상
2019022700100067,2019년 2월 27일 06시,수요일,부산광역시 동래구 사직동,부상신고사고,0,0,0,1,차대차 - 기타,신호위반,건조,맑음,교차로 - 교차로안,기타불명,기타불명,미분류,기타불명,승합,남,59세,상해없음
2019022700100068,2019년 2월 27일 06시,수요일,부산광역시 해운대구 좌동,경상사고,0,0,1,0,차대차 - 기타,신호위반,젖음/습기,비,교차로 - 교차로안,승용,여,44세,상해없음,승용,남,24세,경상
2019022700100069,2019년 2월 27일 06시,수요일,부산광역시 해운대구 좌동,중상사고,0,1,0,0,차대사람 - 기타,안전운전불이행,젖음/습기,비,교차로 - 교차로부근,승용,남,37세,상해없음,보행자,여,74세,중상
2019022700100098,2019년 2월 27일 08시,수요일,부산광역시 금정구 부곡동,중상사고,0,1,0,0,차대사람 - 횡단중,보행자보호의무위반,건조,흐림,기타 - 기타,화물,남,24세,상해없음,보행자,여,55세,중상
2019022700100099,2019년 2월 27일 08시,수요일,부산광역시 사하구 괴정동,중상사고,0,1,0,0,차대차 - 추돌,안전운전불이행,건조,맑음,단일로 - 기타,승용,남,49세,상해없음,승용,남,72세,상해없음
2019022700100100,2019년 2월 27일 08시,수요일,부산광역시 사하구 하단동,경상사고,0,0,1,0,차대차 - 측면충돌,차로위반,건조,맑음,단일로 - 기타,건설기계,남,45세,상해없음,화물,남,42세,경상
2019022700100158,2019년 2월 27일 10시,수요일,부산광역시 동구 초량동,경상사고,0,0,1,0,차대차 - 측면충돌,안전운전불이행,건조,맑음,교차로 - 교차로안,승용,여,27세,상해없음,승용,여,42세,경상
2019022700100159,2019년 2월 27일 10시,수요일,부산광역시 사하구 괴정동,중상사고,0,1,0,0,차대차 - 측면충돌,교차로운행방법위반,건조,맑음,교차로 - 교차로안,승용,여,63세,상해없음,승용,여,51세,중상
2019022700100160,2019년 2월 27일 10시,수요일,부산광역시 사상구 감전동,경상사고,0,0,2,0,차대차 - 측면충돌,안전운전불이행,건조,맑음,단일로 - 기타,특수,남,51세,상해없음,승용,남,69세,경상
2019022700100248,2019년 2월 27일 13시,수요일,부산광역시 부산진구 전포동,중상사고,0,1,0,0,차대차 - 추돌,안전거리미확보,건조,맑음,단일로 - 기타,승용,남,46세,상해없음,승용,남,52세,중상
2019022700100277,2019년 2월 27일 14시,수요일,부산광역시 사상구 엄궁동,경상사고,0,0,1,0,차대차 - 측면충돌,안전운전불이행,건조,흐림,교차로 - 교차로부근,화물,남,42세,상해없음,승용,여,52세,경상
2019022700100302,2019년 2월 27일 15시,수요일,부산광역시 해운대구 재송동,경상사고,0,0,2,0,차대차 - 기타,안전거리미확보,기타,맑음,단일로 - 기타,화물,남,52세,상해없음,승용,남,35세,경상
2019022700100303,2019년 2월 27일 15시,수요일,부산광역시 부산진구 부전동,중상사고,0,1,0,0,차대차 - 기타,안전거리미확보,건조,맑음,단일로 - 기타,승용,남,41세,상해없음,승합,남,42세,상해없음
2019022700100339,2019년 2월 27일 16시,수요일,부산광역시 금정구 구서동,경상사고,0,0,1,0,차대사람 - 길가장자리구역통행중,기타,건조,맑음,단일로 - 기타,승합,남,60세,상해없음,보행자,남,71세,경상
2019022700100340,2019년 2월 27일 16시,수요일,부산광역시 사상구 주례동,경상사고,0,0,1,0,차대사람 - 기타,안전운전불이행,건조,맑음,단일로 - 기타,승용,남,58세,상해없음,보행자,남,58세,경상
2019022700100371,2019년 2월 27일 17시,수요일,부산광역시 해운대구 반여동,경상사고,0,0,3,0,차대차 - 추돌,안전운전불이행,건조,맑음,교차로 - 교차로부근,승용,남,42세,상해없음,화물,남,45세,경상
2019022700100372,2019년 2월 27일 17시,수요일,부산광역시 사하구 하단동,경상사고,0,0,2,0,차대차 - 기타,안전거리미확보,건조,맑음,교차로 - 교차로부근,승용,남,21세,상해없음,승용,남,32세,경상
2019022700100411,2019년 2월 27일 18시,수요일,부산광역시 동구 좌천동,중상사고,0,1,0,0,차대차 - 추돌,안전운전불이행,건조,맑음,단일로 - 기타,화물,남,53세,상해없음,승용,여,56세,중상
2019022700100412,2019년 2월 27일 18시,수요일,부산광역시 동래구 명륜동,경상사고,0,0,1,0,차대차 - 측면충돌,안전운전불이행,건조,맑음,교차로 - 교차로안,자전거,여,59세,경상,승용,남,64세,상해없음
2019022700100413,2019년 2월 27일 18시,수요일,부산광역시 부산진구 전포동,중상사고,0,1,0,0,차대사람 - 횡단중,안전운전불이행,건조,맑음,단일로 - 기타,이륜,남,58세,상해없음,보행자,여,67세,중상
2019022700100414,2019년 2월 27일 18시,수요일,부산광역시 부산진구 개금동,중상사고,0,2,2,0,차대차 - 측면충돌,안전운전불이행,건조,맑음,교차로 - 교차로안,승용,남,49세,상해없음,승용,남,63세,중상
2019022700100415,2019년 2월 27일 18시,수요일,부산광역시 사하구 구평동,중상사고,0,1,0,0,차대차 - 기타,안전운전불이행,건조,맑음,단일로 - 기타,승용,남,71세,기타불명,승용,남,49세,중상
2019022700100458,2019년 2월 27일 19시,수요일,부산광역시 수영구 민락동,경상사고,0,0,2,0,차대차 - 추돌,안전운전불이행,건조,맑음,단일로 - 기타,승용,여,39세,상해없음,승용,여,36세,경상
2019022700100459,2019년 2월 27일 19시,수요일,부산광역시 부산진구 부전동,경상사고,0,0,1,0,차대사람 - 차도통행중,안전운전불이행,건조,맑음,단일로 - 기타,승용,여,30세,상해없음,보행자,여,29세,경상
2019022700100460,2019년 2월 27일 19시,수요일,부산광역시 사하구 장림동,경상사고,0,0,3,0,차대차 - 기타,교차로운행방법위반,건조,맑음,교차로 - 교차로안,이륜,남,24세,경상,승용,남,47세,경상
2019022700100461,2019년 2월 27일 19시,수요일,부산광역시 사하구 신평동,중상사고,0,1,0,0,차대사람 - 횡단중,보행자보호의무위반,건조,맑음,단일로 - 지하차도(도로)내,승용,남,28세,상해없음,보행자,남,73세,중상
2019022700100462,2019년 2월 27일 19시,수요일,부산광역시 기장군 정관읍,경상사고,0,0,1,0,차대차 - 기타,교차로운행방법위반,건조,맑음,교차로 - 교차로안,승용,여,47세,상해없음,승용,남,61세,경상
2019022700100495,2019년 2월 27일 20시,수요일,부산광역시 서구 서대신동2가,경상사고,0,0,1,0,차대차 - 측면충돌,교차로운행방법위반,건조,맑음,교차로 - 교차로안,승합,남,51세,상해없음,승용,남,47세,경상
2019022700100496,2019년 2월 27일 20시,수요일,부산광역시 동래구 명장동,경상사고,0,0,1,0,차대차 - 측면충돌,안전운전불이행,건조,맑음,주차장 - 주차장,승용,남,31세,상해없음,승용,남,39세,경상
2019022700100497,2019년 2월 27일 20시,수요일,부산광역시 동래구 수안동,경상사고,0,0,1,0,차대차 - 추돌,안전운전불이행,건조,맑음,교차로 - 교차로안,승용,남,51세,상해없음,승용,남,37세,경상
2019022700100519,2019년 2월 27일 21시,수요일,부산광역시 동래구 명륜동,경상사고,0,0,1,0,차대차 - 측면충돌,기타,건조,맑음,단일로 - 기타,승용,남,64세,상해없음,이륜,남,22세,경상
2019022700100563,2019년 2월 27일 23시,수요일,부산광역시 남구 문현동,중상사고,0,1,0,0,차대사람 - 횡단중,안전운전불이행,건조,맑음,단일로 - 기타,화물,남,27세,상해없음,보행자,남,68세,중상
2019022700100564,2019년 2월 27일 23시,수요일,부산광역시 남구 대연동,경상사고,0,0,1,0,차대차 - 측면충돌,안전거리미확보,건조,맑음,단일로 - 기타,승용,남,22세,상해없음,승합,남,48세,상해없음
2019022700100565,2019년 2월 27일 23시,수요일,부산광역시 부산진구 부암동,중상사고,0,1,0,0,차대사람 - 횡단중,안전운전불이행,젖음/습기,비,교차로 - 교차로안,화물,남,35세,상해없음,보행자,여,36세,중상
2019022800100046,2019년 2월 28일 01시,목요일,부산광역시 남구 문현동,부상신고사고,0,0,0,1,차대차 - 기타,안전운전불이행,젖음/습기,흐림,교차로 - 교차로안,이륜,남,30세,부상신고,화물,남,47세,상해없음
2019022800100067,2019년 2월 28일 05시,목요일,부산광역시 해운대구 우동,중상사고,0,1,1,0,차대차 - 측면충돌,안전거리미확보,건조,맑음,단일로 - 기타,승용,남,49세,상해없음,승용,남,39세,상해없음
2019022800100068,2019년 2월 28일 05시,목요일,부산광역시 해운대구 우동,중상사고,0,1,0,0,차대차 - 측면충돌,안전거리미확보,건조,맑음,단일로 - 기타,승용,남,49세,상해없음,승용,남,39세,상해없음
2019022800100077,2019년 2월 28일 06시,목요일,부산광역시 남구 용호동,경상사고,0,0,1,0,차대차 - 측면충돌,안전거리미확보,건조,맑음,단일로 - 기타,승합,남,46세,상해없음,승용,여,61세,경상
2019022800100078,2019년 2월 28일 06시,목요일,부산광역시 금정구 서동,중상사고,0,1,0,0,차대사람 - 횡단중,신호위반,건조,맑음,교차로 - 교차로부근,승합,남,57세,상해없음,보행자,남,81세,중상
2019022800100114,2019년 2월 28일 08시,목요일,부산광역시 남구 우암동,사망사고,1,0,0,0,차대차 - 측면충돌,안전운전불이행,건조,맑음,교차로 - 교차로안,화물,남,39세,상해없음,자전거,남,74세,사망
2019022800100115,2019년 2월 28일 08시,목요일,부산광역시 수영구 광안동,부상신고사고,0,0,0,1,차대사람 - 길가장자리구역통행중,안전운전불이행,건조,맑음,교차로 - 교차로부근,기타불명,기타불명,미분류,기타불명,보행자,여,43세,부상신고
2019022800100116,2019년 2월 28일 08시,목요일,부산광역시 강서구 구랑동,경상사고,0,0,1,0,차대차 - 기타,과속,건조,맑음,단일로 - 기타,승용,남,46세,경상,기타불명,여,50세,상해없음
2019022800100117,2019년 2월 28일 08시,목요일,부산광역시 사상구 학장동,경상사고,0,0,1,0,차대차 - 측면충돌,교차로운행방법위반,건조,맑음,교차로 - 교차로안,승용,남,43세,상해없음,승용,남,30세,경상
2019022800100148,2019년 2월 28일 09시,목요일,부산광역시 동래구 온천동,중상사고,0,1,0,0,차대사람 - 차도통행중,안전운전불이행,건조,맑음,단일로 - 기타,승용,남,43세,상해없음,보행자,여,89세,중상
2019022800100149,2019년 2월 28일 09시,목요일,부산광역시 연제구 거제동,중상사고,0,1,1,0,차대차 - 추돌,신호위반,건조,맑음,교차로 - 교차로횡단보도내,승합,여,46세,상해없음,승용,남,67세,경상
2019022800100170,2019년 2월 28일 10시,목요일,부산광역시 남구 대연동,경상사고,0,0,2,0,차대차 - 추돌,안전거리미확보,건조,맑음,교차로 - 교차로부근,승용,남,65세,상해없음,승용,남,38세,경상
2019022800100171,2019년 2월 28일 10시,목요일,부산광역시 북구 만덕동,중상사고,0,2,0,0,차대차 - 기타,신호위반,건조,맑음,교차로 - 교차로부근,건설기계,남,58세,상해없음,승용,여,61세,중상
2019022800100172,2019년 2월 28일 10시,목요일,부산광역시 사상구 모라동,중상사고,0,1,2,1,차대차 - 추돌,안전거리미확보,건조,맑음,단일로 - 터널,화물,남,29세,부상신고,화물,남,70세,경상
2019022800100173,2019년 2월 28일 10시,목요일,부산광역시 부산진구 범천동,경상사고,0,0,1,0,차대차 - 기타,안전거리미확보,건조,맑음,교차로 - 교차로안,승용,남,67세,상해없음,승용,남,25세,경상
2019022800100174,2019년 2월 28일 10시,목요일,부산광역시 사하구 괴정동,경상사고,0,0,1,0,차대차 - 측면충돌,안전운전불이행,건조,맑음,단일로 - 지하차도(도로)내,자전거,남,77세,경상,승용,여,53세,상해없음
2019022800100175,2019년 2월 28일 10시,목요일,부산광역시 연제구 연산동,경상사고,0,0,1,0,차대차 - 측면충돌,교차로운행방법위반,건조,맑음,교차로 - 교차로부근,승용,남,43세,상해없음,승용,남,71세,경상
2019022800100199,2019년 2월 28일 11시,목요일,부산광역시 남구 문현동,부상신고사고,0,0,0,1,차대차 - 측면충돌,안전운전불이행,건조,맑음,단일로 - 기타,원동기,남,19세,부상신고,승용,남,49세,상해없음
2019022800100200,2019년 2월 28일 11시,목요일,부산광역시 해운대구 우동,경상사고,0,0,1,0,차대차 - 추돌,안전운전불이행,건조,맑음,단일로 - 기타,승용,남,55세,상해없음,승용,남,40세,경상
2019022800100229,2019년 2월 28일 12시,목요일,부산광역시 동구 좌천동,중상사고,0,1,0,0,차량단독 - 기타,안전운전불이행,건조,맑음,단일로 - 기타,승합,남,45세,상해없음,,,,
2019022800100230,2019년 2월 28일 12시,목요일,부산광역시 사하구 당리동,부상신고사고,0,0,0,2,차대차 - 측면충돌,안전운전불이행,건조,맑음,교차로 - 교차로횡단보도내,승용,남,42세,상해없음,승용,남,38세,부상신고
2019022800100276,2019년 2월 28일 13시,목요일,부산광역시 해운대구 우동,경상사고,0,0,1,0,차대차 - 기타,안전거리미확보,기타,맑음,단일로 - 기타,승용,남,61세,상해없음,승용,남,38세,경상
2019022800100334,2019년 2월 28일 15시,목요일,부산광역시 동래구 낙민동,경상사고,0,0,1,0,차대사람 - 횡단중,불법유턴,건조,맑음,교차로 - 교차로부근,승용,남,55세,상해없음,보행자,여,28세,경상
2019022800100376,2019년 2월 28일 16시,목요일,부산광역시 금정구 서동,경상사고,0,0,1,0,차대사람 - 기타,안전운전불이행,건조,맑음,단일로 - 기타,승용,남,52세,상해없음,보행자,남,24세,경상
2019022800100412,2019년 2월 28일 17시,목요일,부산광역시 수영구 망미동,경상사고,0,0,1,0,차량단독 - 기타,기타,건조,맑음,단일로 - 기타,승합,남,55세,상해없음,,,,
2019022800100438,2019년 2월 28일 18시,목요일,부산광역시 강서구 생곡동,경상사고,0,0,1,0,차대사람 - 기타,안전운전불이행,건조,맑음,단일로 - 기타,이륜,남,29세,상해없음,보행자,여,56세,경상
2019022800100490,2019년 2월 28일 19시,목요일,부산광역시 해운대구 우동,경상사고,0,0,1,0,차대차 - 측면충돌,교차로운행방법위반,건조,맑음,교차로 - 교차로안,승용,남,33세,상해없음,이륜,남,46세,경상
2019022800100491,2019년 2월 28일 19시,목요일,부산광역시 연제구 거제동,부상신고사고,0,0,0,1,차대차 - 측면충돌,안전거리미확보,건조,맑음,단일로 - 기타,이륜,남,18세,부상신고,승용,남,59세,상해없음
2019022800100573,2019년 2월 28일 21시,목요일,부산광역시 해운대구 우동,경상사고,0,0,1,0,차대차 - 측면충돌,안전운전불이행,건조,맑음,단일로 - 기타,승용,남,56세,기타불명,승용,남,51세,경상
2019022800100598,2019년 2월 28일 22시,목요일,부산광역시 동래구 온천동,경상사고,0,0,1,0,차대차 - 측면충돌,신호위반,건조,맑음,교차로 - 교차로안,승용,남,27세,상해없음,승용,남,29세,경상
2019022800100620,2019년 2월 28일 23시,목요일,부산광역시 중구 보수동1가,경상사고,0,0,2,0,차대차 - 측면충돌,불법유턴,건조,맑음,단일로 - 기타,승용,남,40세,상해없음,승용,남,28세,경상
2019022800100621,2019년 2월 28일 23시,목요일,부산광역시 수영구 수영동,경상사고,0,0,1,0,차대차 - 측면충돌,신호위반,건조,맑음,교차로 - 교차로안,승용,남,51세,상해없음,이륜,남,24세,경상
2019022800100622,2019년 2월 28일 23시,목요일,부산광역시 사상구 덕포동,중상사고,0,1,0,0,차대사람 - 기타,안전운전불이행,건조,맑음,단일로 - 기타,화물,남,46세,상해없음,보행자,남,47세,중상
2019030100100055,2019년 3월 1일 01시,금요일,부산광역시 동구 초량동,경상사고,0,0,1,0,차대사람 - 기타,안전운전불이행,건조,맑음,단일로 - 기타,승용,남,52세,상해없음,보행자,남,69세,경상
2019030100100067,2019년 3월 1일 02시,금요일,부산광역시 해운대구 좌동,부상신고사고,0,0,0,1,차대차 - 추돌,안전운전불이행,건조,맑음,교차로 - 교차로부근,승용,남,24세,상해없음,승용,남,62세,부상신고
2019030100100068,2019년 3월 1일 02시,금요일,부산광역시 사하구 하단동,경상사고,0,0,1,0,차대차 - 측면충돌,안전운전불이행,건조,맑음,교차로 - 교차로안,이륜,남,24세,상해없음,승용,남,38세,경상
2019030100100086,2019년 3월 1일 04시,금요일,부산광역시 남구 감만동,중상사고,0,1,0,0,차량단독 - 공작물충돌,안전운전불이행,건조,맑음,단일로 - 기타,특수,남,67세,중상,,,,
2019030100100087,2019년 3월 1일 04시,금요일,부산광역시 부산진구 부암동,부상신고사고,0,0,0,1,차대차 - 추돌,안전운전불이행,건조,맑음,교차로 - 교차로부근,승용,남,64세,상해없음,이륜,남,36세,부상신고
2019030100100147,2019년 3월 1일 09시,금요일,부산광역시 부산진구 당감동,경상사고,0,0,1,0,차대차 - 측면충돌,안전운전불이행,건조,맑음,단일로 - 기타,건설기계,남,46세,상해없음,승용,남,25세,경상
2019030100100161,2019년 3월 1일 10시,금요일,부산광역시 남구 대연동,경상사고,0,0,1,0,차대사람 - 길가장자리구역통행중,안전운전불이행,건조,맑음,단일로 - 기타,승용,여,36세,상해없음,보행자,여,43세,경상
2019030100100162,2019년 3월 1일 10시,금요일,부산광역시 금정구 서동,경상사고,0,0,1,0,차대차 - 측면충돌,직진우회전진행방해,건조,맑음,교차로 - 교차로안,화물,남,52세,상해없음,이륜,여,58세,경상
2019030100100163,2019년 3월 1일 10시,금요일,부산광역시 사상구 덕포동,중상사고,0,1,0,0,차량단독 - 기타,기타,건조,맑음,단일로 - 기타,승합,남,43세,상해없음,,,,
2019030100100179,2019년 3월 1일 11시,금요일,부산광역시 수영구 광안동,중상사고,0,2,0,0,차대차 - 측면충돌,안전운전불이행,건조,맑음,교차로 - 교차로부근,화물,남,56세,상해없음,승용,남,70세,중상
2019030100100180,2019년 3월 1일 11시,금요일,부산광역시 영도구 신선동3가,부상신고사고,0,0,0,1,차대사람 - 기타,안전운전불이행,건조,맑음,단일로 - 기타,승합,남,30세,상해없음,보행자,여,79세,부상신고
2019030100100181,2019년 3월 1일 11시,금요일,부산광역시 금정구 부곡동,중상사고,0,1,0,0,차대차 - 측면충돌,교차로운행방법위반,건조,맑음,교차로 - 교차로안,승용,남,65세,상해없음,이륜,남,41세,중상
2019030100100229,2019년 3월 1일 13시,금요일,부산광역시 수영구 광안동,경상사고,0,0,1,0,차대사람 - 길가장자리구역통행중,안전운전불이행,건조,맑음,단일로 - 기타,승용,남,39세,상해없음,보행자,남,60세,경상
2019030100100230,2019년 3월 1일 13시,금요일,부산광역시 수영구 수영동,경상사고,0,0,3,0,차대차 - 기타,안전거리미확보,건조,맑음,교차로 - 교차로부근,승용,남,52세,경상,승용,남,41세,경상
2019030100100231,2019년 3월 1일 13시,금요일,부산광역시 부산진구 부전동,경상사고,0,0,1,0,차대사람 - 차도통행중,기타,건조,맑음,단일로 - 기타,화물,남,57세,상해없음,보행자,여,76세,경상
2019030100100232,2019년 3월 1일 13시,금요일,부산광역시 사하구 장림동,중상사고,0,1,0,0,차대차 - 측면충돌,안전운전불이행,건조,맑음,단일로 - 기타,승용,남,34세,상해없음,이륜,남,18세,중상
2019030100100256,2019년 3월 1일 14시,금요일,부산광역시 서구 서대신동2가,경상사고,0,0,1,1,차대차 - 측면충돌,신호위반,건조,맑음,교차로 - 교차로안,승용,남,72세,부상신고,승용,여,52세,경상
2019030100100257,2019년 3월 1일 14시,금요일,부산광역시 기장군 일광면,경상사고,0,0,5,0,차대차 - 추돌,안전운전불이행,건조,맑음,교차로 - 교차로부근,승용,남,59세,상해없음,승용,남,35세,경상
2019030100100289,2019년 3월 1일 15시,금요일,부산광역시 중구 남포동5가,중상사고,0,1,0,0,차대사람 - 횡단중,보행자보호의무위반,건조,맑음,단일로 - 기타,승용,남,52세,상해없음,보행자,남,49세,중상