사고번호,사고일시,요일,시군구,사고내용,사망자수,중상자수,경상자수,부상신고자수,사고유형,법규위반,노면상태,기상상태,도로형태,가해운전자 차종,가해운전자 성별,가해운전자 연령,가해운전자 상해정도,피해운전자 차종,피해운전자 성별,피해운전자 연령,피해운전자 상해정도
2019030800100697,2019년 3월 8일 22시,금요일,부산광역시 금정구 장전동,경상사고,0,0,1,0,차대사람 - 기타,보행자보호의무위반,건조,맑음,교차로 - 교차로안,승용,남,23세,상해없음,보행자,남,21세,경상
2019030800100717,2019년 3월 8일 23시,금요일,부산광역시 사하구 구평동,경상사고,0,0,1,0,차대차 - 기타,안전거리미확보,건조,맑음,단일로 - 기타,승용,남,57세,상해없음,승용,남,68세,상해없음
2019030900100040,2019년 3월 9일 01시,토요일,부산광역시 동래구 안락동,중상사고,0,1,1,0,차대차 - 측면충돌,교차로운행방법위반,건조,맑음,교차로 - 교차로안,승용,남,74세,상해없음,승용,남,60세,경상
2019030900100075,2019년 3월 9일 03시,토요일,부산광역시 부산진구 부전동,경상사고,0,0,1,0,차대차 - 추돌,안전운전불이행,건조,맑음,교차로 - 교차로부근,승용,남,47세,상해없음,승용,남,65세,경상
2019030900100083,2019년 3월 9일 04시,토요일,부산광역시 남구 용호동,중상사고,0,1,0,0,차대사람 - 기타,안전운전불이행,건조,맑음,단일로 - 기타,승용,여,56세,상해없음,보행자,남,64세,중상
2019030900100104,2019년 3월 9일 06시,토요일,부산광역시 해운대구 우동,중상사고,0,1,0,0,차대차 - 측면충돌,과속,건조,맑음,교차로 - 교차로부근,승용,남,32세,상해없음,자전거,남,46세,중상
2019030900100139,2019년 3월 9일 08시,토요일,부산광역시 서구 서대신동3가,중상사고,0,1,1,0,차대차 - 측면충돌,안전거리미확보,건조,맑음,단일로 - 기타,승용,여,43세,상해없음,승합,남,46세,상해없음
2019030900100168,2019년 3월 9일 09시,토요일,부산광역시 부산진구 범전동,경상사고,0,0,1,0,차대사람 - 기타,안전운전불이행,건조,맑음,단일로 - 기타,기타불명,기타불명,미분류,기타불명,보행자,남,64세,경상
2019030900100169,2019년 3월 9일 09시,토요일,부산광역시 강서구 신호동,중상사고,0,1,0,0,차대차 - 측면충돌,신호위반,건조,맑음,교차로 - 교차로안,승용,남,26세,상해없음,승용,여,38세,중상
2019030900100192,2019년 3월 9일 10시,토요일,부산광역시 동래구 안락동,경상사고,0,0,1,0,차대사람 - 횡단중,안전운전불이행,건조,맑음,교차로 - 교차로안,승용,남,52세,상해없음,보행자,여,59세,경상
2019030900100225,2019년 3월 9일 11시,토요일,부산광역시 사하구 하단동,경상사고,0,0,1,0,차대차 - 측면충돌,신호위반,건조,맑음,단일로 - 기타,특수,남,41세,상해없음,승용,남,49세,경상
2019030900100283,2019년 3월 9일 13시,토요일,부산광역시 동구 범일동,중상사고,0,1,0,0,차대차 - 기타,교차로운행방법위반,건조,맑음,교차로 - 교차로안,승용,남,36세,상해없음,승합,남,51세,상해없음
2019030900100284,2019년 3월 9일 13시,토요일,부산광역시 해운대구 반여동,중상사고,0,1,0,0,차대사람 - 횡단중,안전운전불이행,건조,맑음,교차로 - 교차로부근,승용,남,47세,상해없음,보행자,여,12세,중상
2019030900100285,2019년 3월 9일 13시,토요일,부산광역시 부산진구 부암동,경상사고,0,0,1,0,차대차 - 기타,안전거리미확보,건조,맑음,단일로 - 기타,승용,여,49세,상해없음,승용,여,39세,경상
2019030900100286,2019년 3월 9일 13시,토요일,부산광역시 부산진구 전포동,경상사고,0,0,1,0,차대사람 - 횡단중,보행자보호의무위반,건조,맑음,단일로 - 기타,이륜,남,39세,상해없음,보행자,남,44세,경상
2019030900100287,2019년 3월 9일 13시,토요일,부산광역시 사상구 주례동,경상사고,0,0,5,0,차대차 - 측면충돌,안전운전불이행,건조,맑음,교차로 - 교차로안,이륜,남,24세,경상,승용,남,45세,경상
2019030900100326,2019년 3월 9일 14시,토요일,부산광역시 북구 화명동,경상사고,0,0,1,0,차대사람 - 횡단중,안전운전불이행,건조,맑음,단일로 - 기타,승용,남,71세,상해없음,보행자,여,56세,경상
2019030900100327,2019년 3월 9일 14시,토요일,부산광역시 영도구 동삼동,경상사고,0,0,1,0,차대차 - 추돌,안전거리미확보,건조,맑음,단일로 - 기타,이륜,남,52세,상해없음,이륜,남,35세,경상
2019030900100328,2019년 3월 9일 14시,토요일,부산광역시 금정구 남산동,경상사고,0,0,2,0,차대차 - 추돌,안전운전불이행,건조,맑음,교차로 - 교차로부근,승용,남,52세,상해없음,승용,여,32세,경상
2019030900100356,2019년 3월 9일 15시,토요일,부산광역시 북구 화명동,경상사고,0,0,4,0,차대차 - 기타,안전운전불이행,건조,맑음,교차로 - 교차로안,승용,여,60세,경상,화물,남,61세,경상
2019030900100357,2019년 3월 9일 15시,토요일,부산광역시 기장군 일광면,경상사고,0,0,1,0,차대차 - 측면충돌,안전운전불이행,건조,맑음,교차로 - 교차로안,승용,남,48세,상해없음,승용,남,31세,상해없음
2019030900100391,2019년 3월 9일 16시,토요일,부산광역시 북구 화명동,중상사고,0,1,0,0,차대차 - 기타,안전운전불이행,건조,맑음,교차로 - 교차로안,승용,남,60세,상해없음,승용,남,52세,중상
2019030900100392,2019년 3월 9일 16시,토요일,부산광역시 금정구 구서동,중상사고,0,1,2,0,차대차 - 기타,신호위반,건조,맑음,교차로 - 교차로안,승용,남,33세,상해없음,승용,남,54세,경상
2019030900100393,2019년 3월 9일 16시,토요일,부산광역시 사하구 다대동,경상사고,0,0,2,0,차대차 - 기타,신호위반,건조,맑음,교차로 - 교차로안,승용,여,46세,상해없음,승용,남,67세,경상
2019030900100394,2019년 3월 9일 16시,토요일,부산광역시 사하구 괴정동,경상사고,0,0,1,1,차대차 - 측면충돌,교차로운행방법위반,건조,맑음,교차로 - 교차로안,승용,여,46세,부상신고,승용,남,28세,경상
2019030900100395,2019년 3월 9일 16시,토요일,부산광역시 기장군 기장읍,경상사고,0,0,1,0,차대차 - 기타,안전운전불이행,건조,맑음,교차로 - 교차로안,승용,남,48세,상해없음,승용,여,56세,경상
2019030900100438,2019년 3월 9일 17시,토요일,부산광역시 부산진구 개금동,경상사고,0,0,1,0,차대차 - 기타,안전운전불이행,건조,맑음,단일로 - 기타,승용,여,62세,상해없음,자전거,남,59세,경상
2019030900100439,2019년 3월 9일 17시,토요일,부산광역시 사하구 하단동,경상사고,0,0,1,0,차대차 - 측면충돌,신호위반,건조,맑음,교차로 - 교차로안,승용,남,58세,상해없음,승용,남,34세,경상
2019030900100507,2019년 3월 9일 19시,토요일,부산광역시 연제구 연산동,중상사고,0,1,0,0,차대사람 - 횡단중,보행자보호의무위반,건조,맑음,교차로 - 교차로안,승용,남,39세,상해없음,보행자,여,53세,중상
2019030900100588,2019년 3월 9일 21시,토요일,부산광역시 북구 구포동,경상사고,0,0,1,0,차대차 - 기타,신호위반,건조,맑음,단일로 - 기타,승용,남,52세,상해없음,이륜,남,45세,경상
2019030900100589,2019년 3월 9일 21시,토요일,부산광역시 동래구 안락동,경상사고,0,0,1,0,차대사람 - 기타,안전운전불이행,건조,맑음,기타 - 기타,승용,남,25세,상해없음,보행자,남,51세,경상
2019030900100590,2019년 3월 9일 21시,토요일,부산광역시 부산진구 범천동,경상사고,0,0,1,0,차대차 - 측면충돌,안전거리미확보,건조,맑음,교차로 - 교차로부근,승용,남,63세,상해없음,승용,남,47세,경상
2019030900100591,2019년 3월 9일 21시,토요일,부산광역시 사하구 하단동,중상사고,0,1,1,0,차대차 - 기타,안전운전불이행,건조,맑음,교차로 - 교차로부근,승용,남,48세,경상,승용,여,40세,중상
2019030900100645,2019년 3월 9일 23시,토요일,부산광역시 부산진구 초읍동,경상사고,0,0,2,0,차대차 - 측면충돌,안전운전불이행,건조,맑음,교차로 - 교차로안,승용,여,30세,상해없음,승용,남,65세,경상
2019031000100017,2019년 3월 10일 00시,일요일,부산광역시 사하구 괴정동,중상사고,0,1,0,0,차대사람 - 기타,안전운전불이행,건조,맑음,단일로 - 기타,승용,남,63세,상해없음,보행자,남,46세,중상
2019031000100018,2019년 3월 10일 00시,일요일,부산광역시 연제구 거제동,중상사고,0,1,0,0,차대사람 - 횡단중,보행자보호의무위반,건조,맑음,교차로 - 교차로부근,승용,남,40세,상해없음,보행자,남,19세,중상
2019031000100037,2019년 3월 10일 01시,일요일,부산광역시 수영구 민락동,중상사고,0,1,0,0,차대차 - 측면충돌,신호위반,건조,맑음,단일로 - 기타,승용,남,38세,상해없음,승용,남,42세,상해없음
2019031000100038,2019년 3월 10일 01시,일요일,부산광역시 북구 화명동,중상사고,0,1,0,0,차대차 - 기타,교차로운행방법위반,건조,맑음,교차로 - 교차로안,승용,남,45세,상해없음,승용,남,58세,상해없음
2019031000100065,2019년 3월 10일 03시,일요일,부산광역시 연제구 거제동,중상사고,0,1,0,0,차대차 - 정면충돌,신호위반,젖음/습기,맑음,교차로 - 교차로안,승용,남,68세,상해없음,승용,남,56세,상해없음
2019031000100086,2019년 3월 10일 05시,일요일,부산광역시 기장군 일광면,경상사고,0,0,2,0,차대차 - 측면충돌,신호위반,젖음/습기,비,교차로 - 교차로안,승용,여,50세,상해없음,화물,여,63세,경상
2019031000100107,2019년 3월 10일 07시,일요일,부산광역시 남구 대연동,부상신고사고,0,0,0,1,차량단독 - 공작물충돌,안전운전불이행,젖음/습기,비,단일로 - 교량,화물,남,34세,부상신고,,,,
2019031000100108,2019년 3월 10일 07시,일요일,부산광역시 부산진구 부전동,경상사고,0,0,1,0,차대사람 - 횡단중,안전운전불이행,젖음/습기,비,단일로 - 기타,승용,남,29세,상해없음,보행자,여,21세,경상
2019031000100117,2019년 3월 10일 08시,일요일,부산광역시 해운대구 좌동,중상사고,0,1,0,0,차대차 - 측면충돌,신호위반,젖음/습기,비,교차로 - 교차로안,이륜,남,62세,중상,승용,여,56세,상해없음
2019031000100118,2019년 3월 10일 08시,일요일,부산광역시 사상구 학장동,중상사고,0,2,0,0,차대차 - 측면충돌,안전운전불이행,젖음/습기,비,교차로 - 교차로부근,승용,남,60세,상해없음,화물,남,54세,중상
2019031000100151,2019년 3월 10일 11시,일요일,부산광역시 해운대구 우동,경상사고,0,0,1,0,차대차 - 측면충돌,신호위반,젖음/습기,비,단일로 - 기타,승용,남,62세,상해없음,이륜,남,22세,경상
2019031000100167,2019년 3월 10일 12시,일요일,부산광역시 서구 서대신동2가,경상사고,0,0,1,0,차대사람 - 기타,안전운전불이행,젖음/습기,비,단일로 - 기타,승용,여,43세,상해없음,보행자,남,16세,경상
2019031000100194,2019년 3월 10일 13시,일요일,부산광역시 금정구 구서동,경상사고,0,0,1,0,차대사람 - 기타,안전운전불이행,젖음/습기,비,기타 - 기타,승용,남,40세,상해없음,보행자,여,56세,경상
2019031000100217,2019년 3월 10일 14시,일요일,부산광역시 서구 동대신동2가,중상사고,0,1,0,0,차대차 - 측면충돌,안전운전불이행,젖음/습기,비,교차로 - 교차로부근,이륜,남,47세,중상,승용,남,36세,상해없음
2019031000100242,2019년 3월 10일 15시,일요일,부산광역시 부산진구 가야동,경상사고,0,0,3,0,차대차 - 정면충돌,안전운전불이행,젖음/습기,비,교차로 - 교차로부근,승용,남,66세,상해없음,승용,남,51세,경상
2019031000100243,2019년 3월 10일 15시,일요일,부산광역시 사하구 괴정동,경상사고,0,0,1,0,차대차 - 추돌,안전운전불이행,젖음/습기,비,단일로 - 기타,승용,남,39세,상해없음,승용,여,63세,경상
2019031000100244,2019년 3월 10일 15시,일요일,부산광역시 사하구 신평동,경상사고,0,0,2,0,차대차 - 측면충돌,차로위반,젖음/습기,비,단일로 - 기타,승용,남,30세,상해없음,승용,남,40세,경상
2019031000100245,2019년 3월 10일 15시,일요일,부산광역시 기장군 일광면,경상사고,0,0,4,0,차대차 - 추돌,안전운전불이행,젖음/습기,비,단일로 - 기타,화물,남,45세,상해없음,승용,남,27세,경상
2019031000100273,2019년 3월 10일 16시,일요일,부산광역시 부산진구 부전동,경상사고,0,0,1,0,차대차 - 기타,안전거리미확보,젖음/습기,비,단일로 - 기타,승용,남,69세,상해없음,이륜,남,24세,경상
2019031000100300,2019년 3월 10일 17시,일요일,부산광역시 동구 초량동,경상사고,0,0,1,0,차대차 - 추돌,안전거리미확보,젖음/습기,비,교차로 - 교차로부근,승합,남,43세,상해없음,승용,여,64세,경상
2019031000100301,2019년 3월 10일 17시,일요일,부산광역시 남구 대연동,경상사고,0,0,1,0,차대차 - 기타,교차로운행방법위반,젖음/습기,비,교차로 - 교차로안,승용,여,44세,상해없음,이륜,남,39세,경상
2019031000100302,2019년 3월 10일 17시,일요일,부산광역시 해운대구 석대동,중상사고,0,2,0,0,차대차 - 기타,안전운전불이행,건조,맑음,단일로 - 기타,승용,남,26세,상해없음,승용,여,71세,중상
2019031000100368,2019년 3월 10일 19시,일요일,부산광역시 남구 문현동,경상사고,0,0,2,0,차대차 - 추돌,안전운전불이행,건조,맑음,교차로 - 교차로부근,승용,남,64세,상해없음,승용,남,26세,경상
2019031000100369,2019년 3월 10일 19시,일요일,부산광역시 영도구 동삼동,중상사고,0,1,0,0,차대차 - 추돌,안전운전불이행,건조,맑음,교차로 - 교차로안,승용,남,44세,상해없음,이륜,남,48세,중상
2019031000100370,2019년 3월 10일 19시,일요일,부산광역시 부산진구 부전동,경상사고,0,0,1,0,차대차 - 측면충돌,안전거리미확보,건조,맑음,단일로 - 기타,이륜,남,25세,상해없음,승용,남,48세,경상
2019031000100371,2019년 3월 10일 19시,일요일,부산광역시 금정구 부곡동,경상사고,0,0,3,0,차대차 - 측면충돌,신호위반,건조,맑음,교차로 - 교차로안,승용,남,23세,상해없음,승용,남,67세,상해없음
2019031000100405,2019년 3월 10일 20시,일요일,부산광역시 동래구 명장동,경상사고,0,0,1,0,차대차 - 기타,중앙선침범,젖음/습기,비,교차로 - 교차로부근,기타불명,기타불명,미분류,기타불명,이륜,남,27세,경상
2019031000100437,2019년 3월 10일 21시,일요일,부산광역시 동래구 명륜동,경상사고,0,0,1,0,차대차 - 측면충돌,신호위반,젖음/습기,비,단일로 - 기타,이륜,남,34세,경상,승용,남,32세,상해없음
2019031000100438,2019년 3월 10일 21시,일요일,부산광역시 동래구 낙민동,경상사고,0,0,1,0,차대차 - 기타,신호위반,건조,맑음,교차로 - 교차로안,화물,남,61세,상해없음,승용,남,28세,경상
2019031000100479,2019년 3월 10일 23시,일요일,부산광역시 해운대구 우동,경상사고,0,0,1,0,차대사람 - 기타,안전운전불이행,건조,맑음,단일로 - 기타,승용,남,28세,상해없음,보행자,남,26세,경상
2019031100100033,2019년 3월 11일 02시,월요일,부산광역시 사하구 하단동,경상사고,0,0,1,0,차대차 - 측면충돌,신호위반,건조,맑음,교차로 - 교차로안,승용,여,37세,상해없음,승용,남,61세,경상
2019031100100074,2019년 3월 11일 07시,월요일,부산광역시 서구 충무동2가,경상사고,0,0,1,0,차대차 - 추돌,안전운전불이행,건조,맑음,단일로 - 기타,원동기,남,39세,상해없음,원동기,남,32세,경상
2019031100100075,2019년 3월 11일 07시,월요일,부산광역시 남구 대연동,부상신고사고,0,0,0,1,차대사람 - 차도통행중,안전운전불이행,건조,맑음,단일로 - 기타,기타불명,기타불명,미분류,기타불명,보행자,여,23세,부상신고
2019031100100111,2019년 3월 11일 08시,월요일,부산광역시 수영구 광안동,경상사고,0,0,1,0,차대차 - 추돌,안전운전불이행,건조,맑음,단일로 - 기타,승용,남,74세,상해없음,승용,남,26세,경상
2019031100100196,2019년 3월 11일 11시,월요일,부산광역시 부산진구 초읍동,중상사고,0,1,0,0,차대사람 - 보도통행중,보행자보호의무위반,건조,맑음,교차로 - 교차로부근,승용,남,59세,상해없음,보행자,여,59세,중상
2019031100100197,2019년 3월 11일 11시,월요일,부산광역시 부산진구 부전동,중상사고,0,1,0,0,차대차 - 측면충돌,신호위반,건조,맑음,교차로 - 교차로안,승용,여,24세,상해없음,이륜,남,55세,중상
2019031100100198,2019년 3월 11일 11시,월요일,부산광역시 부산진구 가야동,중상사고,0,1,0,0,차대사람 - 횡단중,신호위반,건조,맑음,단일로 - 기타,이륜,남,32세,상해없음,보행자,여,47세,중상
2019031100100217,2019년 3월 11일 12시,월요일,부산광역시 기장군 기장읍,경상사고,0,0,1,0,차대차 - 기타,안전운전불이행,건조,맑음,단일로 - 기타,승용,남,29세,상해없음,화물,남,40세,경상
2019031100100247,2019년 3월 11일 13시,월요일,부산광역시 금정구 남산동,중상사고,0,1,0,0,차대차 - 기타,안전운전불이행,건조,맑음,단일로 - 기타,승합,남,59세,상해없음,승용,남,71세,상해없음
2019031100100248,2019년 3월 11일 13시,월요일,부산광역시 강서구 명지동,경상사고,0,0,1,0,차대차 - 기타,교차로운행방법위반,건조,맑음,교차로 - 교차로안,승용,남,56세,상해없음,화물,남,60세,경상
2019031100100284,2019년 3월 11일 14시,월요일,부산광역시 동구 수정동,경상사고,0,0,1,0,차대사람 - 기타,안전운전불이행,건조,맑음,단일로 - 기타,화물,여,39세,상해없음,보행자,여,72세,경상
2019031100100285,2019년 3월 11일 14시,월요일,부산광역시 해운대구 송정동,경상사고,0,0,1,0,차대차 - 정면충돌,안전운전불이행,건조,맑음,교차로 - 교차로부근,화물,남,59세,상해없음,승용,남,64세,경상
2019031100100286,2019년 3월 11일 14시,월요일,부산광역시 부산진구 범천동,경상사고,0,0,2,0,차대차 - 기타,기타,건조,맑음,단일로 - 기타,승용,여,55세,상해없음,승합,남,39세,경상
2019031100100287,2019년 3월 11일 14시,월요일,부산광역시 연제구 연산동,경상사고,0,0,2,0,차대차 - 기타,차로위반,건조,맑음,단일로 - 기타,승용,여,43세,상해없음,승용,남,41세,경상
2019031100100314,2019년 3월 11일 15시,월요일,부산광역시 남구 감만동,중상사고,0,1,0,0,차대사람 - 기타,안전운전불이행,건조,맑음,기타 - 기타,화물,남,43세,상해없음,보행자,여,70세,중상
2019031100100315,2019년 3월 11일 15시,월요일,부산광역시 강서구 송정동,경상사고,0,0,1,0,차대차 - 측면충돌,안전운전불이행,건조,맑음,단일로 - 기타,화물,남,32세,상해없음,승용,여,48세,경상
2019031100100316,2019년 3월 11일 15시,월요일,부산광역시 사상구 학장동,경상사고,0,0,1,0,차량단독 - 기타,기타,건조,맑음,단일로 - 기타,승합,남,52세,상해없음,,,,
2019031100100348,2019년 3월 11일 16시,월요일,부산광역시 사하구 신평동,경상사고,0,0,1,0,차대사람 - 보도통행중,중앙선침범,건조,맑음,단일로 - 기타,이륜,남,60세,상해없음,보행자,여,61세,경상
2019031100100349,2019년 3월 11일 16시,월요일,부산광역시 사하구 하단동,경상사고,0,0,2,0,차대차 - 기타,차로위반,건조,맑음,단일로 - 기타,화물,남,63세,상해없음,승용,남,29세,경상
2019031100100350,2019년 3월 11일 16시,월요일,부산광역시 연제구 거제동,경상사고,0,0,2,0,차대차 - 측면충돌,신호위반,건조,맑음,교차로 - 교차로안,승용,여,61세,상해없음,승용,남,71세,경상
2019031100100351,2019년 3월 11일 16시,월요일,부산광역시 강서구 구랑동,경상사고,0,0,2,0,차대차 - 측면충돌,안전운전불이행,건조,맑음,단일로 - 기타,특수,남,30세,상해없음,승용,남,54세,경상
2019031100100386,2019년 3월 11일 17시,월요일,부산광역시 동래구 온천동,중상사고,0,1,0,0,차대차 - 정면충돌,신호위반,건조,맑음,교차로 - 교차로안,승용,여,64세,상해없음,이륜,남,51세,중상
2019031100100424,2019년 3월 11일 18시,월요일,부산광역시 남구 대연동,경상사고,0,0,1,1,차대차 - 추돌,안전운전불이행,건조,맑음,단일로 - 터널,승용,남,29세,상해없음,승용,남,54세,경상
2019031100100466,2019년 3월 11일 19시,월요일,부산광역시 금정구 부곡동,경상사고,0,0,1,0,차대차 - 추돌,안전거리미확보,건조,맑음,교차로 - 교차로부근,승용,남,60세,상해없음,승용,남,51세,경상
2019031100100467,2019년 3월 11일 19시,월요일,부산광역시 사상구 감전동,경상사고,0,0,1,0,차대차 - 측면충돌,안전운전불이행,건조,맑음,단일로 - 지하차도(도로)내,승용,남,29세,상해없음,승용,남,59세,경상
2019031100100505,2019년 3월 11일 20시,월요일,부산광역시 부산진구 범천동,경상사고,0,0,1,0,차대차 - 추돌,안전거리미확보,건조,맑음,교차로 - 교차로안,승용,여,29세,상해없음,승용,남,56세,경상
2019031100100565,2019년 3월 11일 22시,월요일,부산광역시 중구 남포동4가,경상사고,0,0,1,0,차대사람 - 횡단중,보행자보호의무위반,건조,맑음,교차로 - 교차로횡단보도내,승용,남,56세,상해없음,보행자,남,30세,경상
2019031100100566,2019년 3월 11일 22시,월요일,부산광역시 금정구 장전동,중상사고,0,1,0,1,차량단독 - 전도전복 - 전도,안전운전불이행,건조,맑음,단일로 - 기타,승합,남,57세,부상신고,,,,
2019031100100567,2019년 3월 11일 22시,월요일,부산광역시 사상구 모라동,경상사고,0,0,2,0,차대차 - 기타,교차로운행방법위반,건조,맑음,교차로 - 교차로안,승용,여,53세,경상,화물,남,25세,경상
2019031100100592,2019년 3월 11일 23시,월요일,부산광역시 부산진구 전포동,경상사고,0,0,1,0,차대차 - 측면충돌,신호위반,건조,맑음,교차로 - 교차로안,이륜,남,27세,경상,승용,남,47세,상해없음
2019031200100044,2019년 3월 12일 03시,화요일,부산광역시 기장군 기장읍,경상사고,0,0,1,0,차대차 - 추돌,안전거리미확보,건조,맑음,단일로 - 기타,화물,남,51세,상해없음,승용,여,30세,경상
2019031200100050,2019년 3월 12일 05시,화요일,부산광역시 부산진구 전포동,중상사고,0,1,0,0,차대차 - 기타,안전운전불이행,건조,맑음,단일로 - 기타,승용,남,49세,상해없음,이륜,남,25세,중상
2019031200100101,2019년 3월 12일 08시,화요일,부산광역시 해운대구 석대동,경상사고,0,0,1,0,차대차 - 측면충돌,안전운전불이행,건조,맑음,단일로 - 기타,화물,남,33세,상해없음,승용,남,30세,경상
2019031200100102,2019년 3월 12일 08시,화요일,부산광역시 금정구 구서동,경상사고,0,0,1,0,차대차 - 기타,안전운전불이행,건조,맑음,교차로 - 교차로안,승용,여,51세,상해없음,승용,여,49세,경상
2019031200100145,2019년 3월 12일 09시,화요일,부산광역시 부산진구 전포동,경상사고,0,0,1,0,차대사람 - 횡단중,안전운전불이행,건조,맑음,교차로 - 교차로안,승용,남,60세,상해없음,보행자,남,29세,경상
2019031200100146,2019년 3월 12일 09시,화요일,부산광역시 금정구 부곡동,경상사고,0,0,1,0,차대사람 - 기타,안전운전불이행,건조,맑음,단일로 - 기타,승용,여,57세,상해없음,보행자,남,50세,경상
2019031200100201,2019년 3월 12일 11시,화요일,부산광역시 서구 남부민동,경상사고,0,0,1,0,차대차 - 추돌,안전거리미확보,건조,맑음,단일로 - 기타,승용,남,65세,상해없음,화물,남,37세,경상
2019031200100202,2019년 3월 12일 11시,화요일,부산광역시 수영구 민락동,경상사고,0,0,1,0,차대차 - 측면충돌,안전거리미확보,건조,맑음,단일로 - 기타,승용,여,80세,상해없음,승용,여,34세,경상
2019031200100203,2019년 3월 12일 11시,화요일,부산광역시 북구 구포동,경상사고,0,0,1,0,차대차 - 정면충돌,안전운전불이행,건조,맑음,기타 - 기타,건설기계,남,47세,상해없음,승용,여,35세,경상
2019031200100230,2019년 3월 12일 12시,화요일,부산광역시 사하구 당리동,경상사고,0,0,1,0,차대차 - 기타,안전거리미확보,건조,맑음,단일로 - 지하차도(도로)내,승용,여,29세,기타불명,승용,여,36세,경상
2019031200100284,2019년 3월 12일 14시,화요일,부산광역시 수영구 광안동,중상사고,0,1,0,0,차대차 - 측면충돌,교차로운행방법위반,건조,맑음,단일로 - 기타,승용,남,59세,상해없음,이륜,남,41세,중상
2019031200100285,2019년 3월 12일 14시,화요일,부산광역시 부산진구 부전동,경상사고,0,0,1,0,차대사람 - 기타,안전운전불이행,건조,맑음,단일로 - 기타,승용,여,27세,상해없음,보행자,남,22세,경상
2019031200100286,2019년 3월 12일 14시,화요일,부산광역시 부산진구 부전동,경상사고,0,0,1,0,차대사람 - 기타,안전운전불이행,건조,맑음,단일로 - 기타,이륜,남,45세,상해없음,보행자,남,31세,경상
2019031200100287,2019년 3월 12일 14시,화요일,부산광역시 강서구 명지동,중상사고,0,1,0,0,차대차 - 측면충돌,신호위반,건조,맑음,교차로 - 교차로안,이륜,남,29세,상해없음,이륜,남,52세,중상
2019031200100318,2019년 3월 12일 15시,화요일,부산광역시 부산진구 전포동,중상사고,0,1,0,0,차대사람 - 횡단중,보행자보호의무위반,건조,맑음,교차로 - 교차로횡단보도내,화물,남,47세,상해없음,보행자,여,36세,중상
2019031200100348,2019년 3월 12일 16시,화요일,부산광역시 동래구 온천동,경상사고,0,0,2,0,차대차 - 측면충돌,안전운전불이행,건조,맑음,단일로 - 기타,승합,남,66세,상해없음,승용,여,39세,경상
2019031200100349,2019년 3월 12일 16시,화요일,부산광역시 사하구 다대동,경상사고,0,0,1,0,차대차 - 측면충돌,중앙선침범,건조,맑음,교차로 - 교차로안,원동기,남,40세,경상,승용,남,76세,상해없음
2019031200100350,2019년 3월 12일 16시,화요일,부산광역시 사상구 모라동,중상사고,0,1,0,0,차대차 - 측면충돌,신호위반,건조,맑음,교차로 - 교차로안,승합,남,29세,상해없음,이륜,남,60세,중상
2019031200100385,2019년 3월 12일 17시,화요일,부산광역시 동구 범일동,경상사고,0,0,1,0,차대차 - 기타,신호위반,건조,맑음,교차로 - 교차로안,승용,남,42세,상해없음,승합,남,59세,경상
2019031200100386,2019년 3월 12일 17시,화요일,부산광역시 서구 동대신동3가,경상사고,0,0,1,0,차대차 - 추돌,안전운전불이행,건조,맑음,단일로 - 기타,화물,남,46세,상해없음,승용,남,33세,경상
2019031200100387,2019년 3월 12일 17시,화요일,부산광역시 기장군 장안읍,경상사고,0,0,1,0,차대차 - 측면충돌,안전거리미확보,건조,맑음,단일로 - 기타,승용,남,28세,상해없음,승용,남,31세,경상
2019031200100425,2019년 3월 12일 18시,화요일,부산광역시 동래구 온천동,중상사고,0,1,0,0,차대차 - 정면충돌,안전운전불이행,젖음/습기,비,단일로 - 기타,승용,남,32세,상해없음,화물,남,73세,중상
2019031200100471,2019년 3월 12일 19시,화요일,부산광역시 부산진구 범천동,중상사고,0,1,0,0,차대차 - 기타,안전운전불이행,건조,맑음,단일로 - 기타,승용,여,36세,상해없음,승용,여,47세,중상
2019031200100472,2019년 3월 12일 19시,화요일,부산광역시 연제구 거제동,중상사고,0,1,1,0,차대차 - 측면충돌,직진우회전진행방해,건조,맑음,교차로 - 교차로안,승용,남,54세,경상,이륜,남,34세,중상
2019031200100510,2019년 3월 12일 20시,화요일,부산광역시 사하구 다대동,경상사고,0,0,1,0,차대차 - 정면충돌,교차로운행방법위반,건조,맑음,교차로 - 교차로안,승용,여,29세,상해없음,이륜,남,54세,경상
2019031200100537,2019년 3월 12일 21시,화요일,부산광역시 남구 문현동,경상사고,0,0,1,0,차대차 - 기타,안전거리미확보,젖음/습기,흐림,단일로 - 기타,기타불명,기타불명,미분류,기타불명,원동기,남,26세,경상
2019031200100538,2019년 3월 12일 21시,화요일,부산광역시 동래구 온천동,경상사고,0,0,1,0,차대차 - 추돌,안전운전불이행,건조,맑음,교차로 - 교차로부근,화물,여,60세,상해없음,승용,여,56세,상해없음
2019031200100539,2019년 3월 12일 21시,화요일,부산광역시 수영구 망미동,경상사고,0,0,2,0,차대차 - 추돌,안전운전불이행,건조,맑음,단일로 - 기타,승용,남,57세,상해없음,승용,남,59세,경상
2019031200100540,2019년 3월 12일 21시,화요일,부산광역시 사상구 주례동,경상사고,0,0,2,0,차대차 - 측면충돌,안전운전불이행,건조,맑음,교차로 - 교차로안,승용,남,56세,경상,이륜,남,51세,경상