사고번호,사고일시,요일,시군구,사고내용,사망자수,중상자수,경상자수,부상신고자수,사고유형,법규위반,노면상태,기상상태,도로형태,가해운전자 차종,가해운전자 성별,가해운전자 연령,가해운전자 상해정도,피해운전자 차종,피해운전자 성별,피해운전자 연령,피해운전자 상해정도
2019031200100573,2019년 3월 12일 22시,화요일,부산광역시 수영구 광안동,부상신고사고,0,0,0,1,차대사람 - 보도통행중,기타,건조,맑음,단일로 - 기타,자전거,남,60세,상해없음,보행자,남,33세,부상신고
2019031200100574,2019년 3월 12일 22시,화요일,부산광역시 연제구 연산동,경상사고,0,0,1,0,차대차 - 측면충돌,안전운전불이행,건조,맑음,단일로 - 기타,승용,남,36세,상해없음,승용,남,43세,경상
2019031200100596,2019년 3월 12일 23시,화요일,부산광역시 사상구 주례동,경상사고,0,0,1,0,차대사람 - 기타,안전운전불이행,건조,맑음,기타 - 기타,승용,여,25세,상해없음,보행자,남,54세,경상
2019031300100031,2019년 3월 13일 01시,수요일,부산광역시 사상구 주례동,중상사고,0,2,4,0,차대차 - 추돌,안전운전불이행,건조,맑음,단일로 - 기타,승용,남,32세,상해없음,승용,남,58세,경상
2019031300100042,2019년 3월 13일 04시,수요일,부산광역시 동구 범일동,중상사고,0,1,1,0,차대차 - 측면충돌,안전운전불이행,건조,맑음,교차로 - 교차로부근,화물,남,63세,상해없음,승용,남,56세,경상
2019031300100047,2019년 3월 13일 05시,수요일,부산광역시 동래구 안락동,경상사고,0,0,1,0,차대차 - 기타,신호위반,건조,맑음,교차로 - 교차로안,화물,남,42세,상해없음,승용,남,45세,경상
2019031300100048,2019년 3월 13일 05시,수요일,부산광역시 부산진구 부암동,중상사고,0,1,0,0,차대차 - 측면충돌,신호위반,건조,맑음,교차로 - 교차로안,이륜,남,35세,중상,승용,남,56세,상해없음
2019031300100072,2019년 3월 13일 07시,수요일,부산광역시 연제구 연산동,경상사고,0,0,1,0,차대차 - 측면충돌,신호위반,건조,맑음,교차로 - 교차로안,화물,남,59세,상해없음,승용,여,46세,경상
2019031300100109,2019년 3월 13일 08시,수요일,부산광역시 중구 부평동2가,경상사고,0,0,1,0,차대차 - 측면충돌,안전운전불이행,건조,맑음,교차로 - 교차로안,승용,남,23세,상해없음,이륜,남,47세,경상
2019031300100110,2019년 3월 13일 08시,수요일,부산광역시 사하구 하단동,경상사고,0,0,1,0,차대사람 - 기타,안전운전불이행,건조,맑음,단일로 - 기타,승용,여,30세,상해없음,보행자,여,59세,경상
2019031300100146,2019년 3월 13일 09시,수요일,부산광역시 서구 서대신동3가,중상사고,0,1,0,0,차대사람 - 횡단중,신호위반,건조,맑음,교차로 - 교차로부근,승용,남,37세,상해없음,보행자,여,37세,중상
2019031300100147,2019년 3월 13일 09시,수요일,부산광역시 동래구 온천동,경상사고,0,0,1,0,차대차 - 측면충돌,안전운전불이행,건조,맑음,단일로 - 기타,승용,남,47세,상해없음,승용,남,43세,경상
2019031300100184,2019년 3월 13일 10시,수요일,부산광역시 남구 대연동,중상사고,0,1,0,0,차대차 - 측면충돌,교차로운행방법위반,건조,맑음,교차로 - 교차로안,승용,남,31세,상해없음,승용,남,64세,중상
2019031300100185,2019년 3월 13일 10시,수요일,부산광역시 동래구 안락동,경상사고,0,0,1,1,차대차 - 측면충돌,안전운전불이행,건조,맑음,교차로 - 교차로안,승용,여,37세,부상신고,승용,남,34세,상해없음
2019031300100186,2019년 3월 13일 10시,수요일,부산광역시 연제구 연산동,중상사고,0,1,0,0,차대사람 - 차도통행중,안전운전불이행,건조,맑음,단일로 - 기타,승용,여,29세,상해없음,보행자,여,75세,중상
2019031300100187,2019년 3월 13일 10시,수요일,부산광역시 사상구 괘법동,경상사고,0,0,1,0,차대차 - 측면충돌,신호위반,건조,맑음,교차로 - 교차로안,승용,남,65세,상해없음,승용,남,36세,경상
2019031300100220,2019년 3월 13일 11시,수요일,부산광역시 기장군 기장읍,경상사고,0,0,2,0,차대차 - 추돌,안전거리미확보,건조,맑음,단일로 - 기타,승용,남,50세,상해없음,승용,남,33세,상해없음
2019031300100282,2019년 3월 13일 13시,수요일,부산광역시 동래구 사직동,중상사고,0,1,0,1,차대차 - 측면충돌,신호위반,건조,맑음,교차로 - 교차로안,이륜,남,64세,중상,승용,남,71세,부상신고
2019031300100318,2019년 3월 13일 14시,수요일,부산광역시 북구 구포동,중상사고,0,1,0,0,차량단독 - 기타,안전운전불이행,건조,맑음,단일로 - 기타,승합,남,42세,상해없음,,,,
2019031300100319,2019년 3월 13일 14시,수요일,부산광역시 부산진구 범천동,경상사고,0,0,1,0,차대차 - 추돌,신호위반,건조,맑음,교차로 - 교차로안,농기계,남,78세,상해없음,이륜,남,66세,경상
2019031300100320,2019년 3월 13일 14시,수요일,부산광역시 부산진구 개금동,경상사고,0,0,1,0,차대차 - 기타,안전운전불이행,건조,맑음,단일로 - 기타,승용,여,37세,상해없음,이륜,남,24세,경상
2019031300100321,2019년 3월 13일 14시,수요일,부산광역시 연제구 연산동,중상사고,0,1,0,0,차대차 - 측면충돌,안전운전불이행,건조,맑음,교차로 - 교차로안,승용,남,70세,상해없음,이륜,남,60세,중상
2019031300100386,2019년 3월 13일 16시,수요일,부산광역시 남구 대연동,중상사고,0,1,0,0,차대차 - 측면충돌,신호위반,건조,맑음,교차로 - 교차로안,승용,여,63세,상해없음,승용,여,48세,중상
2019031300100387,2019년 3월 13일 16시,수요일,부산광역시 수영구 망미동,중상사고,0,1,0,0,차대차 - 측면충돌,안전운전불이행,건조,맑음,교차로 - 교차로부근,승용,여,40세,상해없음,이륜,남,64세,중상
2019031300100433,2019년 3월 13일 17시,수요일,부산광역시 해운대구 반송동,중상사고,0,1,0,0,차대사람 - 보도통행중,안전운전불이행,건조,맑음,단일로 - 기타,승용,여,38세,상해없음,보행자,여,36세,중상
2019031300100470,2019년 3월 13일 18시,수요일,부산광역시 중구 남포동1가,중상사고,0,1,0,0,차대차 - 측면충돌,신호위반,건조,맑음,교차로 - 교차로안,승용,여,45세,상해없음,이륜,남,49세,중상
2019031300100471,2019년 3월 13일 18시,수요일,부산광역시 동래구 안락동,경상사고,0,0,1,0,차대차 - 측면충돌,안전거리미확보,건조,맑음,단일로 - 기타,승합,남,71세,상해없음,승용,남,34세,경상
2019031300100472,2019년 3월 13일 18시,수요일,부산광역시 부산진구 가야동,경상사고,0,0,1,0,차대차 - 기타,불법유턴,건조,맑음,단일로 - 기타,이륜,남,17세,상해없음,자전거,남,12세,경상
2019031300100473,2019년 3월 13일 18시,수요일,부산광역시 사하구 하단동,경상사고,0,0,1,0,차대차 - 추돌,직진우회전진행방해,건조,맑음,교차로 - 교차로안,승용,남,60세,상해없음,승용,남,62세,경상
2019031300100511,2019년 3월 13일 19시,수요일,부산광역시 북구 덕천동,중상사고,0,1,0,0,차대차 - 추돌,안전운전불이행,건조,맑음,단일로 - 기타,이륜,남,21세,상해없음,승용,남,58세,상해없음
2019031300100512,2019년 3월 13일 19시,수요일,부산광역시 부산진구 초읍동,부상신고사고,0,0,0,1,차대차 - 기타,직진우회전진행방해,건조,맑음,교차로 - 교차로안,이륜,여,25세,부상신고,승용,남,58세,상해없음
2019031300100555,2019년 3월 13일 20시,수요일,부산광역시 연제구 거제동,중상사고,0,1,0,0,차대차 - 추돌,안전운전불이행,건조,맑음,단일로 - 기타,자전거,남,27세,중상,승합,남,60세,상해없음
2019031300100556,2019년 3월 13일 20시,수요일,부산광역시 수영구 수영동,경상사고,0,0,2,0,차대차 - 측면충돌,기타,건조,맑음,교차로 - 교차로안,승용,남,35세,경상,승용,남,71세,경상
2019031300100617,2019년 3월 13일 22시,수요일,부산광역시 남구 대연동,경상사고,0,0,1,0,차대차 - 추돌,안전운전불이행,건조,맑음,교차로 - 교차로부근,승용,남,38세,기타불명,승용,여,35세,경상
2019031300100618,2019년 3월 13일 22시,수요일,부산광역시 부산진구 양정동,경상사고,0,0,1,0,차대차 - 측면충돌,안전거리미확보,건조,맑음,단일로 - 기타,승용,남,49세,상해없음,승용,남,67세,경상
2019031300100619,2019년 3월 13일 22시,수요일,부산광역시 연제구 거제동,경상사고,0,0,1,0,차대차 - 기타,교차로운행방법위반,건조,맑음,단일로 - 기타,이륜,남,51세,상해없음,이륜,남,28세,경상
2019031300100649,2019년 3월 13일 23시,수요일,부산광역시 동래구 온천동,중상사고,0,1,0,0,차대차 - 측면충돌,안전운전불이행,건조,맑음,단일로 - 기타,이륜,남,15세,상해없음,원동기,남,28세,중상
2019031300100650,2019년 3월 13일 23시,수요일,부산광역시 부산진구 가야동,중상사고,0,1,0,0,차대사람 - 기타,안전운전불이행,건조,맑음,단일로 - 기타,원동기,남,23세,상해없음,보행자,여,20세,중상
2019031400100022,2019년 3월 14일 00시,목요일,부산광역시 부산진구 범천동,경상사고,0,0,1,0,차대차 - 측면충돌,기타,건조,맑음,교차로 - 교차로안,기타불명,기타불명,미분류,기타불명,승용,남,68세,경상
2019031400100023,2019년 3월 14일 00시,목요일,부산광역시 부산진구 전포동,경상사고,0,0,1,0,차대차 - 기타,신호위반,건조,맑음,교차로 - 교차로안,승용,남,33세,상해없음,승용,남,25세,경상
2019031400100024,2019년 3월 14일 00시,목요일,부산광역시 사하구 하단동,경상사고,0,0,1,0,차대차 - 측면충돌,신호위반,건조,맑음,교차로 - 교차로안,승용,남,26세,상해없음,승용,남,59세,경상
2019031400100037,2019년 3월 14일 01시,목요일,부산광역시 동구 범일동,경상사고,0,0,1,0,차량단독 - 공작물충돌,안전운전불이행,건조,맑음,단일로 - 기타,승용,남,26세,경상,,,,
2019031400100058,2019년 3월 14일 04시,목요일,부산광역시 해운대구 우동,경상사고,0,0,1,0,차대차 - 측면충돌,안전운전불이행,건조,맑음,교차로 - 교차로안,이륜,남,34세,경상,승용,남,70세,상해없음
2019031400100074,2019년 3월 14일 06시,목요일,부산광역시 금정구 부곡동,중상사고,0,1,0,0,차대차 - 추돌,안전거리미확보,건조,맑음,단일로 - 기타,승용,남,34세,상해없음,승용,여,43세,중상
2019031400100086,2019년 3월 14일 07시,목요일,부산광역시 사하구 하단동,중상사고,0,1,0,0,차량단독 - 공작물충돌,안전운전불이행,건조,맑음,교차로 - 교차로안,승용,여,64세,중상,,,,
2019031400100123,2019년 3월 14일 08시,목요일,부산광역시 금정구 부곡동,경상사고,0,0,1,0,차대사람 - 횡단중,보행자보호의무위반,건조,맑음,교차로 - 교차로안,화물,남,71세,상해없음,보행자,남,44세,경상
2019031400100124,2019년 3월 14일 08시,목요일,부산광역시 강서구 명지동,경상사고,0,0,1,0,차대차 - 추돌,안전운전불이행,건조,맑음,단일로 - 기타,승용,남,40세,상해없음,승용,남,46세,경상
2019031400100125,2019년 3월 14일 08시,목요일,부산광역시 사상구 학장동,경상사고,0,0,1,0,차대차 - 측면충돌,교차로운행방법위반,건조,맑음,교차로 - 교차로안,승용,남,65세,상해없음,이륜,남,47세,경상
2019031400100177,2019년 3월 14일 09시,목요일,부산광역시 금정구 서동,경상사고,0,0,1,0,차대사람 - 횡단중,신호위반,건조,맑음,교차로 - 교차로부근,승용,남,62세,상해없음,보행자,여,22세,경상
2019031400100208,2019년 3월 14일 10시,목요일,부산광역시 부산진구 당감동,경상사고,0,0,1,0,차대차 - 기타,차로위반,건조,맑음,단일로 - 기타,승용,여,71세,기타불명,승용,여,62세,경상
2019031400100209,2019년 3월 14일 10시,목요일,부산광역시 사하구 신평동,부상신고사고,0,0,0,1,차대차 - 추돌,안전운전불이행,건조,맑음,단일로 - 기타,이륜,남,15세,부상신고,승합,남,45세,상해없음
2019031400100232,2019년 3월 14일 11시,목요일,부산광역시 금정구 구서동,경상사고,0,0,1,0,차대차 - 측면충돌,안전운전불이행,건조,맑음,교차로 - 교차로안,화물,남,52세,상해없음,승용,남,52세,경상
2019031400100264,2019년 3월 14일 12시,목요일,부산광역시 해운대구 재송동,중상사고,0,1,0,0,차대차 - 측면충돌,기타,건조,맑음,교차로 - 교차로안,승용,여,51세,상해없음,이륜,남,19세,중상
2019031400100265,2019년 3월 14일 12시,목요일,부산광역시 부산진구 전포동,부상신고사고,0,0,0,1,차대차 - 측면충돌,안전운전불이행,건조,맑음,단일로 - 기타,이륜,남,23세,부상신고,승용,남,32세,상해없음
2019031400100290,2019년 3월 14일 13시,목요일,부산광역시 중구 신창동1가,부상신고사고,0,0,0,1,차대사람 - 차도통행중,안전운전불이행,건조,맑음,단일로 - 기타,화물,남,59세,상해없음,보행자,여,84세,부상신고
2019031400100322,2019년 3월 14일 14시,목요일,부산광역시 남구 대연동,경상사고,0,0,1,0,차대사람 - 차도통행중,안전운전불이행,건조,맑음,단일로 - 기타,승용,남,62세,상해없음,보행자,남,34세,경상
2019031400100323,2019년 3월 14일 14시,목요일,부산광역시 연제구 거제동,경상사고,0,0,1,0,차대사람 - 길가장자리구역통행중,안전운전불이행,건조,맑음,단일로 - 기타,승용,여,48세,상해없음,보행자,남,64세,경상
2019031400100383,2019년 3월 14일 16시,목요일,부산광역시 동구 초량동,중상사고,0,1,0,0,차대사람 - 차도통행중,안전운전불이행,건조,맑음,단일로 - 기타,승용,여,60세,상해없음,보행자,여,74세,중상
2019031400100384,2019년 3월 14일 16시,목요일,부산광역시 동구 초량동,경상사고,0,0,1,0,차대사람 - 차도통행중,안전운전불이행,건조,맑음,단일로 - 기타,승용,남,67세,상해없음,보행자,여,36세,경상
2019031400100385,2019년 3월 14일 16시,목요일,부산광역시 수영구 남천동,중상사고,0,1,0,0,차량단독 - 기타,안전운전불이행,건조,맑음,단일로 - 기타,승합,남,42세,상해없음,,,,
2019031400100386,2019년 3월 14일 16시,목요일,부산광역시 연제구 거제동,경상사고,0,0,1,0,차대차 - 추돌,안전운전불이행,건조,맑음,단일로 - 기타,승용,여,27세,상해없음,승용,남,38세,상해없음
2019031400100420,2019년 3월 14일 17시,목요일,부산광역시 북구 덕천동,중상사고,0,1,0,0,차대차 - 기타,안전운전불이행,건조,맑음,단일로 - 지하차도(도로)내,승용,남,56세,상해없음,승용,남,64세,중상
2019031400100421,2019년 3월 14일 17시,목요일,부산광역시 해운대구 석대동,경상사고,0,0,1,0,차대차 - 측면충돌,차로위반,건조,맑음,단일로 - 기타,승용,남,65세,상해없음,승용,남,54세,경상
2019031400100449,2019년 3월 14일 18시,목요일,부산광역시 수영구 남천동,경상사고,0,0,1,0,차대차 - 기타,안전운전불이행,건조,맑음,교차로 - 교차로안,승용,남,72세,상해없음,화물,남,52세,경상
2019031400100450,2019년 3월 14일 18시,목요일,부산광역시 사하구 하단동,경상사고,0,0,1,0,차대차 - 측면충돌,안전운전불이행,건조,맑음,교차로 - 교차로안,승용,남,65세,상해없음,승용,남,38세,경상
2019031400100497,2019년 3월 14일 19시,목요일,부산광역시 중구 영주동,중상사고,0,1,0,0,차대사람 - 보도통행중,안전운전불이행,건조,맑음,단일로 - 고가도로위,승용,남,52세,상해없음,보행자,여,74세,중상
2019031400100498,2019년 3월 14일 19시,목요일,부산광역시 사상구 괘법동,부상신고사고,0,0,0,1,차대차 - 추돌,불법유턴,건조,맑음,교차로 - 교차로부근,이륜,남,39세,부상신고,승용,남,35세,상해없음
2019031400100545,2019년 3월 14일 20시,목요일,부산광역시 기장군 정관읍,경상사고,0,0,1,0,차대사람 - 횡단중,안전운전불이행,건조,맑음,교차로 - 교차로안,이륜,남,20세,상해없음,보행자,남,52세,경상
2019031400100597,2019년 3월 14일 22시,목요일,부산광역시 수영구 광안동,경상사고,0,0,1,0,차대차 - 추돌,안전운전불이행,건조,맑음,단일로 - 기타,승용,남,19세,기타불명,승용,남,50세,상해없음
2019031400100624,2019년 3월 14일 23시,목요일,부산광역시 사하구 장림동,경상사고,0,0,1,0,차대차 - 기타,차로위반,건조,맑음,단일로 - 기타,승용,여,36세,상해없음,승용,남,41세,경상
2019031500100053,2019년 3월 15일 02시,금요일,부산광역시 부산진구 전포동,경상사고,0,0,3,0,차대차 - 정면충돌,신호위반,건조,맑음,교차로 - 교차로안,승용,남,35세,상해없음,승용,남,43세,상해없음
2019031500100079,2019년 3월 15일 06시,금요일,부산광역시 금정구 청룡동,중상사고,0,1,0,0,차대차 - 측면충돌,신호위반,건조,맑음,교차로 - 교차로부근,승용,남,54세,상해없음,승용,남,60세,중상
2019031500100080,2019년 3월 15일 06시,금요일,부산광역시 금정구 장전동,중상사고,0,1,0,0,차대사람 - 길가장자리구역통행중,안전운전불이행,건조,맑음,교차로 - 교차로안,승용,남,69세,상해없음,보행자,여,45세,중상
2019031500100124,2019년 3월 15일 08시,금요일,부산광역시 금정구 서동,부상신고사고,0,0,0,1,차대사람 - 횡단중,안전운전불이행,건조,맑음,단일로 - 기타,화물,남,56세,상해없음,보행자,남,29세,부상신고
2019031500100125,2019년 3월 15일 08시,금요일,부산광역시 금정구 회동동,경상사고,0,0,1,0,차대사람 - 길가장자리구역통행중,안전운전불이행,건조,맑음,단일로 - 기타,승합,남,46세,상해없음,보행자,남,29세,경상
2019031500100126,2019년 3월 15일 08시,금요일,부산광역시 사상구 감전동,중상사고,0,1,0,1,차대차 - 측면충돌,직진우회전진행방해,건조,맑음,교차로 - 교차로안,화물,남,58세,부상신고,승용,남,26세,중상
2019031500100127,2019년 3월 15일 08시,금요일,부산광역시 사상구 감전동,경상사고,0,0,1,0,차대사람 - 기타,안전운전불이행,건조,맑음,기타 - 기타,승합,남,53세,상해없음,보행자,남,43세,경상
2019031500100165,2019년 3월 15일 09시,금요일,부산광역시 수영구 광안동,중상사고,0,1,0,0,차대사람 - 횡단중,신호위반,건조,맑음,단일로 - 기타,승합,남,51세,상해없음,보행자,남,35세,중상
2019031500100166,2019년 3월 15일 09시,금요일,부산광역시 북구 구포동,중상사고,0,1,1,0,차대차 - 측면충돌,안전운전불이행,건조,맑음,단일로 - 기타,승용,여,51세,상해없음,승용,남,69세,중상
2019031500100167,2019년 3월 15일 09시,금요일,부산광역시 사상구 모라동,중상사고,0,1,0,0,차대사람 - 횡단중,안전운전불이행,건조,맑음,교차로 - 교차로안,승용,여,62세,상해없음,보행자,남,66세,중상
2019031500100186,2019년 3월 15일 10시,금요일,부산광역시 서구 충무동2가,중상사고,0,1,0,0,차대사람 - 길가장자리구역통행중,안전운전불이행,건조,맑음,단일로 - 기타,이륜,남,63세,상해없음,보행자,여,78세,중상
2019031500100187,2019년 3월 15일 10시,금요일,부산광역시 동래구 안락동,중상사고,0,1,0,0,차대사람 - 길가장자리구역통행중,안전운전불이행,건조,맑음,교차로 - 교차로안,승용,여,37세,상해없음,보행자,여,67세,중상
2019031500100188,2019년 3월 15일 10시,금요일,부산광역시 부산진구 부암동,경상사고,0,0,1,0,차대사람 - 횡단중,안전운전불이행,건조,맑음,교차로 - 교차로안,승용,남,76세,상해없음,보행자,여,46세,경상
2019031500100189,2019년 3월 15일 10시,금요일,부산광역시 사하구 당리동,중상사고,0,1,0,0,차대차 - 기타,신호위반,건조,맑음,단일로 - 기타,승용,남,59세,상해없음,이륜,남,33세,중상
2019031500100223,2019년 3월 15일 11시,금요일,부산광역시 동래구 명륜동,중상사고,0,1,0,0,차대차 - 측면충돌,안전운전불이행,건조,맑음,단일로 - 기타,승용,남,50세,상해없음,이륜,남,53세,중상
2019031500100224,2019년 3월 15일 11시,금요일,부산광역시 부산진구 연지동,경상사고,0,0,1,0,차대차 - 측면충돌,직진우회전진행방해,건조,맑음,교차로 - 교차로안,승용,남,48세,상해없음,승용,남,43세,경상
2019031500100255,2019년 3월 15일 12시,금요일,부산광역시 부산진구 부전동,경상사고,0,0,1,0,차대차 - 측면충돌,신호위반,건조,맑음,교차로 - 교차로안,승용,남,58세,상해없음,승용,남,62세,경상
2019031500100256,2019년 3월 15일 12시,금요일,부산광역시 강서구 명지동,중상사고,0,1,0,0,차대차 - 측면충돌,안전거리미확보,건조,맑음,교차로 - 교차로부근,승용,여,65세,상해없음,이륜,남,35세,중상
2019031500100257,2019년 3월 15일 12시,금요일,부산광역시 사상구 괘법동,경상사고,0,0,1,0,차대사람 - 기타,안전운전불이행,건조,흐림,교차로 - 교차로부근,승용,남,22세,상해없음,보행자,여,61세,경상
2019031500100258,2019년 3월 15일 12시,금요일,부산광역시 기장군 기장읍,중상사고,0,1,0,0,차대사람 - 횡단중,신호위반,건조,맑음,교차로 - 교차로횡단보도내,승용,남,66세,상해없음,보행자,남,45세,중상
2019031500100280,2019년 3월 15일 13시,금요일,부산광역시 북구 구포동,경상사고,0,0,1,0,차대차 - 정면충돌,안전운전불이행,건조,맑음,교차로 - 교차로안,승용,남,23세,상해없음,승합,남,70세,경상
2019031500100317,2019년 3월 15일 14시,금요일,부산광역시 동구 초량동,경상사고,0,0,1,0,차대차 - 추돌,안전운전불이행,건조,맑음,단일로 - 기타,승용,남,60세,상해없음,승용,남,61세,경상
2019031500100318,2019년 3월 15일 14시,금요일,부산광역시 수영구 광안동,경상사고,0,0,1,0,차대차 - 기타,안전거리미확보,건조,맑음,단일로 - 기타,이륜,남,27세,상해없음,승합,남,29세,경상
2019031500100354,2019년 3월 15일 15시,금요일,부산광역시 사하구 괴정동,중상사고,0,1,1,0,차대차 - 기타,안전거리미확보,젖음/습기,비,단일로 - 기타,승용,남,49세,중상,승용,남,65세,경상
2019031500100396,2019년 3월 15일 16시,금요일,부산광역시 연제구 연산동,경상사고,0,0,1,0,차대차 - 측면충돌,직진우회전진행방해,젖음/습기,비,교차로 - 교차로안,화물,남,62세,상해없음,자전거,남,14세,경상
2019031500100397,2019년 3월 15일 16시,금요일,부산광역시 기장군 기장읍,경상사고,0,0,1,0,차대차 - 정면충돌,교차로운행방법위반,젖음/습기,맑음,교차로 - 교차로안,화물,남,75세,상해없음,승용,여,57세,경상
2019031500100450,2019년 3월 15일 17시,금요일,부산광역시 동래구 사직동,경상사고,0,0,1,0,차대차 - 측면충돌,신호위반,건조,맑음,단일로 - 기타,승합,남,53세,상해없음,화물,남,48세,경상
2019031500100451,2019년 3월 15일 17시,금요일,부산광역시 강서구 명지동,경상사고,0,0,1,0,차대차 - 측면충돌,안전거리미확보,건조,맑음,단일로 - 기타,승용,여,56세,상해없음,승용,남,33세,경상
2019031500100494,2019년 3월 15일 18시,금요일,부산광역시 금정구 장전동,경상사고,0,0,1,0,차대사람 - 기타,안전운전불이행,건조,맑음,기타 - 기타,승용,남,38세,상해없음,보행자,여,15세,경상
2019031500100495,2019년 3월 15일 18시,금요일,부산광역시 사하구 다대동,경상사고,0,0,1,0,차대차 - 측면충돌,안전운전불이행,건조,맑음,단일로 - 기타,승용,남,45세,상해없음,이륜,남,40세,경상
2019031500100496,2019년 3월 15일 18시,금요일,부산광역시 연제구 연산동,경상사고,0,0,1,0,차대차 - 기타,안전운전불이행,젖음/습기,흐림,단일로 - 기타,이륜,남,20세,상해없음,승용,남,35세,경상
2019031500100603,2019년 3월 15일 20시,금요일,부산광역시 부산진구 부전동,경상사고,0,0,1,0,차대사람 - 횡단중,보행자보호의무위반,건조,맑음,단일로 - 기타,승용,남,26세,상해없음,보행자,남,56세,경상
2019031500100604,2019년 3월 15일 20시,금요일,부산광역시 기장군 정관읍,경상사고,0,0,2,0,차대차 - 정면충돌,신호위반,건조,맑음,교차로 - 교차로안,승용,남,25세,상해없음,승용,남,42세,경상
2019031500100647,2019년 3월 15일 21시,금요일,부산광역시 서구 암남동,경상사고,0,0,2,0,차대차 - 추돌,안전운전불이행,젖음/습기,흐림,교차로 - 교차로부근,승용,남,24세,상해없음,승용,여,30세,경상
2019031500100648,2019년 3월 15일 21시,금요일,부산광역시 남구 우암동,중상사고,0,1,0,0,차대차 - 기타,안전거리미확보,건조,맑음,단일로 - 고가도로위,승용,남,59세,기타불명,화물,남,50세,중상
2019031500100649,2019년 3월 15일 21시,금요일,부산광역시 사하구 장림동,중상사고,0,1,2,0,차대차 - 기타,안전운전불이행,젖음/습기,맑음,교차로 - 교차로안,화물,남,57세,기타불명,승용,여,51세,경상
2019031500100686,2019년 3월 15일 22시,금요일,부산광역시 서구 암남동,경상사고,0,0,1,0,차량단독 - 공작물충돌,안전운전불이행,건조,맑음,단일로 - 기타,승용,남,30세,상해없음,,,,
2019031500100687,2019년 3월 15일 22시,금요일,부산광역시 부산진구 당감동,경상사고,0,0,1,0,차대차 - 측면충돌,안전운전불이행,건조,맑음,교차로 - 교차로안,승용,여,34세,상해없음,이륜,남,56세,경상
2019031500100688,2019년 3월 15일 22시,금요일,부산광역시 사하구 다대동,중상사고,0,1,0,0,차대사람 - 횡단중,신호위반,건조,맑음,교차로 - 교차로횡단보도내,승용,남,22세,상해없음,보행자,여,65세,중상
2019031500100721,2019년 3월 15일 23시,금요일,부산광역시 수영구 광안동,경상사고,0,0,4,0,차대차 - 측면충돌,교차로운행방법위반,건조,맑음,교차로 - 교차로안,승용,남,27세,경상,승용,남,54세,경상
2019031500100722,2019년 3월 15일 23시,금요일,부산광역시 동래구 안락동,부상신고사고,0,0,0,1,차대사람 - 횡단중,안전운전불이행,건조,맑음,단일로 - 기타,승용,여,68세,상해없음,보행자,여,29세,부상신고
2019031600100025,2019년 3월 16일 00시,토요일,부산광역시 수영구 광안동,경상사고,0,0,1,0,차대차 - 측면충돌,안전운전불이행,건조,맑음,교차로 - 교차로안,승용,남,60세,상해없음,이륜,남,22세,경상
2019031600100026,2019년 3월 16일 00시,토요일,부산광역시 사상구 주례동,경상사고,0,0,1,0,차대차 - 측면충돌,신호위반,건조,맑음,교차로 - 교차로안,승용,남,71세,상해없음,승용,남,41세,경상
2019031600100027,2019년 3월 16일 00시,토요일,부산광역시 사상구 괘법동,경상사고,0,0,1,0,차대차 - 추돌,안전운전불이행,건조,맑음,단일로 - 기타,이륜,남,29세,경상,승용,남,60세,상해없음
2019031600100053,2019년 3월 16일 01시,토요일,부산광역시 동구 범일동,중상사고,0,1,0,0,차대사람 - 기타,신호위반,건조,맑음,단일로 - 기타,승용,남,58세,상해없음,보행자,남,23세,중상
2019031600100054,2019년 3월 16일 01시,토요일,부산광역시 부산진구 부전동,경상사고,0,0,1,0,차대사람 - 차도통행중,안전운전불이행,건조,맑음,교차로 - 교차로부근,승용,여,26세,상해없음,보행자,여,52세,경상
2019031600100067,2019년 3월 16일 02시,토요일,부산광역시 금정구 노포동,사망사고,1,0,0,0,차량단독 - 공작물충돌,안전운전불이행,건조,맑음,교차로 - 교차로횡단보도내,승용,남,62세,사망,,,,
2019031600100081,2019년 3월 16일 03시,토요일,부산광역시 사상구 괘법동,중상사고,0,1,0,0,차대사람 - 길가장자리구역통행중,안전운전불이행,건조,맑음,단일로 - 기타,승용,남,60세,상해없음,보행자,여,21세,중상
2019031600100099,2019년 3월 16일 05시,토요일,부산광역시 수영구 망미동,중상사고,0,1,0,0,차대사람 - 기타,안전운전불이행,건조,맑음,단일로 - 기타,승용,남,70세,상해없음,보행자,남,72세,중상
2019031600100123,2019년 3월 16일 07시,토요일,부산광역시 부산진구 개금동,부상신고사고,0,0,0,1,차대차 - 측면충돌,신호위반,건조,맑음,교차로 - 교차로부근,이륜,남,68세,부상신고,승용,여,61세,상해없음
2019031600100139,2019년 3월 16일 08시,토요일,부산광역시 연제구 연산동,경상사고,0,0,1,0,차대차 - 측면충돌,안전운전불이행,건조,맑음,교차로 - 교차로안,화물,남,30세,상해없음,승합,남,54세,상해없음
2019031600100171,2019년 3월 16일 09시,토요일,부산광역시 강서구 명지동,경상사고,0,0,2,0,차대차 - 측면충돌,안전거리미확보,건조,맑음,단일로 - 기타,화물,남,59세,상해없음,승용,남,64세,경상