사고번호,사고일시,요일,시군구,사고내용,사망자수,중상자수,경상자수,부상신고자수,사고유형,법규위반,노면상태,기상상태,도로형태,가해운전자 차종,가해운전자 성별,가해운전자 연령,가해운전자 상해정도,피해운전자 차종,피해운전자 성별,피해운전자 연령,피해운전자 상해정도
2019032000100102,2019년 3월 20일 07시,수요일,부산광역시 사하구 괴정동,경상사고,0,0,5,0,차대차 - 추돌,안전거리미확보,건조,맑음,단일로 - 지하차도(도로)내,승용,남,41세,상해없음,승합,남,60세,경상
2019032000100103,2019년 3월 20일 07시,수요일,부산광역시 강서구 송정동,경상사고,0,0,1,0,차대차 - 측면충돌,신호위반,건조,맑음,교차로 - 교차로안,화물,남,38세,상해없음,승용,남,35세,경상
2019032000100104,2019년 3월 20일 07시,수요일,부산광역시 기장군 장안읍,중상사고,0,1,0,0,차대차 - 추돌,안전운전불이행,건조,맑음,단일로 - 기타,승용,남,43세,중상,화물,남,50세,상해없음
2019032000100134,2019년 3월 20일 08시,수요일,부산광역시 동래구 사직동,경상사고,0,0,1,0,차대사람 - 차도통행중,안전운전불이행,건조,맑음,단일로 - 기타,승합,남,65세,상해없음,보행자,남,30세,경상
2019032000100135,2019년 3월 20일 08시,수요일,부산광역시 동래구 온천동,경상사고,0,0,2,0,차대차 - 추돌,안전거리미확보,건조,맑음,단일로 - 기타,승용,여,44세,상해없음,승용,남,33세,경상
2019032000100136,2019년 3월 20일 08시,수요일,부산광역시 영도구 동삼동,경상사고,0,0,1,0,차대사람 - 횡단중,안전운전불이행,건조,맑음,단일로 - 기타,승용,여,44세,상해없음,보행자,여,66세,경상
2019032000100137,2019년 3월 20일 08시,수요일,부산광역시 강서구 지사동,경상사고,0,0,1,0,차대차 - 기타,안전운전불이행,건조,맑음,단일로 - 기타,승용,여,24세,경상,화물,남,64세,기타불명
2019032000100138,2019년 3월 20일 08시,수요일,부산광역시 사상구 학장동,경상사고,0,0,1,0,차대차 - 측면충돌,안전운전불이행,건조,맑음,단일로 - 기타,승용,여,33세,상해없음,자전거,남,26세,경상
2019032000100139,2019년 3월 20일 08시,수요일,부산광역시 금정구 두구동,경상사고,0,0,2,0,차대차 - 기타,기타,건조,맑음,단일로 - 기타,화물,남,44세,상해없음,승용,여,27세,경상
2019032000100182,2019년 3월 20일 09시,수요일,부산광역시 중구 중앙동6가,경상사고,0,0,2,0,차대차 - 측면충돌,교차로운행방법위반,건조,맑음,교차로 - 교차로안,승합,남,44세,상해없음,화물,남,71세,경상
2019032000100183,2019년 3월 20일 09시,수요일,부산광역시 동래구 온천동,경상사고,0,0,2,0,차대차 - 추돌,안전거리미확보,건조,맑음,단일로 - 기타,승용,남,29세,경상,승용,남,43세,경상
2019032000100184,2019년 3월 20일 09시,수요일,부산광역시 부산진구 초읍동,중상사고,0,1,0,0,차대사람 - 기타,안전운전불이행,건조,맑음,단일로 - 기타,승용,여,71세,상해없음,보행자,여,87세,중상
2019032000100206,2019년 3월 20일 10시,수요일,부산광역시 남구 대연동,부상신고사고,0,0,0,1,차대사람 - 기타,안전운전불이행,건조,맑음,교차로 - 교차로부근,화물,남,66세,상해없음,보행자,남,24세,부상신고
2019032000100207,2019년 3월 20일 10시,수요일,부산광역시 해운대구 재송동,중상사고,0,1,0,0,차대차 - 측면충돌,안전운전불이행,건조,맑음,교차로 - 교차로안,승용,여,22세,상해없음,원동기,남,32세,중상
2019032000100249,2019년 3월 20일 12시,수요일,부산광역시 금정구 남산동,경상사고,0,0,1,0,차대차 - 측면충돌,안전운전불이행,건조,맑음,단일로 - 기타,승용,남,60세,상해없음,승용,여,52세,경상
2019032000100250,2019년 3월 20일 12시,수요일,부산광역시 사하구 괴정동,중상사고,0,1,0,0,차대차 - 측면충돌,신호위반,건조,흐림,교차로 - 교차로안,건설기계,남,54세,상해없음,이륜,남,28세,중상
2019032000100276,2019년 3월 20일 13시,수요일,부산광역시 남구 문현동,중상사고,0,1,0,0,차대차 - 기타,안전거리미확보,건조,맑음,단일로 - 기타,승용,남,25세,상해없음,승용,남,62세,중상
2019032000100310,2019년 3월 20일 14시,수요일,부산광역시 부산진구 양정동,경상사고,0,0,1,0,차대차 - 측면충돌,안전거리미확보,건조,맑음,교차로 - 교차로부근,승용,여,45세,상해없음,승용,여,59세,경상
2019032000100384,2019년 3월 20일 16시,수요일,부산광역시 강서구 명지동,경상사고,0,0,1,0,차대차 - 기타,불법유턴,건조,맑음,단일로 - 기타,승용,여,47세,상해없음,승용,남,38세,경상
2019032000100385,2019년 3월 20일 16시,수요일,부산광역시 사상구 괘법동,중상사고,0,1,1,0,차대차 - 측면충돌,차로위반,젖음/습기,비,단일로 - 기타,승용,여,56세,경상,화물,남,65세,중상
2019032000100420,2019년 3월 20일 17시,수요일,부산광역시 영도구 청학동,경상사고,0,0,1,0,차량단독 - 전도전복 - 전도,안전운전불이행,젖음/습기,비,교차로 - 교차로안,이륜,남,48세,경상,,,,
2019032000100421,2019년 3월 20일 17시,수요일,부산광역시 부산진구 양정동,경상사고,0,0,1,1,차대차 - 기타,안전거리미확보,젖음/습기,비,단일로 - 기타,화물,남,81세,상해없음,승합,남,40세,상해없음
2019032000100422,2019년 3월 20일 17시,수요일,부산광역시 사하구 하단동,경상사고,0,0,2,0,차대차 - 추돌,안전거리미확보,젖음/습기,흐림,단일로 - 기타,승용,남,39세,상해없음,승용,남,33세,상해없음
2019032000100471,2019년 3월 20일 18시,수요일,부산광역시 부산진구 부전동,경상사고,0,0,1,0,차대차 - 측면충돌,안전운전불이행,젖음/습기,비,단일로 - 기타,승용,남,38세,상해없음,이륜,남,53세,경상
2019032000100472,2019년 3월 20일 18시,수요일,부산광역시 부산진구 부암동,중상사고,0,1,1,0,차대차 - 측면충돌,안전운전불이행,건조,맑음,교차로 - 교차로안,화물,남,35세,경상,승용,여,29세,중상
2019032000100515,2019년 3월 20일 19시,수요일,부산광역시 남구 대연동,경상사고,0,0,1,0,차대사람 - 기타,신호위반,젖음/습기,비,교차로 - 교차로횡단보도내,승용,남,50세,상해없음,보행자,남,14세,경상
2019032000100516,2019년 3월 20일 19시,수요일,부산광역시 해운대구 중동,경상사고,0,0,1,0,차대차 - 추돌,차로위반,젖음/습기,비,단일로 - 기타,승용,남,28세,상해없음,승용,남,39세,경상
2019032000100517,2019년 3월 20일 19시,수요일,부산광역시 금정구 부곡동,중상사고,0,1,0,0,차대사람 - 길가장자리구역통행중,보행자보호의무위반,젖음/습기,비,교차로 - 교차로안,승용,남,80세,상해없음,보행자,여,53세,중상
2019032000100518,2019년 3월 20일 19시,수요일,부산광역시 사상구 주례동,부상신고사고,0,0,0,1,차대차 - 기타,안전운전불이행,건조,맑음,단일로 - 기타,화물,남,63세,상해없음,자전거,남,18세,부상신고
2019032000100575,2019년 3월 20일 20시,수요일,부산광역시 서구 서대신동3가,경상사고,0,0,4,0,차대차 - 정면충돌,교차로운행방법위반,젖음/습기,비,교차로 - 교차로안,승용,남,69세,경상,승용,남,21세,경상
2019032000100576,2019년 3월 20일 20시,수요일,부산광역시 동래구 칠산동,경상사고,0,0,1,0,차대사람 - 차도통행중,안전운전불이행,젖음/습기,비,교차로 - 교차로부근,승합,남,58세,상해없음,보행자,남,43세,경상
2019032000100577,2019년 3월 20일 20시,수요일,부산광역시 사하구 감천동,경상사고,0,0,1,0,차대사람 - 차도통행중,안전운전불이행,젖음/습기,흐림,단일로 - 기타,승용,남,52세,상해없음,보행자,여,53세,경상
2019032000100622,2019년 3월 20일 21시,수요일,부산광역시 동래구 사직동,경상사고,0,0,2,0,차대차 - 측면충돌,차로위반,젖음/습기,맑음,단일로 - 기타,승용,남,83세,상해없음,승용,남,38세,경상
2019032000100623,2019년 3월 20일 21시,수요일,부산광역시 해운대구 우동,중상사고,0,1,0,0,차대사람 - 기타,안전운전불이행,젖음/습기,비,기타 - 기타,이륜,남,16세,상해없음,보행자,여,74세,중상
2019032000100624,2019년 3월 20일 21시,수요일,부산광역시 해운대구 좌동,경상사고,0,0,1,0,차대차 - 정면충돌,신호위반,젖음/습기,비,교차로 - 교차로안,승용,남,29세,상해없음,승용,여,39세,경상
2019032000100625,2019년 3월 20일 21시,수요일,부산광역시 사상구 주례동,중상사고,0,1,0,0,차대사람 - 기타,안전운전불이행,젖음/습기,비,단일로 - 기타,승용,남,70세,상해없음,보행자,남,82세,중상
2019032000100677,2019년 3월 20일 22시,수요일,부산광역시 서구 남부민동,경상사고,0,0,3,1,차대차 - 측면충돌,차로위반,젖음/습기,비,단일로 - 기타,승용,남,28세,경상,승용,남,51세,경상
2019032000100678,2019년 3월 20일 22시,수요일,부산광역시 남구 대연동,경상사고,0,0,1,0,차대사람 - 횡단중,보행자보호의무위반,젖음/습기,비,단일로 - 기타,이륜,남,50세,상해없음,보행자,여,23세,경상
2019032000100679,2019년 3월 20일 22시,수요일,부산광역시 수영구 민락동,경상사고,0,0,1,0,차대차 - 추돌,안전운전불이행,젖음/습기,비,단일로 - 기타,승용,남,57세,상해없음,승용,남,56세,경상
2019032000100680,2019년 3월 20일 22시,수요일,부산광역시 남구 대연동,경상사고,0,0,1,0,차대차 - 측면충돌,교차로운행방법위반,젖음/습기,비,단일로 - 기타,승용,여,58세,상해없음,자전거,여,53세,경상
2019032000100681,2019년 3월 20일 22시,수요일,부산광역시 동래구 명륜동,경상사고,0,0,1,0,차대사람 - 횡단중,신호위반,젖음/습기,비,단일로 - 기타,승용,남,53세,상해없음,보행자,남,27세,경상
2019032000100682,2019년 3월 20일 22시,수요일,부산광역시 금정구 장전동,경상사고,0,0,3,0,차대차 - 측면충돌,신호위반,젖음/습기,비,교차로 - 교차로안,승용,남,38세,경상,승용,남,56세,경상
2019032000100683,2019년 3월 20일 22시,수요일,부산광역시 사하구 하단동,경상사고,0,0,1,0,차대차 - 기타,안전운전불이행,젖음/습기,비,단일로 - 지하차도(도로)내,승용,남,48세,기타불명,승용,여,45세,경상
2019032000100723,2019년 3월 20일 23시,수요일,부산광역시 서구 아미동2가,경상사고,0,0,1,0,차대차 - 측면충돌,안전운전불이행,젖음/습기,비,교차로 - 교차로안,승용,여,29세,상해없음,이륜,남,47세,경상
2019032000100724,2019년 3월 20일 23시,수요일,부산광역시 수영구 남천동,경상사고,0,0,1,0,차대사람 - 차도통행중,안전운전불이행,젖음/습기,비,교차로 - 교차로안,승용,남,62세,상해없음,보행자,남,38세,경상
2019032000100725,2019년 3월 20일 23시,수요일,부산광역시 북구 구포동,경상사고,0,0,1,0,차대차 - 기타,안전운전불이행,건조,맑음,교차로 - 교차로안,승용,남,48세,상해없음,이륜,남,22세,경상
2019032000100726,2019년 3월 20일 23시,수요일,부산광역시 동래구 온천동,경상사고,0,0,1,0,차대사람 - 기타,안전운전불이행,젖음/습기,비,교차로 - 교차로안,승용,남,61세,상해없음,보행자,여,26세,경상
2019032000100727,2019년 3월 20일 23시,수요일,부산광역시 연제구 연산동,경상사고,0,0,1,0,차대차 - 추돌,안전운전불이행,젖음/습기,비,단일로 - 기타,승용,여,45세,상해없음,승용,남,67세,경상
2019032000100728,2019년 3월 20일 23시,수요일,부산광역시 사상구 괘법동,경상사고,0,0,2,0,차량단독 - 기타,안전운전불이행,젖음/습기,비,교차로 - 교차로안,승용,남,50세,경상,,,,
2019032100100021,2019년 3월 21일 00시,목요일,부산광역시 서구 부민동2가,중상사고,0,1,0,0,차대사람 - 횡단중,안전운전불이행,젖음/습기,비,단일로 - 기타,승용,남,48세,상해없음,보행자,남,17세,중상
2019032100100037,2019년 3월 21일 01시,목요일,부산광역시 서구 서대신동2가,중상사고,0,1,1,0,차량단독 - 공작물충돌,안전운전불이행,젖음/습기,비,교차로 - 교차로부근,승용,남,34세,상해없음,,,,
2019032100100053,2019년 3월 21일 02시,목요일,부산광역시 기장군 정관읍,경상사고,0,0,2,0,차대차 - 측면충돌,중앙선침범,젖음/습기,비,교차로 - 교차로안,이륜,남,31세,상해없음,승용,여,20세,경상
2019032100100070,2019년 3월 21일 04시,목요일,부산광역시 남구 용당동,경상사고,0,0,1,0,차량단독 - 공작물충돌,안전운전불이행,서리/결빙,비,단일로 - 지하차도(도로)내,화물,남,40세,상해없음,,,,
2019032100100083,2019년 3월 21일 05시,목요일,부산광역시 연제구 연산동,경상사고,0,0,1,0,차대차 - 추돌,안전운전불이행,건조,맑음,교차로 - 교차로안,자전거,남,62세,경상,승용,남,57세,상해없음
2019032100100090,2019년 3월 21일 06시,목요일,부산광역시 동래구 낙민동,경상사고,0,0,1,0,차대차 - 측면충돌,차로위반,건조,맑음,단일로 - 기타,화물,남,53세,상해없음,승용,남,63세,경상
2019032100100106,2019년 3월 21일 07시,목요일,부산광역시 북구 화명동,중상사고,0,1,0,0,차대사람 - 횡단중,보행자보호의무위반,건조,맑음,교차로 - 교차로횡단보도내,승용,남,44세,상해없음,보행자,남,68세,중상
2019032100100107,2019년 3월 21일 07시,목요일,부산광역시 연제구 거제동,경상사고,0,0,1,0,차대차 - 측면충돌,직진우회전진행방해,건조,맑음,교차로 - 교차로안,승합,남,45세,상해없음,승용,남,60세,경상
2019032100100134,2019년 3월 21일 08시,목요일,부산광역시 해운대구 반여동,경상사고,0,0,1,0,차대사람 - 기타,신호위반,기타,맑음,교차로 - 교차로안,기타불명,기타불명,미분류,기타불명,보행자,남,15세,경상
2019032100100135,2019년 3월 21일 08시,목요일,부산광역시 해운대구 반여동,경상사고,0,0,1,0,차대차 - 추돌,안전거리미확보,건조,맑음,단일로 - 기타,승용,남,55세,상해없음,승용,여,34세,경상
2019032100100136,2019년 3월 21일 08시,목요일,부산광역시 사하구 구평동,경상사고,0,0,1,0,차대사람 - 횡단중,안전운전불이행,건조,맑음,단일로 - 기타,화물,남,27세,상해없음,보행자,여,55세,경상
2019032100100137,2019년 3월 21일 08시,목요일,부산광역시 사하구 하단동,경상사고,0,0,1,0,차대차 - 측면충돌,안전운전불이행,건조,맑음,단일로 - 기타,승용,여,37세,경상,승용,남,62세,상해없음
2019032100100138,2019년 3월 21일 08시,목요일,부산광역시 연제구 연산동,경상사고,0,0,2,0,차대차 - 추돌,기타,건조,맑음,단일로 - 기타,화물,남,57세,상해없음,승합,남,60세,경상
2019032100100139,2019년 3월 21일 08시,목요일,부산광역시 사상구 모라동,경상사고,0,0,1,0,차대차 - 측면충돌,안전운전불이행,건조,맑음,교차로 - 교차로안,승용,남,64세,상해없음,승용,여,40세,경상
2019032100100180,2019년 3월 21일 09시,목요일,부산광역시 해운대구 중동,중상사고,0,1,1,0,차대차 - 측면충돌,교차로운행방법위반,건조,맑음,교차로 - 교차로안,화물,남,63세,상해없음,화물,남,40세,경상
2019032100100235,2019년 3월 21일 11시,목요일,부산광역시 북구 덕천동,중상사고,0,1,0,0,차대차 - 기타,신호위반,건조,맑음,교차로 - 교차로안,화물,남,40세,상해없음,승용,남,63세,중상
2019032100100236,2019년 3월 21일 11시,목요일,부산광역시 동래구 명륜동,경상사고,0,0,1,0,차대차 - 측면충돌,안전운전불이행,건조,맑음,교차로 - 교차로부근,화물,남,52세,상해없음,승용,남,64세,경상
2019032100100237,2019년 3월 21일 11시,목요일,부산광역시 부산진구 부암동,중상사고,0,1,0,0,차량단독 - 기타,기타,건조,맑음,기타 - 기타,승합,남,48세,상해없음,,,,
2019032100100238,2019년 3월 21일 11시,목요일,부산광역시 금정구 서동,중상사고,0,1,0,0,차대사람 - 기타,안전운전불이행,건조,맑음,교차로 - 교차로부근,화물,남,65세,상해없음,보행자,여,72세,중상
2019032100100265,2019년 3월 21일 12시,목요일,부산광역시 수영구 광안동,경상사고,0,0,1,0,차대사람 - 기타,안전운전불이행,건조,맑음,기타 - 기타,화물,남,54세,상해없음,보행자,여,47세,경상
2019032100100266,2019년 3월 21일 12시,목요일,부산광역시 수영구 민락동,경상사고,0,0,2,0,차대차 - 측면충돌,안전운전불이행,건조,맑음,교차로 - 교차로안,승용,남,51세,상해없음,승용,남,25세,경상
2019032100100267,2019년 3월 21일 12시,목요일,부산광역시 강서구 대저1동,중상사고,0,1,0,0,차대차 - 기타,신호위반,건조,맑음,교차로 - 교차로안,승용,남,36세,상해없음,개인형이동수단(PM),남,39세,중상
2019032100100297,2019년 3월 21일 13시,목요일,부산광역시 동래구 온천동,경상사고,0,0,4,0,차대차 - 측면충돌,교차로운행방법위반,건조,맑음,교차로 - 교차로안,승용,남,45세,경상,승용,남,69세,경상
2019032100100298,2019년 3월 21일 13시,목요일,부산광역시 영도구 동삼동,경상사고,0,0,1,0,차대사람 - 횡단중,신호위반,건조,맑음,단일로 - 기타,승용,남,63세,상해없음,보행자,여,39세,경상
2019032100100324,2019년 3월 21일 14시,목요일,부산광역시 수영구 수영동,경상사고,0,0,1,0,차량단독 - 기타,안전운전불이행,건조,맑음,단일로 - 기타,승합,남,40세,상해없음,,,,
2019032100100325,2019년 3월 21일 14시,목요일,부산광역시 동래구 명장동,중상사고,0,1,0,0,차대차 - 측면충돌,신호위반,건조,맑음,교차로 - 교차로안,승용,남,56세,상해없음,승용,남,67세,중상
2019032100100353,2019년 3월 21일 15시,목요일,부산광역시 부산진구 부전동,경상사고,0,0,1,0,차대차 - 측면충돌,신호위반,건조,맑음,교차로 - 교차로안,승용,여,57세,상해없음,승용,남,59세,경상
2019032100100354,2019년 3월 21일 15시,목요일,부산광역시 사하구 감천동,경상사고,0,0,1,0,차대사람 - 횡단중,안전운전불이행,건조,맑음,단일로 - 기타,화물,남,57세,상해없음,보행자,여,83세,경상
2019032100100387,2019년 3월 21일 16시,목요일,부산광역시 부산진구 가야동,중상사고,0,1,0,0,차대사람 - 횡단중,보행자보호의무위반,건조,맑음,교차로 - 교차로부근,이륜,남,24세,상해없음,보행자,여,12세,중상
2019032100100388,2019년 3월 21일 16시,목요일,부산광역시 사상구 주례동,중상사고,0,2,0,0,차대차 - 측면충돌,차로위반,건조,맑음,단일로 - 기타,승합,남,63세,상해없음,승용,남,27세,중상
2019032100100420,2019년 3월 21일 17시,목요일,부산광역시 중구 중앙동7가,부상신고사고,0,0,0,1,차대차 - 측면충돌,교차로운행방법위반,건조,맑음,교차로 - 교차로안,이륜,남,40세,부상신고,승합,남,61세,상해없음
2019032100100421,2019년 3월 21일 17시,목요일,부산광역시 동래구 명륜동,경상사고,0,0,1,0,차대차 - 후진중충돌,안전운전불이행,건조,맑음,교차로 - 교차로안,승용,남,60세,상해없음,이륜,남,36세,경상
2019032100100422,2019년 3월 21일 17시,목요일,부산광역시 부산진구 전포동,경상사고,0,0,1,0,차대차 - 측면충돌,안전운전불이행,건조,맑음,교차로 - 교차로부근,승용,남,67세,상해없음,화물,남,42세,상해없음
2019032100100462,2019년 3월 21일 18시,목요일,부산광역시 서구 아미동2가,중상사고,0,3,1,0,차대차 - 정면충돌,안전운전불이행,건조,맑음,기타 - 기타,승용,여,61세,중상,승용,남,38세,중상
2019032100100463,2019년 3월 21일 18시,목요일,부산광역시 북구 구포동,중상사고,0,1,0,0,차대사람 - 기타,안전운전불이행,건조,맑음,단일로 - 기타,이륜,남,19세,상해없음,보행자,여,80세,중상
2019032100100464,2019년 3월 21일 18시,목요일,부산광역시 영도구 대교동2가,경상사고,0,0,1,0,차대사람 - 길가장자리구역통행중,안전운전불이행,건조,맑음,교차로 - 교차로안,승용,남,24세,상해없음,보행자,남,60세,경상
2019032100100465,2019년 3월 21일 18시,목요일,부산광역시 연제구 연산동,경상사고,0,0,1,0,차대사람 - 횡단중,보행자보호의무위반,건조,맑음,단일로 - 기타,승용,남,35세,상해없음,보행자,남,60세,경상
2019032100100466,2019년 3월 21일 18시,목요일,부산광역시 연제구 연산동,경상사고,0,0,1,0,차대차 - 측면충돌,안전운전불이행,건조,맑음,단일로 - 기타,승용,남,62세,상해없음,승용,남,30세,경상
2019032100100467,2019년 3월 21일 18시,목요일,부산광역시 사상구 주례동,경상사고,0,0,1,0,차대사람 - 차도통행중,안전운전불이행,건조,맑음,교차로 - 교차로안,승용,남,63세,상해없음,보행자,여,60세,경상
2019032100100468,2019년 3월 21일 18시,목요일,부산광역시 사상구 주례동,경상사고,0,0,1,0,차대차 - 기타,차로위반,건조,맑음,단일로 - 기타,승용,남,66세,상해없음,이륜,남,30세,경상
2019032100100469,2019년 3월 21일 18시,목요일,부산광역시 기장군 정관읍,중상사고,0,1,2,0,차대차 - 추돌,안전운전불이행,건조,맑음,기타 - 기타,승합,남,67세,상해없음,승용,여,34세,중상
2019032100100506,2019년 3월 21일 19시,목요일,부산광역시 영도구 대교동1가,경상사고,0,0,1,0,차대차 - 측면충돌,신호위반,건조,맑음,단일로 - 고가도로위,승용,남,54세,상해없음,승용,남,44세,경상
2019032100100507,2019년 3월 21일 19시,목요일,부산광역시 금정구 서동,중상사고,0,1,0,0,차대사람 - 횡단중,안전운전불이행,건조,맑음,교차로 - 교차로부근,승용,남,27세,상해없음,보행자,여,61세,중상
2019032100100508,2019년 3월 21일 19시,목요일,부산광역시 금정구 장전동,중상사고,0,1,0,0,차대차 - 측면충돌,안전운전불이행,건조,맑음,교차로 - 교차로안,원동기,남,20세,중상,승용,남,46세,상해없음
2019032100100509,2019년 3월 21일 19시,목요일,부산광역시 금정구 장전동,부상신고사고,0,0,0,1,차대차 - 측면충돌,안전운전불이행,건조,맑음,단일로 - 기타,이륜,남,24세,부상신고,승용,남,27세,상해없음
2019032100100550,2019년 3월 21일 20시,목요일,부산광역시 부산진구 부전동,경상사고,0,0,4,0,차대차 - 측면충돌,차로위반,건조,맑음,단일로 - 기타,승용,남,47세,경상,승용,여,47세,경상
2019032100100551,2019년 3월 21일 20시,목요일,부산광역시 강서구 명지동,경상사고,0,0,1,0,차대차 - 측면충돌,신호위반,건조,맑음,교차로 - 교차로안,승용,남,27세,상해없음,승용,남,25세,경상
2019032100100577,2019년 3월 21일 21시,목요일,부산광역시 수영구 민락동,사망사고,1,0,0,0,차량단독 - 공작물충돌,안전운전불이행,건조,맑음,단일로 - 교량,승용,남,46세,사망,,,,
2019032100100578,2019년 3월 21일 21시,목요일,부산광역시 금정구 구서동,중상사고,0,2,0,0,차대차 - 추돌,안전거리미확보,건조,맑음,교차로 - 교차로부근,화물,남,45세,상해없음,승용,여,47세,중상
2019032100100579,2019년 3월 21일 21시,목요일,부산광역시 사하구 당리동,경상사고,0,0,1,0,차대사람 - 횡단중,보행자보호의무위반,건조,맑음,단일로 - 지하차도(도로)내,기타불명,기타불명,미분류,기타불명,보행자,여,15세,경상
2019032100100580,2019년 3월 21일 21시,목요일,부산광역시 사상구 모라동,경상사고,0,0,1,0,차대차 - 추돌,안전운전불이행,건조,맑음,단일로 - 기타,승용,남,56세,상해없음,승합,남,44세,경상
2019032100100608,2019년 3월 21일 22시,목요일,부산광역시 서구 아미동2가,경상사고,0,0,2,1,차대차 - 추돌,안전운전불이행,건조,맑음,단일로 - 기타,승용,남,39세,상해없음,승용,남,43세,부상신고
2019032100100630,2019년 3월 21일 23시,목요일,부산광역시 연제구 연산동,중상사고,0,1,0,0,차대사람 - 차도통행중,안전운전불이행,건조,맑음,단일로 - 기타,승용,남,28세,상해없음,보행자,여,52세,중상
2019032200100056,2019년 3월 22일 04시,금요일,부산광역시 부산진구 부전동,경상사고,0,0,2,0,차대차 - 기타,신호위반,건조,맑음,교차로 - 교차로안,승용,여,70세,상해없음,승용,남,52세,경상
2019032200100057,2019년 3월 22일 04시,금요일,부산광역시 연제구 연산동,중상사고,0,1,0,0,차대사람 - 횡단중,안전운전불이행,건조,맑음,단일로 - 기타,승용,남,69세,상해없음,보행자,남,26세,중상
2019032200100067,2019년 3월 22일 05시,금요일,부산광역시 동래구 안락동,경상사고,0,0,1,0,차대차 - 측면충돌,신호위반,건조,맑음,교차로 - 교차로횡단보도내,승용,남,72세,상해없음,자전거,남,54세,경상
2019032200100087,2019년 3월 22일 07시,금요일,부산광역시 사하구 하단동,경상사고,0,0,1,0,차대차 - 측면충돌,중앙선침범,건조,맑음,교차로 - 교차로부근,승용,남,58세,상해없음,이륜,남,34세,경상
2019032200100155,2019년 3월 22일 09시,금요일,부산광역시 남구 대연동,중상사고,0,1,0,0,차대차 - 측면충돌,안전운전불이행,건조,맑음,단일로 - 기타,승용,남,50세,상해없음,이륜,남,24세,중상
2019032200100181,2019년 3월 22일 10시,금요일,부산광역시 동래구 안락동,중상사고,0,1,0,0,차대사람 - 횡단중,신호위반,건조,맑음,교차로 - 교차로횡단보도내,화물,남,71세,상해없음,보행자,여,58세,중상
2019032200100207,2019년 3월 22일 11시,금요일,부산광역시 중구 중앙동4가,경상사고,0,0,1,0,차대차 - 측면충돌,안전운전불이행,건조,맑음,단일로 - 고가도로위,승용,남,31세,상해없음,승용,여,39세,경상
2019032200100233,2019년 3월 22일 12시,금요일,부산광역시 동구 범일동,경상사고,0,0,1,0,차대차 - 측면충돌,안전운전불이행,건조,맑음,교차로 - 교차로부근,승합,남,42세,상해없음,승용,여,50세,경상
2019032200100234,2019년 3월 22일 12시,금요일,부산광역시 금정구 남산동,경상사고,0,0,1,0,차대차 - 후진중충돌,안전운전불이행,건조,맑음,교차로 - 교차로안,승합,남,67세,상해없음,승용,남,42세,경상
2019032200100258,2019년 3월 22일 13시,금요일,부산광역시 금정구 청룡동,경상사고,0,0,1,0,차대차 - 기타,안전운전불이행,건조,맑음,단일로 - 기타,승합,남,61세,상해없음,자전거,남,80세,경상
2019032200100298,2019년 3월 22일 14시,금요일,부산광역시 동래구 온천동,경상사고,0,0,1,0,차대사람 - 횡단중,보행자보호의무위반,건조,맑음,교차로 - 교차로안,승용,남,60세,상해없음,보행자,남,28세,경상
2019032200100332,2019년 3월 22일 15시,금요일,부산광역시 중구 부평동1가,경상사고,0,0,1,0,차대사람 - 차도통행중,안전운전불이행,건조,맑음,단일로 - 기타,승용,여,22세,상해없음,보행자,남,64세,경상
2019032200100333,2019년 3월 22일 15시,금요일,부산광역시 남구 대연동,경상사고,0,0,1,0,차대차 - 추돌,안전운전불이행,건조,맑음,단일로 - 기타,승용,남,30세,상해없음,승용,여,68세,상해없음
2019032200100334,2019년 3월 22일 15시,금요일,부산광역시 부산진구 부전동,경상사고,0,0,2,0,차대차 - 측면충돌,신호위반,건조,맑음,교차로 - 교차로안,승용,남,33세,상해없음,이륜,남,25세,경상
2019032200100335,2019년 3월 22일 15시,금요일,부산광역시 사하구 신평동,중상사고,0,1,0,0,차대차 - 기타,교차로운행방법위반,건조,맑음,교차로 - 교차로안,승용,남,64세,상해없음,이륜,남,40세,중상
2019032200100336,2019년 3월 22일 15시,금요일,부산광역시 사상구 엄궁동,경상사고,0,0,1,0,차대사람 - 횡단중,기타,건조,맑음,교차로 - 교차로안,기타불명,기타불명,미분류,기타불명,보행자,여,8세,경상
2019032200100366,2019년 3월 22일 16시,금요일,부산광역시 수영구 광안동,중상사고,0,1,0,0,차대차 - 기타,안전운전불이행,건조,맑음,단일로 - 기타,화물,남,53세,상해없음,이륜,남,38세,중상
2019032200100367,2019년 3월 22일 16시,금요일,부산광역시 동래구 안락동,중상사고,0,1,0,0,차대사람 - 횡단중,안전운전불이행,건조,맑음,교차로 - 교차로부근,화물,남,64세,상해없음,보행자,남,6세,중상
2019032200100368,2019년 3월 22일 16시,금요일,부산광역시 사상구 감전동,경상사고,0,0,2,0,차대차 - 측면충돌,차로위반,건조,맑음,단일로 - 고가도로위,승용,여,62세,경상,승합,남,57세,상해없음
2019032200100467,2019년 3월 22일 18시,금요일,부산광역시 부산진구 부전동,중상사고,0,1,0,0,차대차 - 측면충돌,신호위반,건조,맑음,교차로 - 교차로안,이륜,남,25세,상해없음,이륜,남,22세,중상