사고번호,사고일시,요일,시군구,사고내용,사망자수,중상자수,경상자수,부상신고자수,사고유형,법규위반,노면상태,기상상태,도로형태,가해운전자 차종,가해운전자 성별,가해운전자 연령,가해운전자 상해정도,피해운전자 차종,피해운전자 성별,피해운전자 연령,피해운전자 상해정도
2019040200100262,2019년 4월 2일 11시,화요일,부산광역시 동래구 안락동,경상사고,0,0,1,1,차대차 - 기타,안전운전불이행,건조,맑음,교차로 - 교차로안,이륜,남,28세,부상신고,승용,남,59세,경상
2019040200100325,2019년 4월 2일 13시,화요일,부산광역시 동구 범일동,경상사고,0,0,1,0,차대차 - 측면충돌,안전운전불이행,건조,맑음,단일로 - 기타,승용,남,69세,상해없음,승용,여,46세,경상
2019040200100326,2019년 4월 2일 13시,화요일,부산광역시 북구 구포동,경상사고,0,0,2,0,차대차 - 측면충돌,교차로운행방법위반,건조,맑음,교차로 - 교차로안,승용,여,59세,상해없음,화물,남,45세,경상
2019040200100327,2019년 4월 2일 13시,화요일,부산광역시 동래구 온천동,경상사고,0,0,1,0,차대차 - 정면충돌,신호위반,건조,맑음,교차로 - 교차로안,승용,남,37세,상해없음,승용,여,45세,경상
2019040200100328,2019년 4월 2일 13시,화요일,부산광역시 부산진구 부전동,경상사고,0,0,1,0,차대차 - 측면충돌,신호위반,건조,맑음,교차로 - 교차로안,승용,여,20세,상해없음,이륜,남,32세,경상
2019040200100329,2019년 4월 2일 13시,화요일,부산광역시 사하구 하단동,경상사고,0,0,1,0,차대사람 - 차도통행중,안전운전불이행,건조,맑음,단일로 - 지하차도(도로)내,승용,여,58세,상해없음,보행자,여,20세,경상
2019040200100330,2019년 4월 2일 13시,화요일,부산광역시 강서구 대저2동,경상사고,0,0,2,0,차대차 - 측면충돌,안전거리미확보,건조,맑음,단일로 - 기타,건설기계,남,41세,상해없음,승용,여,48세,경상
2019040200100359,2019년 4월 2일 14시,화요일,부산광역시 남구 감만동,중상사고,0,1,0,0,차대차 - 측면충돌,안전운전불이행,건조,맑음,교차로 - 교차로안,승용,남,62세,상해없음,이륜,남,69세,중상
2019040200100360,2019년 4월 2일 14시,화요일,부산광역시 수영구 남천동,경상사고,0,0,1,0,차대사람 - 길가장자리구역통행중,안전운전불이행,건조,맑음,교차로 - 교차로부근,승용,남,57세,상해없음,보행자,여,67세,경상
2019040200100361,2019년 4월 2일 14시,화요일,부산광역시 남구 용호동,중상사고,0,1,0,0,차대차 - 측면충돌,안전운전불이행,건조,맑음,교차로 - 교차로부근,이륜,남,50세,중상,승용,여,51세,상해없음
2019040200100397,2019년 4월 2일 15시,화요일,부산광역시 동래구 안락동,부상신고사고,0,0,0,1,차대차 - 기타,불법유턴,건조,맑음,단일로 - 기타,자전거,남,63세,부상신고,승용,남,60세,상해없음
2019040200100433,2019년 4월 2일 16시,화요일,부산광역시 중구 영주동,경상사고,0,0,3,0,차대차 - 측면충돌,안전운전불이행,건조,맑음,단일로 - 고가도로위,승용,여,32세,상해없음,승용,남,25세,경상
2019040200100434,2019년 4월 2일 16시,화요일,부산광역시 금정구 남산동,경상사고,0,0,1,0,차대차 - 측면충돌,기타,건조,맑음,교차로 - 교차로안,승용,남,26세,상해없음,원동기,남,58세,경상
2019040200100435,2019년 4월 2일 16시,화요일,부산광역시 연제구 연산동,경상사고,0,0,1,0,차대차 - 측면충돌,안전거리미확보,건조,맑음,교차로 - 교차로부근,이륜,남,27세,경상,승용,여,59세,상해없음
2019040200100436,2019년 4월 2일 16시,화요일,부산광역시 연제구 연산동,경상사고,0,0,1,0,차대차 - 기타,기타,건조,맑음,단일로 - 기타,승용,남,53세,상해없음,승용,남,64세,경상
2019040200100470,2019년 4월 2일 17시,화요일,부산광역시 수영구 광안동,중상사고,0,1,0,0,차대차 - 측면충돌,안전운전불이행,건조,맑음,단일로 - 기타,승용,여,35세,상해없음,이륜,남,43세,중상
2019040200100471,2019년 4월 2일 17시,화요일,부산광역시 남구 대연동,경상사고,0,0,1,0,차대사람 - 길가장자리구역통행중,안전운전불이행,건조,맑음,단일로 - 기타,승용,남,51세,상해없음,보행자,여,24세,경상
2019040200100472,2019년 4월 2일 17시,화요일,부산광역시 북구 덕천동,경상사고,0,0,1,0,차대차 - 기타,신호위반,건조,맑음,교차로 - 교차로안,화물,남,56세,상해없음,승용,여,31세,경상
2019040200100473,2019년 4월 2일 17시,화요일,부산광역시 해운대구 재송동,경상사고,0,0,1,0,차대차 - 추돌,안전운전불이행,건조,맑음,단일로 - 기타,승용,여,46세,상해없음,승용,여,25세,경상
2019040200100474,2019년 4월 2일 17시,화요일,부산광역시 기장군 기장읍,경상사고,0,0,1,0,차대사람 - 길가장자리구역통행중,안전운전불이행,건조,맑음,단일로 - 기타,원동기,기타불명,미분류,기타불명,보행자,여,70세,경상
2019040200100513,2019년 4월 2일 18시,화요일,부산광역시 부산진구 부전동,경상사고,0,0,1,0,차대사람 - 길가장자리구역통행중,안전운전불이행,건조,맑음,단일로 - 기타,승용,남,56세,상해없음,보행자,남,68세,경상
2019040200100514,2019년 4월 2일 18시,화요일,부산광역시 사하구 당리동,부상신고사고,0,0,0,1,차대차 - 기타,안전운전불이행,건조,맑음,교차로 - 교차로부근,이륜,남,65세,부상신고,승용,남,40세,상해없음
2019040200100515,2019년 4월 2일 18시,화요일,부산광역시 사상구 주례동,부상신고사고,0,0,0,2,차대차 - 측면충돌,신호위반,건조,맑음,교차로 - 교차로안,승용,남,65세,상해없음,승용,남,41세,상해없음
2019040200100516,2019년 4월 2일 18시,화요일,부산광역시 기장군 정관읍,경상사고,0,0,1,0,차대차 - 기타,신호위반,건조,맑음,교차로 - 교차로안,승합,남,61세,상해없음,승용,여,26세,경상
2019040200100558,2019년 4월 2일 19시,화요일,부산광역시 연제구 연산동,부상신고사고,0,0,0,1,차대차 - 기타,기타,건조,맑음,교차로 - 교차로부근,승용,남,53세,상해없음,이륜,남,23세,부상신고
2019040200100596,2019년 4월 2일 20시,화요일,부산광역시 동구 좌천동,경상사고,0,0,1,0,차대차 - 기타,신호위반,건조,맑음,교차로 - 교차로안,특수,남,29세,상해없음,승용,남,68세,상해없음
2019040200100597,2019년 4월 2일 20시,화요일,부산광역시 남구 대연동,중상사고,0,1,0,0,차대사람 - 기타,안전운전불이행,건조,맑음,교차로 - 교차로부근,승용,남,69세,상해없음,보행자,여,79세,중상
2019040200100598,2019년 4월 2일 20시,화요일,부산광역시 부산진구 전포동,경상사고,0,0,1,0,차대사람 - 횡단중,보행자보호의무위반,건조,맑음,교차로 - 교차로횡단보도내,승용,여,25세,상해없음,보행자,남,33세,경상
2019040200100599,2019년 4월 2일 20시,화요일,부산광역시 사하구 구평동,경상사고,0,0,1,0,차대차 - 기타,안전운전불이행,건조,맑음,단일로 - 기타,승용,여,71세,상해없음,승용,여,24세,경상
2019040200100600,2019년 4월 2일 20시,화요일,부산광역시 사하구 장림동,부상신고사고,0,0,0,1,차대사람 - 기타,안전운전불이행,건조,맑음,단일로 - 지하차도(도로)내,이륜,남,18세,기타불명,보행자,남,72세,부상신고
2019040200100601,2019년 4월 2일 20시,화요일,부산광역시 강서구 대저2동,경상사고,0,0,1,0,차대차 - 기타,안전거리미확보,건조,맑음,단일로 - 기타,승용,여,30세,상해없음,승용,여,55세,경상
2019040200100629,2019년 4월 2일 21시,화요일,부산광역시 사상구 괘법동,중상사고,0,1,0,0,차대차 - 측면충돌,불법유턴,건조,맑음,단일로 - 기타,이륜,남,24세,상해없음,이륜,남,58세,중상
2019040300100060,2019년 4월 3일 04시,수요일,부산광역시 해운대구 좌동,사망사고,1,0,0,0,차대사람 - 기타,안전운전불이행,건조,맑음,단일로 - 기타,승용,남,31세,상해없음,보행자,남,53세,사망
2019040300100067,2019년 4월 3일 05시,수요일,부산광역시 연제구 연산동,경상사고,0,0,1,0,차대차 - 후진중충돌,안전운전불이행,건조,맑음,단일로 - 기타,화물,남,63세,상해없음,이륜,남,19세,경상
2019040300100075,2019년 4월 3일 06시,수요일,부산광역시 강서구 식만동,중상사고,0,1,0,0,차대차 - 기타,기타,건조,맑음,기타 - 기타,특수,남,45세,상해없음,승용,남,48세,중상
2019040300100094,2019년 4월 3일 07시,수요일,부산광역시 기장군 기장읍,중상사고,0,1,0,0,차대차 - 기타,안전운전불이행,건조,맑음,기타 - 기타,승용,여,48세,상해없음,자전거,남,54세,중상
2019040300100135,2019년 4월 3일 08시,수요일,부산광역시 남구 감만동,경상사고,0,0,2,0,차대차 - 기타,신호위반,건조,맑음,교차로 - 교차로안,특수,남,62세,경상,화물,남,34세,경상
2019040300100136,2019년 4월 3일 08시,수요일,부산광역시 영도구 청학동,부상신고사고,0,0,0,1,차량단독 - 공작물충돌,안전운전불이행,건조,맑음,단일로 - 기타,이륜,남,83세,부상신고,,,,
2019040300100137,2019년 4월 3일 08시,수요일,부산광역시 금정구 회동동,경상사고,0,0,1,0,차대차 - 추돌,안전거리미확보,건조,맑음,단일로 - 기타,승용,남,46세,상해없음,승용,남,46세,경상
2019040300100138,2019년 4월 3일 08시,수요일,부산광역시 연제구 거제동,중상사고,0,1,0,0,차대차 - 기타,교차로운행방법위반,건조,맑음,교차로 - 교차로안,승용,여,45세,상해없음,승용,여,34세,중상
2019040300100177,2019년 4월 3일 09시,수요일,부산광역시 해운대구 재송동,경상사고,0,0,2,0,차대차 - 추돌,안전운전불이행,건조,맑음,단일로 - 기타,승용,여,28세,상해없음,승용,여,33세,경상
2019040300100178,2019년 4월 3일 09시,수요일,부산광역시 부산진구 당감동,경상사고,0,0,1,0,차대차 - 기타,신호위반,건조,맑음,교차로 - 교차로부근,승용,여,48세,상해없음,승용,남,39세,경상
2019040300100201,2019년 4월 3일 10시,수요일,부산광역시 북구 만덕동,경상사고,0,0,1,0,차대차 - 추돌,안전운전불이행,건조,맑음,단일로 - 기타,건설기계,남,58세,상해없음,승용,남,36세,경상
2019040300100202,2019년 4월 3일 10시,수요일,부산광역시 연제구 연산동,중상사고,0,2,0,0,차대차 - 추돌,안전운전불이행,건조,맑음,단일로 - 기타,승용,남,66세,상해없음,화물,남,30세,중상
2019040300100231,2019년 4월 3일 11시,수요일,부산광역시 동구 초량동,경상사고,0,0,3,1,차대차 - 기타,안전운전불이행,건조,맑음,단일로 - 기타,승용,남,53세,부상신고,승용,남,56세,경상
2019040300100250,2019년 4월 3일 12시,수요일,부산광역시 해운대구 반송동,중상사고,0,1,0,0,차대사람 - 횡단중,보행자보호의무위반,건조,맑음,교차로 - 교차로횡단보도내,승용,남,66세,상해없음,보행자,여,76세,중상
2019040300100310,2019년 4월 3일 14시,수요일,부산광역시 사하구 괴정동,경상사고,0,0,1,0,차대차 - 기타,안전운전불이행,건조,맑음,기타 - 기타,승용,남,25세,상해없음,이륜,남,19세,경상
2019040300100311,2019년 4월 3일 14시,수요일,부산광역시 연제구 연산동,경상사고,0,0,1,0,차대차 - 측면충돌,안전운전불이행,건조,맑음,단일로 - 기타,이륜,남,22세,상해없음,승용,여,47세,경상
2019040300100312,2019년 4월 3일 14시,수요일,부산광역시 강서구 송정동,경상사고,0,0,1,0,차대차 - 측면충돌,신호위반,건조,맑음,교차로 - 교차로안,승용,남,56세,상해없음,승용,남,37세,경상
2019040300100313,2019년 4월 3일 14시,수요일,부산광역시 강서구 대저1동,부상신고사고,0,0,0,1,차대차 - 기타,안전운전불이행,건조,맑음,교차로 - 교차로안,승용,여,60세,상해없음,화물,남,49세,부상신고
2019040300100314,2019년 4월 3일 14시,수요일,부산광역시 사상구 감전동,경상사고,0,0,2,0,차대차 - 기타,차로위반,건조,맑음,단일로 - 기타,승용,남,59세,상해없음,승용,남,66세,경상
2019040300100387,2019년 4월 3일 16시,수요일,부산광역시 서구 아미동2가,경상사고,0,0,1,0,차대차 - 측면충돌,안전운전불이행,건조,맑음,단일로 - 기타,승합,남,28세,상해없음,승용,남,59세,경상
2019040300100388,2019년 4월 3일 16시,수요일,부산광역시 북구 화명동,경상사고,0,0,1,0,차대사람 - 기타,안전운전불이행,건조,맑음,단일로 - 기타,승용,여,49세,상해없음,보행자,여,14세,경상
2019040300100389,2019년 4월 3일 16시,수요일,부산광역시 사상구 삼락동,경상사고,0,0,1,0,차대차 - 기타,안전거리미확보,건조,맑음,단일로 - 기타,화물,남,54세,상해없음,승합,남,47세,상해없음
2019040300100390,2019년 4월 3일 16시,수요일,부산광역시 사상구 주례동,경상사고,0,0,1,0,차대차 - 측면충돌,차로위반,건조,맑음,단일로 - 고가도로위,승용,여,30세,상해없음,승용,여,37세,경상
2019040300100425,2019년 4월 3일 17시,수요일,부산광역시 수영구 민락동,경상사고,0,0,1,0,차대사람 - 차도통행중,안전운전불이행,건조,맑음,단일로 - 기타,승용,여,55세,상해없음,보행자,여,14세,경상
2019040300100426,2019년 4월 3일 17시,수요일,부산광역시 동래구 온천동,경상사고,0,0,2,1,차대차 - 측면충돌,안전거리미확보,건조,맑음,단일로 - 기타,승용,여,37세,부상신고,승용,남,34세,경상
2019040300100427,2019년 4월 3일 17시,수요일,부산광역시 사상구 주례동,경상사고,0,0,2,0,차대차 - 기타,안전운전불이행,건조,맑음,교차로 - 교차로안,승용,여,38세,경상,승용,여,28세,경상
2019040300100428,2019년 4월 3일 17시,수요일,부산광역시 강서구 송정동,경상사고,0,0,2,0,차대차 - 측면충돌,중앙선침범,건조,맑음,단일로 - 기타,특수,남,65세,상해없음,승용,여,41세,경상
2019040300100429,2019년 4월 3일 17시,수요일,부산광역시 강서구 대저1동,경상사고,0,0,2,0,차대차 - 측면충돌,안전운전불이행,건조,맑음,단일로 - 기타,승용,남,40세,상해없음,승용,남,33세,경상
2019040300100481,2019년 4월 3일 18시,수요일,부산광역시 부산진구 부전동,중상사고,0,1,0,0,차대차 - 측면충돌,신호위반,건조,맑음,교차로 - 교차로안,승용,남,27세,상해없음,승용,남,52세,중상
2019040300100482,2019년 4월 3일 18시,수요일,부산광역시 금정구 장전동,경상사고,0,0,1,0,차대사람 - 기타,안전운전불이행,건조,맑음,단일로 - 기타,원동기,여,40세,상해없음,보행자,여,25세,경상
2019040300100514,2019년 4월 3일 19시,수요일,부산광역시 동래구 안락동,중상사고,0,1,0,0,차대사람 - 횡단중,안전운전불이행,건조,맑음,단일로 - 교량,승용,여,55세,상해없음,보행자,여,81세,중상
2019040300100515,2019년 4월 3일 19시,수요일,부산광역시 해운대구 우동,중상사고,0,1,0,0,차대사람 - 기타,기타,기타,맑음,교차로 - 교차로안,승용,남,63세,상해없음,보행자,여,73세,중상
2019040300100516,2019년 4월 3일 19시,수요일,부산광역시 부산진구 개금동,중상사고,0,1,0,0,차대차 - 기타,교차로운행방법위반,건조,맑음,교차로 - 교차로안,승용,남,59세,상해없음,이륜,남,51세,중상
2019040300100551,2019년 4월 3일 20시,수요일,부산광역시 연제구 연산동,중상사고,0,1,0,0,차대차 - 추돌,안전운전불이행,건조,맑음,교차로 - 교차로안,승용,여,31세,상해없음,이륜,남,27세,중상
2019040300100574,2019년 4월 3일 21시,수요일,부산광역시 동래구 사직동,경상사고,0,0,1,0,차대차 - 측면충돌,신호위반,건조,맑음,교차로 - 교차로안,승용,여,48세,상해없음,승용,남,38세,경상
2019040300100575,2019년 4월 3일 21시,수요일,부산광역시 해운대구 반여동,경상사고,0,0,2,0,차대차 - 기타,안전운전불이행,기타,맑음,단일로 - 기타,화물,남,31세,상해없음,승용,남,63세,경상
2019040300100602,2019년 4월 3일 22시,수요일,부산광역시 북구 화명동,경상사고,0,0,1,0,차대차 - 기타,신호위반,건조,맑음,교차로 - 교차로안,이륜,남,18세,경상,승용,남,35세,상해없음
2019040300100603,2019년 4월 3일 22시,수요일,부산광역시 북구 금곡동,중상사고,0,1,0,0,차대차 - 추돌,안전운전불이행,건조,맑음,교차로 - 교차로부근,승용,남,46세,상해없음,승용,남,26세,중상
2019040300100604,2019년 4월 3일 22시,수요일,부산광역시 금정구 서동,경상사고,0,0,2,0,차대사람 - 횡단중,안전운전불이행,건조,맑음,단일로 - 기타,승용,여,65세,상해없음,보행자,남,16세,경상
2019040300100605,2019년 4월 3일 22시,수요일,부산광역시 연제구 연산동,경상사고,0,0,1,0,차대차 - 추돌,안전운전불이행,건조,맑음,교차로 - 교차로부근,승용,남,42세,상해없음,승합,남,61세,경상
2019040300100606,2019년 4월 3일 22시,수요일,부산광역시 연제구 연산동,경상사고,0,0,1,0,차대차 - 측면충돌,신호위반,건조,맑음,교차로 - 교차로안,이륜,남,16세,상해없음,승용,남,54세,경상
2019040400100023,2019년 4월 4일 00시,목요일,부산광역시 금정구 장전동,부상신고사고,0,0,0,1,차대사람 - 횡단중,신호위반,건조,맑음,교차로 - 교차로안,이륜,남,28세,상해없음,보행자,여,24세,부상신고
2019040400100032,2019년 4월 4일 01시,목요일,부산광역시 연제구 연산동,경상사고,0,0,3,0,차대차 - 측면충돌,안전운전불이행,건조,맑음,단일로 - 기타,승용,남,50세,상해없음,승용,여,45세,경상
2019040400100047,2019년 4월 4일 02시,목요일,부산광역시 북구 만덕동,경상사고,0,0,1,0,차대차 - 측면충돌,신호위반,건조,맑음,교차로 - 교차로안,승용,남,56세,상해없음,승용,남,67세,경상
2019040400100053,2019년 4월 4일 03시,목요일,부산광역시 남구 대연동,경상사고,0,0,2,0,차대차 - 기타,차로위반,건조,맑음,단일로 - 기타,승용,남,72세,상해없음,승용,여,19세,경상
2019040400100054,2019년 4월 4일 03시,목요일,부산광역시 해운대구 우동,경상사고,0,0,2,0,차대차 - 측면충돌,안전거리미확보,건조,맑음,단일로 - 기타,승용,남,34세,상해없음,승용,남,62세,경상
2019040400100066,2019년 4월 4일 05시,목요일,부산광역시 남구 대연동,중상사고,0,1,0,0,차대차 - 추돌,과속,건조,맑음,단일로 - 터널,승용,남,33세,상해없음,이륜,남,35세,중상
2019040400100089,2019년 4월 4일 07시,목요일,부산광역시 서구 남부민동,경상사고,0,0,1,0,차대사람 - 횡단중,보행자보호의무위반,건조,맑음,교차로 - 교차로횡단보도내,화물,남,54세,상해없음,보행자,여,58세,경상
2019040400100090,2019년 4월 4일 07시,목요일,부산광역시 해운대구 재송동,중상사고,0,1,0,0,차대사람 - 횡단중,안전운전불이행,건조,맑음,단일로 - 기타,승합,남,64세,상해없음,보행자,여,64세,중상
2019040400100091,2019년 4월 4일 07시,목요일,부산광역시 부산진구 부전동,중상사고,0,1,0,0,차대사람 - 횡단중,신호위반,건조,맑음,교차로 - 교차로횡단보도내,화물,남,62세,상해없음,보행자,남,15세,중상
2019040400100092,2019년 4월 4일 07시,목요일,부산광역시 사상구 엄궁동,중상사고,0,1,1,0,차대차 - 측면충돌,교차로운행방법위반,건조,맑음,교차로 - 교차로안,승용,남,26세,상해없음,승용,남,40세,중상
2019040400100181,2019년 4월 4일 09시,목요일,부산광역시 중구 중앙동6가,경상사고,0,0,1,0,차대차 - 측면충돌,교차로운행방법위반,건조,맑음,단일로 - 기타,화물,남,44세,상해없음,승용,남,43세,경상
2019040400100215,2019년 4월 4일 10시,목요일,부산광역시 북구 화명동,경상사고,0,0,1,0,차대차 - 기타,교차로운행방법위반,건조,맑음,교차로 - 교차로안,승용,남,24세,상해없음,승용,여,46세,경상
2019040400100216,2019년 4월 4일 10시,목요일,부산광역시 해운대구 반송동,경상사고,0,0,1,0,차대차 - 측면충돌,교차로운행방법위반,건조,맑음,교차로 - 교차로안,승용,여,60세,상해없음,이륜,여,60세,경상
2019040400100217,2019년 4월 4일 10시,목요일,부산광역시 연제구 거제동,중상사고,0,1,1,0,차대차 - 측면충돌,신호위반,건조,맑음,교차로 - 교차로안,화물,남,41세,기타불명,승용,남,69세,경상
2019040400100278,2019년 4월 4일 12시,목요일,부산광역시 남구 대연동,부상신고사고,0,0,0,1,차대차 - 추돌,안전운전불이행,건조,맑음,교차로 - 교차로부근,화물,남,47세,상해없음,승용,남,45세,부상신고
2019040400100279,2019년 4월 4일 12시,목요일,부산광역시 수영구 남천동,경상사고,0,0,1,0,차대차 - 기타,교차로운행방법위반,건조,맑음,교차로 - 교차로안,승용,여,48세,상해없음,이륜,남,28세,경상
2019040400100280,2019년 4월 4일 12시,목요일,부산광역시 사하구 신평동,경상사고,0,0,1,0,차대차 - 기타,안전운전불이행,건조,맑음,교차로 - 교차로부근,승용,여,38세,상해없음,승용,여,41세,경상
2019040400100281,2019년 4월 4일 12시,목요일,부산광역시 사상구 감전동,경상사고,0,0,1,0,차대차 - 기타,교차로운행방법위반,건조,맑음,교차로 - 교차로안,승용,남,59세,상해없음,원동기,남,43세,경상
2019040400100308,2019년 4월 4일 13시,목요일,부산광역시 해운대구 반송동,경상사고,0,0,1,0,차대사람 - 차도통행중,안전운전불이행,건조,맑음,단일로 - 기타,이륜,남,50세,상해없음,보행자,여,64세,경상
2019040400100363,2019년 4월 4일 15시,목요일,부산광역시 동구 범일동,경상사고,0,0,1,0,차대사람 - 횡단중,신호위반,건조,맑음,단일로 - 기타,승용,여,58세,상해없음,보행자,여,59세,경상
2019040400100364,2019년 4월 4일 15시,목요일,부산광역시 남구 용호동,경상사고,0,0,1,0,차대차 - 추돌,신호위반,건조,맑음,교차로 - 교차로부근,승용,여,50세,상해없음,승용,남,27세,경상
2019040400100365,2019년 4월 4일 15시,목요일,부산광역시 동래구 안락동,중상사고,0,1,0,0,차대차 - 기타,신호위반,건조,맑음,교차로 - 교차로안,이륜,남,56세,상해없음,승합,남,39세,상해없음
2019040400100366,2019년 4월 4일 15시,목요일,부산광역시 해운대구 우동,중상사고,0,1,0,0,차대사람 - 차도통행중,안전운전불이행,건조,맑음,교차로 - 교차로부근,승용,여,48세,상해없음,보행자,남,28세,중상
2019040400100367,2019년 4월 4일 15시,목요일,부산광역시 부산진구 부암동,중상사고,0,1,0,0,차대차 - 측면충돌,차로위반,건조,맑음,단일로 - 기타,승용,여,41세,상해없음,이륜,남,74세,중상
2019040400100368,2019년 4월 4일 15시,목요일,부산광역시 연제구 연산동,부상신고사고,0,0,0,1,차대차 - 측면충돌,교차로운행방법위반,건조,맑음,단일로 - 기타,원동기,남,28세,부상신고,승용,여,39세,상해없음
2019040400100400,2019년 4월 4일 16시,목요일,부산광역시 동래구 안락동,경상사고,0,0,1,0,차대차 - 측면충돌,교차로운행방법위반,건조,맑음,교차로 - 교차로안,승합,남,47세,상해없음,승용,남,61세,경상
2019040400100401,2019년 4월 4일 16시,목요일,부산광역시 부산진구 양정동,경상사고,0,0,1,0,차대차 - 기타,차로위반,건조,맑음,단일로 - 기타,승용,남,62세,상해없음,이륜,남,52세,경상
2019040400100402,2019년 4월 4일 16시,목요일,부산광역시 사상구 덕포동,경상사고,0,0,2,0,차대차 - 기타,안전운전불이행,건조,맑음,교차로 - 교차로부근,승용,남,45세,경상,승용,남,48세,경상
2019040400100442,2019년 4월 4일 17시,목요일,부산광역시 부산진구 가야동,경상사고,0,0,1,1,차대차 - 추돌,안전운전불이행,건조,맑음,교차로 - 교차로부근,승용,남,56세,상해없음,승용,남,64세,부상신고
2019040400100495,2019년 4월 4일 18시,목요일,부산광역시 남구 대연동,경상사고,0,0,1,0,차대차 - 측면충돌,안전거리미확보,건조,맑음,단일로 - 기타,이륜,여,70세,상해없음,승용,남,67세,상해없음
2019040400100496,2019년 4월 4일 18시,목요일,부산광역시 북구 구포동,경상사고,0,0,1,1,차대차 - 기타,안전거리미확보,건조,맑음,단일로 - 기타,승용,남,68세,상해없음,이륜,남,21세,부상신고
2019040400100497,2019년 4월 4일 18시,목요일,부산광역시 부산진구 연지동,중상사고,0,1,0,0,차대차 - 측면충돌,기타,건조,맑음,단일로 - 기타,승용,남,65세,기타불명,이륜,남,17세,중상
2019040400100534,2019년 4월 4일 19시,목요일,부산광역시 남구 대연동,경상사고,0,0,1,0,차대차 - 추돌,안전운전불이행,건조,맑음,단일로 - 기타,승용,남,50세,상해없음,승용,여,31세,경상
2019040400100535,2019년 4월 4일 19시,목요일,부산광역시 동래구 안락동,경상사고,0,0,1,0,차대차 - 추돌,안전거리미확보,건조,맑음,단일로 - 기타,승용,남,58세,상해없음,승용,여,30세,경상
2019040400100612,2019년 4월 4일 21시,목요일,부산광역시 부산진구 부암동,경상사고,0,0,1,0,차대차 - 측면충돌,신호위반,건조,맑음,교차로 - 교차로안,화물,남,49세,상해없음,승용,여,27세,경상
2019040400100635,2019년 4월 4일 22시,목요일,부산광역시 남구 용당동,경상사고,0,0,1,0,차대사람 - 횡단중,보행자보호의무위반,건조,맑음,교차로 - 교차로횡단보도내,승용,남,59세,상해없음,보행자,남,25세,경상
2019040400100636,2019년 4월 4일 22시,목요일,부산광역시 사하구 다대동,경상사고,0,0,1,0,차대사람 - 차도통행중,중앙선침범,건조,맑음,단일로 - 지하차도(도로)내,승용,남,68세,상해없음,보행자,남,62세,경상
2019040400100637,2019년 4월 4일 22시,목요일,부산광역시 사하구 하단동,경상사고,0,0,2,0,차대차 - 기타,안전운전불이행,건조,맑음,교차로 - 교차로안,승용,여,40세,상해없음,승용,여,41세,경상
2019040400100659,2019년 4월 4일 23시,목요일,부산광역시 부산진구 부전동,경상사고,0,0,3,1,차대차 - 측면충돌,불법유턴,건조,맑음,단일로 - 기타,이륜,남,56세,부상신고,승용,남,59세,경상
2019040400100660,2019년 4월 4일 23시,목요일,부산광역시 사상구 모라동,부상신고사고,0,0,0,1,차대차 - 측면충돌,신호위반,건조,맑음,교차로 - 교차로안,이륜,남,16세,부상신고,승용,남,54세,상해없음
2019040500100039,2019년 4월 5일 00시,금요일,부산광역시 남구 문현동,경상사고,0,0,1,0,차대차 - 측면충돌,차로위반,건조,맑음,단일로 - 기타,승용,남,56세,상해없음,승용,남,63세,상해없음
2019040500100040,2019년 4월 5일 00시,금요일,부산광역시 남구 대연동,경상사고,0,0,1,0,차대차 - 추돌,안전운전불이행,건조,맑음,교차로 - 교차로안,승용,남,48세,경상,승용,남,36세,상해없음
2019040500100041,2019년 4월 5일 00시,금요일,부산광역시 부산진구 개금동,중상사고,0,1,2,0,차대차 - 측면충돌,신호위반,건조,맑음,교차로 - 교차로안,승용,여,64세,상해없음,승용,남,61세,중상
2019040500100059,2019년 4월 5일 02시,금요일,부산광역시 연제구 연산동,중상사고,0,1,0,0,차대사람 - 횡단중,안전운전불이행,건조,맑음,단일로 - 기타,승용,남,50세,상해없음,보행자,남,46세,중상
2019040500100071,2019년 4월 5일 04시,금요일,부산광역시 북구 화명동,경상사고,0,0,1,0,차대차 - 후진중충돌,안전운전불이행,건조,맑음,단일로 - 기타,승용,남,26세,상해없음,승합,남,47세,경상
2019040500100074,2019년 4월 5일 05시,금요일,부산광역시 부산진구 양정동,부상신고사고,0,0,0,1,차대차 - 측면충돌,안전운전불이행,건조,맑음,교차로 - 교차로안,이륜,남,31세,부상신고,화물,남,61세,상해없음
2019040500100100,2019년 4월 5일 07시,금요일,부산광역시 북구 구포동,경상사고,0,0,1,0,차대차 - 추돌,안전운전불이행,건조,맑음,단일로 - 기타,화물,남,65세,상해없음,승용,남,35세,경상
2019040500100125,2019년 4월 5일 08시,금요일,부산광역시 남구 대연동,경상사고,0,0,1,0,차대차 - 추돌,안전운전불이행,건조,맑음,교차로 - 교차로부근,승용,남,48세,상해없음,승용,여,55세,경상
2019040500100126,2019년 4월 5일 08시,금요일,부산광역시 동래구 온천동,경상사고,0,0,1,0,차대사람 - 기타,안전운전불이행,건조,맑음,단일로 - 기타,승합,남,71세,상해없음,보행자,남,11세,경상
2019040500100127,2019년 4월 5일 08시,금요일,부산광역시 사상구 학장동,부상신고사고,0,0,0,1,차량단독 - 기타,안전운전불이행,건조,맑음,단일로 - 기타,승용,남,67세,상해없음,,,,
2019040500100162,2019년 4월 5일 09시,금요일,부산광역시 동구 수정동,경상사고,0,0,2,0,차대차 - 추돌,안전거리미확보,건조,맑음,기타 - 기타,승용,여,53세,상해없음,특수,남,52세,상해없음