사고번호,사고일시,요일,시군구,사고내용,사망자수,중상자수,경상자수,부상신고자수,사고유형,법규위반,노면상태,기상상태,도로형태,가해운전자 차종,가해운전자 성별,가해운전자 연령,가해운전자 상해정도,피해운전자 차종,피해운전자 성별,피해운전자 연령,피해운전자 상해정도
2019040500100163,2019년 4월 5일 09시,금요일,부산광역시 동래구 온천동,경상사고,0,0,1,0,차대차 - 측면충돌,교차로운행방법위반,건조,맑음,교차로 - 교차로안,화물,남,52세,상해없음,승용,여,52세,경상
2019040500100187,2019년 4월 5일 10시,금요일,부산광역시 서구 토성동1가,경상사고,0,0,2,0,차대차 - 측면충돌,안전운전불이행,건조,맑음,교차로 - 교차로안,화물,남,78세,상해없음,화물,남,32세,경상
2019040500100235,2019년 4월 5일 12시,금요일,부산광역시 기장군 정관읍,경상사고,0,0,1,0,차대차 - 측면충돌,안전운전불이행,건조,맑음,교차로 - 교차로안,승용,여,45세,상해없음,승용,남,41세,경상
2019040500100297,2019년 4월 5일 14시,금요일,부산광역시 중구 남포동5가,중상사고,0,1,0,0,차대사람 - 길가장자리구역통행중,안전운전불이행,건조,맑음,단일로 - 고가도로위,승용,남,61세,상해없음,보행자,여,79세,중상
2019040500100298,2019년 4월 5일 14시,금요일,부산광역시 사하구 하단동,중상사고,0,1,0,0,차대차 - 기타,안전운전불이행,건조,맑음,교차로 - 교차로부근,승용,여,25세,상해없음,이륜,남,34세,중상
2019040500100299,2019년 4월 5일 14시,금요일,부산광역시 강서구 명지동,중상사고,0,1,0,0,차대차 - 기타,기타,건조,맑음,단일로 - 기타,승용,여,61세,상해없음,승용,남,53세,중상
2019040500100339,2019년 4월 5일 15시,금요일,부산광역시 남구 대연동,경상사고,0,0,1,0,차대차 - 기타,안전운전불이행,건조,맑음,기타 - 기타,자전거,남,33세,경상,이륜,남,54세,상해없음
2019040500100384,2019년 4월 5일 16시,금요일,부산광역시 사하구 다대동,중상사고,0,1,0,0,차대차 - 기타,신호위반,건조,맑음,교차로 - 교차로부근,승용,남,50세,상해없음,이륜,남,53세,중상
2019040500100421,2019년 4월 5일 17시,금요일,부산광역시 서구 서대신동3가,경상사고,0,0,2,0,차대차 - 측면충돌,신호위반,건조,맑음,교차로 - 교차로안,이륜,남,17세,경상,승용,남,22세,경상
2019040500100422,2019년 4월 5일 17시,금요일,부산광역시 수영구 광안동,부상신고사고,0,0,0,1,차대차 - 추돌,안전운전불이행,건조,맑음,단일로 - 기타,기타불명,기타불명,미분류,기타불명,승용,여,29세,부상신고
2019040500100423,2019년 4월 5일 17시,금요일,부산광역시 북구 덕천동,중상사고,0,1,2,0,차대차 - 추돌,안전거리미확보,건조,맑음,단일로 - 기타,승용,남,38세,중상,승용,남,45세,경상
2019040500100424,2019년 4월 5일 17시,금요일,부산광역시 부산진구 범전동,부상신고사고,0,0,0,1,차대차 - 측면충돌,신호위반,건조,맑음,교차로 - 교차로안,이륜,남,63세,부상신고,화물,남,37세,상해없음
2019040500100425,2019년 4월 5일 17시,금요일,부산광역시 사하구 당리동,경상사고,0,0,1,0,차대차 - 측면충돌,차로위반,건조,맑음,단일로 - 기타,화물,남,59세,상해없음,승용,여,61세,경상
2019040500100426,2019년 4월 5일 17시,금요일,부산광역시 연제구 거제동,중상사고,0,1,3,0,차대차 - 측면충돌,안전운전불이행,건조,맑음,단일로 - 기타,승용,남,61세,상해없음,승합,남,51세,경상
2019040500100480,2019년 4월 5일 18시,금요일,부산광역시 부산진구 부전동,경상사고,0,0,1,0,차대차 - 기타,안전운전불이행,건조,맑음,교차로 - 교차로부근,승용,남,63세,상해없음,자전거,남,34세,경상
2019040500100481,2019년 4월 5일 18시,금요일,부산광역시 사상구 덕포동,경상사고,0,0,1,2,차대차 - 기타,기타,건조,맑음,교차로 - 교차로부근,승용,여,36세,부상신고,이륜,남,27세,경상
2019040500100534,2019년 4월 5일 19시,금요일,부산광역시 동구 범일동,부상신고사고,0,0,0,1,차대차 - 기타,안전운전불이행,건조,맑음,단일로 - 기타,이륜,남,27세,부상신고,승용,남,55세,상해없음
2019040500100535,2019년 4월 5일 19시,금요일,부산광역시 해운대구 우동,중상사고,0,1,0,0,차대차 - 정면충돌,안전운전불이행,건조,맑음,단일로 - 기타,이륜,남,17세,상해없음,자전거,남,14세,중상
2019040500100536,2019년 4월 5일 19시,금요일,부산광역시 해운대구 중동,부상신고사고,0,0,0,1,차대차 - 측면충돌,안전운전불이행,건조,맑음,단일로 - 기타,승용,여,31세,상해없음,승용,남,41세,부상신고
2019040500100537,2019년 4월 5일 19시,금요일,부산광역시 금정구 구서동,부상신고사고,0,0,0,1,차대사람 - 기타,안전운전불이행,건조,맑음,기타 - 기타,원동기,남,22세,상해없음,보행자,남,26세,부상신고
2019040500100538,2019년 4월 5일 19시,금요일,부산광역시 금정구 구서동,중상사고,0,1,0,0,차대사람 - 차도통행중,안전운전불이행,건조,맑음,단일로 - 기타,승용,여,35세,상해없음,보행자,남,54세,중상
2019040500100539,2019년 4월 5일 19시,금요일,부산광역시 연제구 연산동,경상사고,0,0,2,0,차대차 - 측면충돌,교차로운행방법위반,건조,맑음,교차로 - 교차로안,승합,남,43세,기타불명,승용,남,32세,경상
2019040500100597,2019년 4월 5일 20시,금요일,부산광역시 사하구 하단동,중상사고,0,1,1,0,차대차 - 측면충돌,신호위반,건조,맑음,단일로 - 기타,승용,남,57세,상해없음,승용,여,58세,경상
2019040500100598,2019년 4월 5일 20시,금요일,부산광역시 수영구 수영동,경상사고,0,0,1,0,차대차 - 후진중충돌,안전운전불이행,건조,맑음,단일로 - 기타,승용,남,56세,상해없음,이륜,남,39세,경상
2019040500100599,2019년 4월 5일 20시,금요일,부산광역시 기장군 정관읍,경상사고,0,0,1,0,차대차 - 측면충돌,안전거리미확보,건조,기타,단일로 - 기타,승용,남,69세,상해없음,이륜,남,41세,경상
2019040500100631,2019년 4월 5일 21시,금요일,부산광역시 수영구 민락동,부상신고사고,0,0,0,1,차대차 - 기타,안전운전불이행,건조,맑음,교차로 - 교차로부근,원동기,남,22세,부상신고,승용,남,31세,상해없음
2019040500100632,2019년 4월 5일 21시,금요일,부산광역시 해운대구 우동,경상사고,0,0,1,0,차대차 - 측면충돌,안전거리미확보,건조,맑음,단일로 - 기타,승용,여,56세,상해없음,이륜,남,28세,경상
2019040500100633,2019년 4월 5일 21시,금요일,부산광역시 연제구 거제동,경상사고,0,0,1,0,차대사람 - 차도통행중,안전운전불이행,건조,맑음,단일로 - 기타,승용,남,43세,상해없음,보행자,여,55세,경상
2019040600100030,2019년 4월 6일 00시,토요일,부산광역시 동구 수정동,경상사고,0,0,1,0,차대차 - 측면충돌,교차로운행방법위반,건조,맑음,교차로 - 교차로안,원동기,남,17세,상해없음,승용,남,66세,상해없음
2019040600100031,2019년 4월 6일 00시,토요일,부산광역시 사하구 괴정동,중상사고,0,1,0,0,차대사람 - 횡단중,신호위반,건조,맑음,단일로 - 기타,승용,남,53세,상해없음,보행자,여,26세,중상
2019040600100056,2019년 4월 6일 01시,토요일,부산광역시 해운대구 재송동,경상사고,0,0,1,0,차대차 - 정면충돌,중앙선침범,건조,맑음,단일로 - 기타,승용,남,34세,상해없음,승용,남,62세,경상
2019040600100114,2019년 4월 6일 07시,토요일,부산광역시 사상구 삼락동,부상신고사고,0,0,0,1,차대차 - 추돌,안전운전불이행,건조,맑음,단일로 - 기타,이륜,남,23세,부상신고,승용,여,46세,상해없음
2019040600100132,2019년 4월 6일 08시,토요일,부산광역시 수영구 민락동,경상사고,0,0,1,0,차대차 - 기타,안전운전불이행,건조,맑음,단일로 - 기타,승용,남,31세,상해없음,승용,여,60세,경상
2019040600100186,2019년 4월 6일 10시,토요일,부산광역시 서구 아미동2가,중상사고,0,1,0,0,차대사람 - 횡단중,보행자보호의무위반,건조,맑음,단일로 - 기타,승용,남,56세,상해없음,보행자,남,82세,중상
2019040600100187,2019년 4월 6일 10시,토요일,부산광역시 해운대구 석대동,경상사고,0,0,2,0,차대차 - 추돌,안전거리미확보,건조,맑음,단일로 - 교량,화물,남,45세,상해없음,승용,남,51세,경상
2019040600100188,2019년 4월 6일 10시,토요일,부산광역시 기장군 기장읍,경상사고,0,0,2,0,차대차 - 추돌,안전거리미확보,건조,맑음,교차로 - 교차로부근,승용,남,48세,상해없음,승용,여,44세,경상
2019040600100225,2019년 4월 6일 11시,토요일,부산광역시 사하구 하단동,경상사고,0,0,1,0,차대차 - 기타,중앙선침범,건조,맑음,단일로 - 기타,이륜,남,38세,경상,화물,남,46세,상해없음
2019040600100226,2019년 4월 6일 11시,토요일,부산광역시 연제구 거제동,경상사고,0,0,1,0,차대차 - 측면충돌,안전운전불이행,건조,맑음,단일로 - 기타,승용,남,66세,상해없음,승용,남,37세,경상
2019040600100257,2019년 4월 6일 12시,토요일,부산광역시 중구 부평동4가,중상사고,0,1,0,0,차대차 - 측면충돌,신호위반,건조,맑음,교차로 - 교차로안,화물,남,37세,상해없음,이륜,남,56세,중상
2019040600100258,2019년 4월 6일 12시,토요일,부산광역시 부산진구 부암동,경상사고,0,0,2,0,차대차 - 측면충돌,안전운전불이행,건조,맑음,단일로 - 기타,화물,남,40세,상해없음,승용,남,53세,경상
2019040600100259,2019년 4월 6일 12시,토요일,부산광역시 금정구 구서동,부상신고사고,0,0,0,1,차대차 - 기타,교차로운행방법위반,건조,맑음,교차로 - 교차로안,이륜,남,31세,부상신고,승용,남,31세,상해없음
2019040600100260,2019년 4월 6일 12시,토요일,부산광역시 사하구 당리동,경상사고,0,0,2,0,차대차 - 기타,교차로운행방법위반,건조,맑음,교차로 - 교차로안,승용,남,51세,기타불명,승합,남,51세,경상
2019040600100261,2019년 4월 6일 12시,토요일,부산광역시 사상구 괘법동,중상사고,0,1,0,0,차대사람 - 기타,중앙선침범,건조,맑음,단일로 - 기타,승합,남,31세,상해없음,보행자,남,66세,중상
2019040600100295,2019년 4월 6일 13시,토요일,부산광역시 부산진구 부전동,중상사고,0,1,2,0,차대차 - 측면충돌,신호위반,건조,맑음,교차로 - 교차로안,승용,남,32세,경상,이륜,남,24세,중상
2019040600100296,2019년 4월 6일 13시,토요일,부산광역시 금정구 구서동,중상사고,0,1,0,0,차대사람 - 기타,기타,건조,맑음,단일로 - 기타,화물,남,57세,상해없음,보행자,여,74세,중상
2019040600100297,2019년 4월 6일 13시,토요일,부산광역시 강서구 송정동,중상사고,0,1,0,0,차량단독 - 기타,안전운전불이행,건조,맑음,단일로 - 기타,이륜,남,21세,중상,,,,
2019040600100298,2019년 4월 6일 13시,토요일,부산광역시 강서구 죽동동,중상사고,0,1,0,0,차대사람 - 횡단중,신호위반,건조,맑음,단일로 - 기타,승용,남,52세,상해없음,보행자,여,78세,중상
2019040600100379,2019년 4월 6일 15시,토요일,부산광역시 수영구 남천동,경상사고,0,0,1,0,차대차 - 기타,신호위반,건조,맑음,단일로 - 기타,승용,남,38세,상해없음,자전거,남,15세,경상
2019040600100413,2019년 4월 6일 16시,토요일,부산광역시 해운대구 좌동,경상사고,0,0,1,0,차대사람 - 횡단중,안전운전불이행,건조,맑음,단일로 - 기타,승용,여,27세,상해없음,보행자,여,64세,경상
2019040600100414,2019년 4월 6일 16시,토요일,부산광역시 사하구 하단동,부상신고사고,0,0,0,1,차대차 - 기타,안전운전불이행,건조,맑음,단일로 - 기타,원동기,남,46세,부상신고,승용,남,49세,상해없음
2019040600100487,2019년 4월 6일 18시,토요일,부산광역시 남구 대연동,경상사고,0,0,1,0,차대사람 - 횡단중,신호위반,건조,맑음,교차로 - 교차로횡단보도내,승용,남,64세,상해없음,보행자,남,52세,경상
2019040600100488,2019년 4월 6일 18시,토요일,부산광역시 부산진구 당감동,경상사고,0,0,1,0,차대사람 - 차도통행중,안전운전불이행,건조,맑음,교차로 - 교차로안,승용,남,62세,상해없음,보행자,여,61세,경상
2019040600100522,2019년 4월 6일 19시,토요일,부산광역시 수영구 남천동,경상사고,0,0,3,0,차대차 - 측면충돌,교차로운행방법위반,건조,맑음,교차로 - 교차로안,승용,여,34세,상해없음,승용,남,53세,경상
2019040600100523,2019년 4월 6일 19시,토요일,부산광역시 동래구 수안동,경상사고,0,0,1,0,차량단독 - 공작물충돌,안전운전불이행,건조,맑음,기타 - 기타,승용,남,51세,상해없음,,,,
2019040600100524,2019년 4월 6일 19시,토요일,부산광역시 동래구 안락동,경상사고,0,0,2,0,차대차 - 측면충돌,안전운전불이행,건조,맑음,교차로 - 교차로안,화물,남,66세,상해없음,승용,남,61세,경상
2019040600100525,2019년 4월 6일 19시,토요일,부산광역시 기장군 정관읍,부상신고사고,0,0,0,1,차대차 - 기타,교차로운행방법위반,건조,맑음,교차로 - 교차로안,승용,남,58세,상해없음,이륜,남,56세,부상신고
2019040600100559,2019년 4월 6일 20시,토요일,부산광역시 해운대구 중동,중상사고,0,1,1,0,차대차 - 측면충돌,신호위반,건조,맑음,교차로 - 교차로안,승합,남,52세,상해없음,승용,여,36세,중상
2019040600100560,2019년 4월 6일 20시,토요일,부산광역시 부산진구 초읍동,경상사고,0,0,2,0,차대차 - 측면충돌,신호위반,건조,맑음,교차로 - 교차로안,승용,남,73세,상해없음,승용,남,25세,경상
2019040600100561,2019년 4월 6일 20시,토요일,부산광역시 사하구 신평동,중상사고,0,1,0,0,차대사람 - 기타,안전운전불이행,건조,맑음,교차로 - 교차로부근,승용,남,45세,상해없음,보행자,남,48세,중상
2019040600100562,2019년 4월 6일 20시,토요일,부산광역시 사하구 신평동,경상사고,0,0,1,0,차대차 - 측면충돌,중앙선침범,건조,맑음,교차로 - 교차로부근,승용,여,60세,상해없음,원동기,남,38세,경상
2019040600100563,2019년 4월 6일 20시,토요일,부산광역시 사하구 신평동,경상사고,0,0,1,0,차대차 - 추돌,안전운전불이행,건조,맑음,교차로 - 교차로안,승용,남,66세,상해없음,승용,여,47세,경상
2019040600100588,2019년 4월 6일 21시,토요일,부산광역시 금정구 구서동,경상사고,0,0,1,0,차대차 - 측면충돌,안전운전불이행,건조,맑음,교차로 - 교차로안,승용,남,38세,상해없음,승용,남,69세,경상
2019040600100589,2019년 4월 6일 21시,토요일,부산광역시 사하구 괴정동,경상사고,0,0,1,2,차대차 - 기타,신호위반,건조,맑음,교차로 - 교차로부근,이륜,남,22세,기타불명,승용,남,20세,부상신고
2019040600100590,2019년 4월 6일 21시,토요일,부산광역시 부산진구 양정동,부상신고사고,0,0,0,1,차량단독 - 기타,교차로운행방법위반,건조,맑음,교차로 - 교차로부근,이륜,남,24세,부상신고,,,,
2019040600100615,2019년 4월 6일 22시,토요일,부산광역시 동구 초량동,경상사고,0,0,1,0,차대차 - 추돌,안전거리미확보,건조,맑음,단일로 - 기타,이륜,남,19세,상해없음,승용,남,49세,경상
2019040600100616,2019년 4월 6일 22시,토요일,부산광역시 동래구 명륜동,중상사고,0,5,6,1,차대차 - 측면충돌,과속,건조,맑음,단일로 - 기타,승용,남,70세,중상,승용,남,56세,중상
2019040600100617,2019년 4월 6일 22시,토요일,부산광역시 사상구 괘법동,경상사고,0,0,1,0,차대사람 - 기타,안전운전불이행,건조,맑음,단일로 - 기타,승용,남,24세,상해없음,보행자,여,55세,경상
2019040600100637,2019년 4월 6일 23시,토요일,부산광역시 해운대구 우동,중상사고,0,1,0,0,차대사람 - 횡단중,안전운전불이행,건조,맑음,단일로 - 기타,승용,남,31세,상해없음,보행자,남,49세,중상
2019040700100030,2019년 4월 7일 00시,일요일,부산광역시 남구 감만동,중상사고,0,1,0,0,차대사람 - 길가장자리구역통행중,안전운전불이행,건조,맑음,단일로 - 기타,승용,남,24세,상해없음,보행자,남,58세,중상
2019040700100031,2019년 4월 7일 00시,일요일,부산광역시 해운대구 중동,경상사고,0,0,1,0,차대차 - 기타,교차로운행방법위반,기타,맑음,교차로 - 교차로안,승용,남,27세,상해없음,승용,남,62세,경상
2019040700100032,2019년 4월 7일 00시,일요일,부산광역시 사하구 괴정동,부상신고사고,0,0,0,1,차대차 - 추돌,신호위반,건조,맑음,교차로 - 교차로안,원동기,남,16세,부상신고,승용,남,72세,상해없음
2019040700100033,2019년 4월 7일 00시,일요일,부산광역시 연제구 연산동,중상사고,0,1,1,0,차대차 - 기타,중앙선침범,건조,맑음,단일로 - 기타,화물,남,61세,상해없음,승용,남,61세,중상
2019040700100070,2019년 4월 7일 03시,일요일,부산광역시 동구 좌천동,중상사고,0,2,0,0,차량단독 - 기타,안전운전불이행,건조,맑음,단일로 - 기타,이륜,남,18세,중상,,,,
2019040700100086,2019년 4월 7일 05시,일요일,부산광역시 동구 범일동,중상사고,0,2,1,0,차대차 - 기타,안전운전불이행,건조,맑음,단일로 - 기타,승용,남,26세,중상,승용,남,44세,경상
2019040700100087,2019년 4월 7일 05시,일요일,부산광역시 부산진구 부전동,경상사고,0,0,1,0,차대차 - 추돌,안전거리미확보,건조,맑음,교차로 - 교차로안,승용,남,19세,상해없음,승용,남,60세,경상
2019040700100088,2019년 4월 7일 05시,일요일,부산광역시 연제구 연산동,중상사고,0,1,0,0,차대사람 - 횡단중,안전운전불이행,건조,맑음,단일로 - 기타,승용,남,26세,상해없음,보행자,남,43세,중상
2019040700100108,2019년 4월 7일 07시,일요일,부산광역시 연제구 연산동,중상사고,0,1,0,0,차대차 - 기타,차로위반,건조,맑음,단일로 - 기타,승용,남,68세,상해없음,화물,남,51세,중상
2019040700100126,2019년 4월 7일 09시,일요일,부산광역시 영도구 봉래동1가,중상사고,0,2,1,0,차대차 - 측면충돌,신호위반,건조,흐림,교차로 - 교차로횡단보도내,이륜,남,42세,중상,이륜,남,34세,중상
2019040700100145,2019년 4월 7일 10시,일요일,부산광역시 수영구 민락동,중상사고,0,1,0,0,차대사람 - 횡단중,안전운전불이행,건조,맑음,단일로 - 기타,승용,남,57세,상해없음,보행자,여,55세,중상
2019040700100146,2019년 4월 7일 10시,일요일,부산광역시 부산진구 양정동,경상사고,0,0,1,0,차대차 - 추돌,안전운전불이행,건조,맑음,단일로 - 기타,승용,남,57세,상해없음,승용,남,45세,경상
2019040700100174,2019년 4월 7일 11시,일요일,부산광역시 사하구 괴정동,중상사고,0,2,2,6,차대차 - 추돌,안전운전불이행,건조,흐림,기타 - 기타,승합,남,55세,상해없음,승합,남,55세,상해없음
2019040700100199,2019년 4월 7일 12시,일요일,부산광역시 중구 남포동6가,경상사고,0,0,1,0,차대사람 - 횡단중,보행자보호의무위반,건조,맑음,단일로 - 기타,이륜,남,53세,상해없음,보행자,남,18세,경상
2019040700100259,2019년 4월 7일 14시,일요일,부산광역시 동래구 사직동,중상사고,0,3,0,0,차대차 - 정면충돌,신호위반,건조,흐림,교차로 - 교차로안,이륜,남,61세,중상,승용,남,31세,중상
2019040700100293,2019년 4월 7일 15시,일요일,부산광역시 동래구 온천동,중상사고,0,1,0,0,차대차 - 측면충돌,교차로운행방법위반,건조,맑음,교차로 - 교차로안,승용,여,47세,상해없음,승용,남,62세,중상
2019040700100330,2019년 4월 7일 16시,일요일,부산광역시 동래구 사직동,경상사고,0,0,1,0,차대사람 - 보도통행중,기타,건조,맑음,단일로 - 기타,승용,남,25세,상해없음,보행자,여,32세,경상
2019040700100331,2019년 4월 7일 16시,일요일,부산광역시 수영구 수영동,경상사고,0,0,3,0,차대차 - 측면충돌,신호위반,젖음/습기,비,단일로 - 기타,승용,여,58세,상해없음,승용,남,63세,경상
2019040700100332,2019년 4월 7일 16시,일요일,부산광역시 사상구 괘법동,경상사고,0,0,1,0,차대차 - 추돌,안전운전불이행,젖음/습기,흐림,단일로 - 지하차도(도로)내,승용,남,53세,상해없음,승용,여,46세,상해없음
2019040700100375,2019년 4월 7일 17시,일요일,부산광역시 동래구 수안동,부상신고사고,0,0,0,1,차대차 - 측면충돌,안전운전불이행,젖음/습기,비,교차로 - 교차로안,이륜,남,34세,부상신고,승용,남,57세,상해없음
2019040700100390,2019년 4월 7일 18시,일요일,부산광역시 동래구 온천동,중상사고,0,1,0,0,차대차 - 측면충돌,신호위반,젖음/습기,비,교차로 - 교차로안,승용,여,43세,상해없음,이륜,남,33세,중상
2019040700100391,2019년 4월 7일 18시,일요일,부산광역시 해운대구 반여동,경상사고,0,0,1,0,차대차 - 측면충돌,신호위반,젖음/습기,비,교차로 - 교차로안,승용,남,24세,상해없음,특수,남,38세,경상
2019040700100415,2019년 4월 7일 19시,일요일,부산광역시 부산진구 개금동,경상사고,0,0,1,0,차대차 - 측면충돌,안전운전불이행,건조,맑음,단일로 - 기타,이륜,남,32세,경상,승용,남,33세,상해없음
2019040700100416,2019년 4월 7일 19시,일요일,부산광역시 사상구 감전동,중상사고,0,1,1,0,차대차 - 기타,안전운전불이행,건조,맑음,단일로 - 고가도로위,특수,남,54세,상해없음,승용,남,48세,중상
2019040700100417,2019년 4월 7일 19시,일요일,부산광역시 사상구 모라동,부상신고사고,0,0,0,1,차대차 - 기타,기타,젖음/습기,비,단일로 - 기타,이륜,남,38세,부상신고,기타불명,기타불명,미분류,기타불명
2019040700100450,2019년 4월 7일 20시,일요일,부산광역시 남구 감만동,경상사고,0,0,1,0,차대차 - 기타,교차로운행방법위반,젖음/습기,비,교차로 - 교차로안,승용,남,45세,상해없음,이륜,남,59세,경상
2019040700100478,2019년 4월 7일 21시,일요일,부산광역시 동구 초량동,경상사고,0,0,2,0,차대차 - 측면충돌,교차로운행방법위반,건조,맑음,교차로 - 교차로안,승용,남,44세,상해없음,승용,남,31세,경상
2019040700100479,2019년 4월 7일 21시,일요일,부산광역시 연제구 연산동,경상사고,0,0,1,0,차대차 - 추돌,안전운전불이행,건조,맑음,단일로 - 교량,승용,남,56세,상해없음,승용,남,64세,경상
2019040700100500,2019년 4월 7일 22시,일요일,부산광역시 중구 중앙동4가,중상사고,0,2,0,0,차대차 - 기타,교차로운행방법위반,젖음/습기,흐림,교차로 - 교차로안,기타불명,기타불명,미분류,기타불명,승용,남,56세,상해없음
2019040700100501,2019년 4월 7일 22시,일요일,부산광역시 동구 초량동,경상사고,0,0,1,0,차대사람 - 기타,안전운전불이행,젖음/습기,비,단일로 - 기타,승합,남,51세,상해없음,보행자,남,58세,경상
2019040700100521,2019년 4월 7일 23시,일요일,부산광역시 해운대구 우동,경상사고,0,0,1,0,차대차 - 측면충돌,차로위반,건조,맑음,단일로 - 기타,승용,남,57세,상해없음,승용,여,24세,경상
2019040800100029,2019년 4월 8일 00시,월요일,부산광역시 부산진구 부전동,경상사고,0,0,2,0,차대사람 - 횡단중,보행자보호의무위반,건조,맑음,교차로 - 교차로횡단보도내,승용,남,66세,상해없음,보행자,남,19세,경상
2019040800100056,2019년 4월 8일 04시,월요일,부산광역시 북구 화명동,경상사고,0,0,1,0,차대사람 - 횡단중,보행자보호의무위반,건조,맑음,단일로 - 기타,승용,남,53세,상해없음,보행자,남,10세,경상
2019040800100067,2019년 4월 8일 06시,월요일,부산광역시 강서구 명지동,경상사고,0,0,2,0,차대차 - 추돌,안전운전불이행,건조,맑음,단일로 - 기타,화물,남,41세,경상,승용,남,35세,경상
2019040800100091,2019년 4월 8일 07시,월요일,부산광역시 동래구 온천동,중상사고,0,2,2,0,차대차 - 측면충돌,신호위반,건조,맑음,교차로 - 교차로안,승용,남,26세,상해없음,승합,남,64세,경상
2019040800100092,2019년 4월 8일 07시,월요일,부산광역시 해운대구 반여동,부상신고사고,0,0,0,1,차대차 - 측면충돌,중앙선침범,건조,맑음,단일로 - 기타,이륜,남,57세,부상신고,승용,남,48세,상해없음
2019040800100127,2019년 4월 8일 08시,월요일,부산광역시 동구 범일동,경상사고,0,0,1,0,차대차 - 측면충돌,안전운전불이행,건조,맑음,단일로 - 기타,승용,여,61세,상해없음,승용,남,44세,경상
2019040800100128,2019년 4월 8일 08시,월요일,부산광역시 서구 아미동2가,중상사고,0,1,0,0,차대사람 - 횡단중,보행자보호의무위반,건조,맑음,단일로 - 기타,승용,남,44세,상해없음,보행자,남,4세,중상
2019040800100181,2019년 4월 8일 09시,월요일,부산광역시 북구 금곡동,경상사고,0,0,1,0,차대차 - 기타,안전거리미확보,건조,맑음,교차로 - 교차로안,승합,남,58세,상해없음,승용,여,50세,경상
2019040800100182,2019년 4월 8일 09시,월요일,부산광역시 사하구 당리동,경상사고,0,0,1,0,차대차 - 추돌,안전운전불이행,건조,맑음,단일로 - 기타,건설기계,남,53세,상해없음,이륜,남,73세,경상
2019040800100183,2019년 4월 8일 09시,월요일,부산광역시 사상구 삼락동,중상사고,0,1,0,0,차대사람 - 기타,안전운전불이행,건조,맑음,단일로 - 기타,자전거,여,60세,상해없음,보행자,여,55세,중상
2019040800100223,2019년 4월 8일 10시,월요일,부산광역시 북구 구포동,중상사고,0,1,0,0,차량단독 - 공작물충돌,안전운전불이행,건조,맑음,교차로 - 교차로안,승용,남,75세,중상,,,,
2019040800100224,2019년 4월 8일 10시,월요일,부산광역시 강서구 대저2동,중상사고,0,1,0,0,차대차 - 기타,신호위반,건조,맑음,교차로 - 교차로안,승용,남,28세,상해없음,화물,남,29세,중상
2019040800100246,2019년 4월 8일 11시,월요일,부산광역시 서구 동대신동3가,부상신고사고,0,0,0,1,차대차 - 기타,안전운전불이행,건조,맑음,단일로 - 기타,이륜,남,28세,상해없음,승합,남,56세,상해없음
2019040800100247,2019년 4월 8일 11시,월요일,부산광역시 연제구 연산동,중상사고,0,1,0,0,차대사람 - 기타,안전운전불이행,건조,맑음,단일로 - 기타,승용,남,46세,상해없음,보행자,남,56세,중상
2019040800100248,2019년 4월 8일 11시,월요일,부산광역시 강서구 대저1동,경상사고,0,0,1,0,차대차 - 기타,안전운전불이행,건조,맑음,교차로 - 교차로부근,화물,남,62세,상해없음,승용,여,60세,경상
2019040800100282,2019년 4월 8일 12시,월요일,부산광역시 서구 서대신동2가,경상사고,0,0,1,0,차대차 - 측면충돌,교차로운행방법위반,건조,맑음,교차로 - 교차로안,특수,남,69세,상해없음,승용,남,60세,경상
2019040800100313,2019년 4월 8일 13시,월요일,부산광역시 동구 수정동,사망사고,1,0,0,0,차대사람 - 기타,교차로운행방법위반,건조,맑음,교차로 - 교차로안,승용,남,69세,상해없음,보행자,남,74세,사망
2019040800100314,2019년 4월 8일 13시,월요일,부산광역시 동래구 사직동,부상신고사고,0,0,0,2,차대차 - 측면충돌,안전거리미확보,건조,맑음,단일로 - 기타,승용,여,45세,상해없음,화물,남,24세,부상신고
2019040800100343,2019년 4월 8일 14시,월요일,부산광역시 사하구 장림동,경상사고,0,0,1,0,차대차 - 기타,차로위반,건조,맑음,단일로 - 기타,승합,남,32세,상해없음,승용,남,38세,경상
2019040800100408,2019년 4월 8일 16시,월요일,부산광역시 부산진구 개금동,중상사고,0,1,0,0,차대차 - 기타,중앙선침범,건조,맑음,교차로 - 교차로부근,농기계,남,78세,상해없음,승용,여,44세,중상
2019040800100409,2019년 4월 8일 16시,월요일,부산광역시 기장군 기장읍,중상사고,0,1,0,0,차대사람 - 기타,안전운전불이행,건조,맑음,단일로 - 기타,승용,여,41세,상해없음,보행자,남,69세,중상
2019040800100410,2019년 4월 8일 16시,월요일,부산광역시 기장군 기장읍,경상사고,0,0,1,0,차대사람 - 횡단중,보행자보호의무위반,건조,맑음,교차로 - 교차로횡단보도내,화물,남,56세,상해없음,보행자,여,14세,경상
2019040800100444,2019년 4월 8일 17시,월요일,부산광역시 남구 대연동,경상사고,0,0,1,0,차대차 - 측면충돌,교차로운행방법위반,건조,맑음,교차로 - 교차로안,승용,남,68세,상해없음,이륜,남,25세,경상
2019040800100445,2019년 4월 8일 17시,월요일,부산광역시 동래구 온천동,경상사고,0,0,1,0,차대차 - 측면충돌,신호위반,건조,맑음,교차로 - 교차로안,이륜,남,69세,경상,승용,남,75세,상해없음
2019040800100446,2019년 4월 8일 17시,월요일,부산광역시 강서구 명지동,중상사고,0,1,6,0,차대차 - 추돌,안전거리미확보,건조,맑음,단일로 - 기타,승용,여,41세,상해없음,승용,남,43세,경상