사고번호,사고일시,요일,시군구,사고내용,사망자수,중상자수,경상자수,부상신고자수,사고유형,법규위반,노면상태,기상상태,도로형태,가해운전자 차종,가해운전자 성별,가해운전자 연령,가해운전자 상해정도,피해운전자 차종,피해운전자 성별,피해운전자 연령,피해운전자 상해정도
2019051900100447,2019년 5월 19일 19시,일요일,부산광역시 연제구 거제동,중상사고,0,1,0,0,차대차 - 기타,안전운전불이행,젖음/습기,비,단일로 - 기타,승용,여,50세,상해없음,이륜,남,22세,중상
2019051900100483,2019년 5월 19일 20시,일요일,부산광역시 부산진구 부암동,경상사고,0,0,1,0,차대차 - 기타,안전운전불이행,젖음/습기,비,단일로 - 기타,승용,남,23세,상해없음,이륜,남,22세,경상
2019051900100484,2019년 5월 19일 20시,일요일,부산광역시 연제구 연산동,경상사고,0,0,1,0,차대차 - 기타,안전거리미확보,젖음/습기,비,단일로 - 기타,승용,남,56세,상해없음,이륜,남,21세,경상
2019051900100485,2019년 5월 19일 20시,일요일,부산광역시 사상구 괘법동,중상사고,0,1,0,0,차대차 - 측면충돌,안전운전불이행,젖음/습기,맑음,단일로 - 기타,이륜,남,35세,중상,승용,남,23세,상해없음
2019051900100486,2019년 5월 19일 20시,일요일,부산광역시 사상구 주례동,경상사고,0,0,2,0,차대차 - 측면충돌,안전운전불이행,건조,맑음,단일로 - 기타,승용,남,60세,상해없음,승용,남,37세,경상
2019051900100487,2019년 5월 19일 20시,일요일,부산광역시 사상구 괘법동,중상사고,0,1,0,0,차대차 - 기타,안전운전불이행,젖음/습기,비,교차로 - 교차로안,이륜,남,31세,중상,승용,남,53세,상해없음
2019051900100524,2019년 5월 19일 21시,일요일,부산광역시 동래구 온천동,경상사고,0,0,2,0,차대차 - 기타,교차로운행방법위반,건조,맑음,교차로 - 교차로안,승용,남,48세,상해없음,승용,남,61세,경상
2019051900100525,2019년 5월 19일 21시,일요일,부산광역시 연제구 연산동,부상신고사고,0,0,0,1,차대사람 - 기타,안전운전불이행,건조,맑음,단일로 - 기타,기타불명,기타불명,미분류,기타불명,보행자,여,61세,부상신고
2019051900100557,2019년 5월 19일 22시,일요일,부산광역시 동구 초량동,경상사고,0,0,2,0,차대차 - 측면충돌,교차로운행방법위반,건조,맑음,교차로 - 교차로안,승용,남,58세,상해없음,승용,남,34세,경상
2019051900100558,2019년 5월 19일 22시,일요일,부산광역시 동래구 온천동,중상사고,0,1,0,0,차대사람 - 기타,안전운전불이행,건조,맑음,교차로 - 교차로부근,승용,남,45세,상해없음,보행자,여,41세,중상
2019051900100580,2019년 5월 19일 23시,일요일,부산광역시 북구 만덕동,중상사고,0,1,0,0,차대사람 - 횡단중,안전운전불이행,건조,맑음,교차로 - 교차로횡단보도내,승용,남,53세,상해없음,보행자,남,17세,중상
2019051900100581,2019년 5월 19일 23시,일요일,부산광역시 기장군 정관읍,부상신고사고,0,0,0,4,차대차 - 측면충돌,교차로운행방법위반,젖음/습기,흐림,교차로 - 교차로안,승용,남,29세,상해없음,승용,남,58세,부상신고
2019052000100041,2019년 5월 20일 02시,월요일,부산광역시 동래구 온천동,중상사고,0,1,0,0,차대사람 - 기타,안전운전불이행,젖음/습기,비,교차로 - 교차로부근,승용,남,28세,상해없음,보행자,남,44세,중상
2019052000100048,2019년 5월 20일 03시,월요일,부산광역시 중구 남포동6가,경상사고,0,0,1,0,차대사람 - 기타,안전운전불이행,젖음/습기,흐림,단일로 - 기타,이륜,남,26세,기타불명,보행자,여,26세,경상
2019052000100049,2019년 5월 20일 03시,월요일,부산광역시 부산진구 부전동,중상사고,0,1,0,0,차대차 - 측면충돌,안전거리미확보,건조,맑음,단일로 - 기타,승용,남,21세,상해없음,이륜,남,52세,중상
2019052000100110,2019년 5월 20일 08시,월요일,부산광역시 서구 서대신동2가,경상사고,0,0,1,0,차대사람 - 차도통행중,안전운전불이행,건조,맑음,교차로 - 교차로부근,승합,남,60세,상해없음,보행자,남,45세,경상
2019052000100111,2019년 5월 20일 08시,월요일,부산광역시 북구 덕천동,경상사고,0,0,1,0,차대사람 - 횡단중,안전운전불이행,건조,맑음,단일로 - 기타,승용,여,51세,기타불명,보행자,남,18세,경상
2019052000100112,2019년 5월 20일 08시,월요일,부산광역시 동래구 안락동,경상사고,0,0,1,0,차대차 - 측면충돌,안전운전불이행,건조,맑음,교차로 - 교차로안,이륜,남,26세,경상,승용,남,35세,상해없음
2019052000100113,2019년 5월 20일 08시,월요일,부산광역시 연제구 연산동,경상사고,0,0,1,1,차대차 - 기타,안전운전불이행,건조,맑음,단일로 - 기타,승용,여,39세,상해없음,승용,남,54세,경상
2019052000100157,2019년 5월 20일 09시,월요일,부산광역시 사상구 감전동,경상사고,0,0,1,0,차대차 - 기타,안전운전불이행,건조,맑음,단일로 - 기타,승용,여,43세,상해없음,승용,여,42세,경상
2019052000100197,2019년 5월 20일 10시,월요일,부산광역시 부산진구 당감동,경상사고,0,0,1,0,차대차 - 기타,안전운전불이행,건조,맑음,단일로 - 기타,화물,남,55세,상해없음,이륜,남,34세,경상
2019052000100198,2019년 5월 20일 10시,월요일,부산광역시 강서구 지사동,경상사고,0,0,1,0,차대차 - 기타,안전운전불이행,건조,맑음,교차로 - 교차로안,승용,남,49세,상해없음,화물,남,37세,경상
2019052000100199,2019년 5월 20일 10시,월요일,부산광역시 사상구 주례동,경상사고,0,0,2,0,차대차 - 측면충돌,안전운전불이행,건조,맑음,단일로 - 기타,승용,남,21세,상해없음,승용,남,47세,경상
2019052000100229,2019년 5월 20일 11시,월요일,부산광역시 부산진구 전포동,중상사고,0,1,3,0,차대차 - 측면충돌,직진우회전진행방해,건조,맑음,교차로 - 교차로안,승용,남,43세,중상,이륜,남,36세,경상
2019052000100230,2019년 5월 20일 11시,월요일,부산광역시 사상구 감전동,부상신고사고,0,0,0,1,차대차 - 정면충돌,교차로운행방법위반,건조,맑음,교차로 - 교차로안,화물,남,26세,상해없음,화물,남,27세,상해없음
2019052000100266,2019년 5월 20일 12시,월요일,부산광역시 남구 문현동,부상신고사고,0,0,0,1,차대차 - 측면충돌,안전운전불이행,건조,맑음,단일로 - 기타,승용,남,67세,부상신고,화물,남,53세,상해없음
2019052000100267,2019년 5월 20일 12시,월요일,부산광역시 부산진구 가야동,부상신고사고,0,0,0,1,차대차 - 기타,교차로운행방법위반,건조,맑음,교차로 - 교차로안,이륜,남,56세,부상신고,승용,남,27세,상해없음
2019052000100295,2019년 5월 20일 13시,월요일,부산광역시 북구 만덕동,경상사고,0,0,2,0,차대차 - 기타,안전운전불이행,건조,맑음,단일로 - 기타,승용,여,65세,상해없음,승용,남,37세,경상
2019052000100296,2019년 5월 20일 13시,월요일,부산광역시 부산진구 양정동,경상사고,0,0,2,0,차대차 - 기타,안전운전불이행,건조,맑음,단일로 - 기타,승용,남,58세,상해없음,승용,남,56세,경상
2019052000100297,2019년 5월 20일 13시,월요일,부산광역시 기장군 정관읍,중상사고,0,1,0,0,차대사람 - 횡단중,신호위반,건조,맑음,단일로 - 기타,이륜,남,34세,상해없음,보행자,남,7세,중상
2019052000100335,2019년 5월 20일 14시,월요일,부산광역시 남구 대연동,중상사고,0,1,0,0,차대차 - 기타,안전운전불이행,건조,맑음,단일로 - 기타,이륜,남,69세,중상,승용,여,59세,상해없음
2019052000100336,2019년 5월 20일 14시,월요일,부산광역시 해운대구 반송동,중상사고,0,1,0,0,차대차 - 측면충돌,신호위반,건조,맑음,교차로 - 교차로안,이륜,남,16세,중상,승용,남,38세,상해없음
2019052000100337,2019년 5월 20일 14시,월요일,부산광역시 사하구 괴정동,중상사고,0,1,1,0,차대차 - 측면충돌,안전거리미확보,건조,맑음,단일로 - 기타,승용,여,43세,상해없음,이륜,남,67세,경상
2019052000100338,2019년 5월 20일 14시,월요일,부산광역시 기장군 기장읍,경상사고,0,0,1,0,차대차 - 측면충돌,교차로운행방법위반,건조,맑음,교차로 - 교차로횡단보도내,승용,남,55세,상해없음,승용,남,30세,경상
2019052000100372,2019년 5월 20일 15시,월요일,부산광역시 동래구 낙민동,중상사고,0,1,0,0,차대차 - 측면충돌,안전운전불이행,건조,맑음,교차로 - 교차로안,화물,여,42세,상해없음,이륜,남,38세,중상
2019052000100373,2019년 5월 20일 15시,월요일,부산광역시 연제구 거제동,경상사고,0,0,1,0,차대차 - 추돌,안전운전불이행,건조,맑음,교차로 - 교차로안,이륜,남,67세,경상,승용,남,62세,상해없음
2019052000100411,2019년 5월 20일 16시,월요일,부산광역시 동구 좌천동,사망사고,1,2,0,0,차량단독 - 공작물충돌,안전운전불이행,건조,맑음,단일로 - 고가도로위,승합,남,51세,사망,,,,
2019052000100412,2019년 5월 20일 16시,월요일,부산광역시 북구 만덕동,중상사고,0,1,0,0,차대사람 - 횡단중,안전운전불이행,건조,맑음,단일로 - 기타,화물,남,55세,상해없음,보행자,여,12세,중상
2019052000100413,2019년 5월 20일 16시,월요일,부산광역시 사상구 감전동,경상사고,0,0,4,0,차대차 - 측면충돌,안전운전불이행,건조,맑음,단일로 - 기타,화물,남,50세,상해없음,승용,여,63세,경상
2019052000100477,2019년 5월 20일 17시,월요일,부산광역시 동구 좌천동,경상사고,0,0,2,1,차대차 - 추돌,안전거리미확보,건조,맑음,단일로 - 터널,승용,남,71세,상해없음,승용,남,33세,부상신고
2019052000100478,2019년 5월 20일 17시,월요일,부산광역시 동구 수정동,경상사고,0,0,1,0,차대차 - 후진중충돌,안전운전불이행,건조,맑음,단일로 - 기타,화물,남,62세,상해없음,이륜,남,46세,경상
2019052000100479,2019년 5월 20일 17시,월요일,부산광역시 해운대구 반여동,중상사고,0,1,0,0,차대사람 - 횡단중,신호위반,건조,맑음,교차로 - 교차로부근,이륜,남,29세,상해없음,보행자,여,7세,중상
2019052000100480,2019년 5월 20일 17시,월요일,부산광역시 부산진구 당감동,경상사고,0,0,1,0,차대사람 - 횡단중,보행자보호의무위반,건조,맑음,교차로 - 교차로횡단보도내,승합,남,70세,상해없음,보행자,여,51세,경상
2019052000100481,2019년 5월 20일 17시,월요일,부산광역시 금정구 오륜동,중상사고,0,1,1,0,차대차 - 측면충돌,안전거리미확보,건조,맑음,단일로 - 기타,승용,남,30세,상해없음,승용,여,43세,경상
2019052000100534,2019년 5월 20일 18시,월요일,부산광역시 동구 초량동,중상사고,0,1,0,0,차대사람 - 기타,중앙선침범,건조,맑음,교차로 - 교차로안,승용,남,49세,상해없음,보행자,여,52세,중상
2019052000100582,2019년 5월 20일 19시,월요일,부산광역시 연제구 거제동,경상사고,0,0,2,2,차대차 - 측면충돌,안전거리미확보,건조,맑음,단일로 - 기타,이륜,남,30세,상해없음,승용,여,37세,부상신고
2019052000100583,2019년 5월 20일 19시,월요일,부산광역시 연제구 연산동,경상사고,0,0,2,0,차대차 - 추돌,안전거리미확보,건조,맑음,교차로 - 교차로안,승용,여,46세,기타불명,승용,남,35세,경상
2019052000100613,2019년 5월 20일 20시,월요일,부산광역시 북구 덕천동,경상사고,0,0,1,0,차대차 - 기타,기타,건조,맑음,단일로 - 기타,화물,남,40세,상해없음,승용,여,33세,경상
2019052000100614,2019년 5월 20일 20시,월요일,부산광역시 금정구 남산동,경상사고,0,0,1,0,차대차 - 기타,안전운전불이행,건조,맑음,단일로 - 기타,승용,남,44세,상해없음,승용,남,58세,경상
2019052000100615,2019년 5월 20일 20시,월요일,부산광역시 기장군 정관읍,중상사고,0,1,0,0,차대차 - 기타,중앙선침범,건조,맑음,단일로 - 기타,승용,여,52세,상해없음,이륜,남,29세,중상
2019052000100641,2019년 5월 20일 21시,월요일,부산광역시 사하구 괴정동,중상사고,0,1,0,0,차대차 - 기타,안전운전불이행,건조,맑음,단일로 - 지하차도(도로)내,이륜,남,32세,중상,승용,남,68세,상해없음
2019052000100692,2019년 5월 20일 23시,월요일,부산광역시 북구 화명동,경상사고,0,0,1,0,차대사람 - 기타,안전운전불이행,건조,맑음,단일로 - 기타,승용,남,69세,상해없음,보행자,남,61세,경상
2019052000100693,2019년 5월 20일 23시,월요일,부산광역시 연제구 연산동,중상사고,0,1,2,0,차대차 - 추돌,안전운전불이행,건조,맑음,단일로 - 기타,승용,남,37세,상해없음,승용,남,47세,중상
2019052100100039,2019년 5월 21일 00시,화요일,부산광역시 중구 대창동1가,경상사고,0,0,2,0,차대차 - 추돌,과속,건조,맑음,단일로 - 기타,승용,남,28세,상해없음,이륜,남,20세,경상
2019052100100074,2019년 5월 21일 03시,화요일,부산광역시 동래구 온천동,중상사고,0,1,0,0,차대차 - 측면충돌,안전운전불이행,건조,맑음,단일로 - 기타,승용,남,65세,상해없음,원동기,남,24세,중상
2019052100100109,2019년 5월 21일 07시,화요일,부산광역시 강서구 대저1동,경상사고,0,0,1,0,차대차 - 추돌,안전운전불이행,건조,맑음,교차로 - 교차로부근,기타불명,기타불명,미분류,기타불명,승용,남,61세,경상
2019052100100144,2019년 5월 21일 08시,화요일,부산광역시 동구 범일동,경상사고,0,0,1,0,차대사람 - 기타,안전운전불이행,건조,맑음,주차장 - 주차장,승용,남,61세,상해없음,보행자,남,65세,경상
2019052100100145,2019년 5월 21일 08시,화요일,부산광역시 동래구 안락동,경상사고,0,0,1,0,차대차 - 측면충돌,안전거리미확보,건조,맑음,단일로 - 기타,승용,남,60세,상해없음,승용,남,59세,경상
2019052100100146,2019년 5월 21일 08시,화요일,부산광역시 사하구 다대동,경상사고,0,0,1,0,차대차 - 기타,안전운전불이행,건조,맑음,단일로 - 기타,승용,남,25세,상해없음,화물,남,38세,경상
2019052100100203,2019년 5월 21일 09시,화요일,부산광역시 동구 초량동,경상사고,0,0,2,0,차대차 - 추돌,안전운전불이행,건조,맑음,교차로 - 교차로안,승용,여,45세,상해없음,화물,남,51세,경상
2019052100100204,2019년 5월 21일 09시,화요일,부산광역시 동구 수정동,경상사고,0,0,1,0,차대차 - 측면충돌,안전거리미확보,건조,맑음,단일로 - 기타,승용,여,57세,상해없음,승용,남,75세,경상
2019052100100205,2019년 5월 21일 09시,화요일,부산광역시 북구 금곡동,경상사고,0,0,1,0,차대차 - 측면충돌,안전거리미확보,건조,맑음,단일로 - 지하차도(도로)내,화물,남,63세,상해없음,승용,남,56세,경상
2019052100100206,2019년 5월 21일 09시,화요일,부산광역시 동래구 온천동,경상사고,0,0,1,0,차대사람 - 차도통행중,안전운전불이행,건조,맑음,단일로 - 기타,승용,남,34세,상해없음,보행자,여,55세,경상
2019052100100207,2019년 5월 21일 09시,화요일,부산광역시 부산진구 전포동,경상사고,0,0,1,0,차대사람 - 차도통행중,안전운전불이행,건조,맑음,교차로 - 교차로안,승합,여,52세,상해없음,보행자,남,76세,경상
2019052100100208,2019년 5월 21일 09시,화요일,부산광역시 금정구 금사동,중상사고,0,1,0,0,차대사람 - 횡단중,안전운전불이행,건조,맑음,단일로 - 기타,승용,남,52세,상해없음,보행자,여,40세,중상
2019052100100209,2019년 5월 21일 09시,화요일,부산광역시 강서구 강동동,중상사고,0,1,0,0,차대차 - 측면충돌,안전운전불이행,건조,맑음,단일로 - 기타,화물,남,59세,상해없음,승합,남,62세,중상
2019052100100243,2019년 5월 21일 10시,화요일,부산광역시 사상구 학장동,경상사고,0,0,1,0,차대차 - 측면충돌,신호위반,건조,맑음,교차로 - 교차로안,승용,남,75세,상해없음,이륜,남,60세,경상
2019052100100276,2019년 5월 21일 11시,화요일,부산광역시 남구 대연동,중상사고,0,1,0,0,차대차 - 측면충돌,교차로운행방법위반,건조,맑음,교차로 - 교차로부근,승용,남,21세,상해없음,승용,여,30세,중상
2019052100100277,2019년 5월 21일 11시,화요일,부산광역시 부산진구 양정동,중상사고,0,1,0,0,차대차 - 측면충돌,안전운전불이행,건조,맑음,단일로 - 기타,승용,남,67세,상해없음,이륜,남,51세,중상
2019052100100278,2019년 5월 21일 11시,화요일,부산광역시 금정구 부곡동,경상사고,0,0,1,0,차량단독 - 기타,기타,건조,맑음,교차로 - 교차로부근,승합,남,56세,상해없음,,,,
2019052100100309,2019년 5월 21일 12시,화요일,부산광역시 중구 중앙동6가,부상신고사고,0,0,0,1,차대차 - 측면충돌,신호위반,건조,맑음,교차로 - 교차로부근,이륜,남,57세,부상신고,승합,남,67세,상해없음
2019052100100310,2019년 5월 21일 12시,화요일,부산광역시 연제구 연산동,경상사고,0,0,1,0,차대사람 - 기타,안전운전불이행,건조,맑음,단일로 - 기타,승합,남,56세,상해없음,보행자,여,70세,경상
2019052100100368,2019년 5월 21일 14시,화요일,부산광역시 사하구 감천동,경상사고,0,0,3,0,차대차 - 기타,안전운전불이행,건조,맑음,단일로 - 지하차도(도로)내,승용,남,69세,기타불명,화물,남,51세,경상
2019052100100404,2019년 5월 21일 15시,화요일,부산광역시 연제구 연산동,중상사고,0,1,0,0,차대사람 - 기타,안전운전불이행,건조,맑음,단일로 - 기타,승용,여,42세,상해없음,보행자,남,61세,중상
2019052100100405,2019년 5월 21일 15시,화요일,부산광역시 수영구 망미동,중상사고,0,1,0,0,차대차 - 추돌,안전거리미확보,건조,맑음,단일로 - 고가도로위,승합,남,22세,상해없음,승용,남,36세,중상
2019052100100438,2019년 5월 21일 16시,화요일,부산광역시 동구 초량동,경상사고,0,0,1,0,차대차 - 측면충돌,교차로운행방법위반,건조,맑음,교차로 - 교차로부근,승용,남,47세,상해없음,화물,남,36세,경상
2019052100100439,2019년 5월 21일 16시,화요일,부산광역시 서구 동대신동1가,경상사고,0,0,2,0,차대차 - 측면충돌,안전운전불이행,건조,맑음,단일로 - 기타,승용,남,58세,상해없음,승용,남,29세,경상
2019052100100482,2019년 5월 21일 17시,화요일,부산광역시 수영구 수영동,중상사고,0,1,0,0,차대차 - 기타,안전운전불이행,건조,맑음,단일로 - 기타,이륜,남,18세,기타불명,이륜,남,33세,중상
2019052100100483,2019년 5월 21일 17시,화요일,부산광역시 북구 덕천동,경상사고,0,0,1,0,차대차 - 추돌,안전운전불이행,건조,맑음,단일로 - 지하차도(도로)내,승용,여,34세,상해없음,이륜,남,33세,경상
2019052100100484,2019년 5월 21일 17시,화요일,부산광역시 부산진구 전포동,부상신고사고,0,0,0,1,차대차 - 측면충돌,안전거리미확보,건조,흐림,교차로 - 교차로부근,승용,여,52세,상해없음,승용,여,53세,부상신고
2019052100100485,2019년 5월 21일 17시,화요일,부산광역시 사하구 장림동,중상사고,0,1,0,0,차대차 - 측면충돌,신호위반,건조,맑음,교차로 - 교차로안,승용,남,19세,상해없음,승용,남,58세,중상
2019052100100545,2019년 5월 21일 18시,화요일,부산광역시 동구 범일동,부상신고사고,0,0,0,1,차대차 - 기타,안전운전불이행,건조,맑음,단일로 - 기타,승용,여,44세,상해없음,승용,남,47세,부상신고
2019052100100546,2019년 5월 21일 18시,화요일,부산광역시 서구 남부민동,부상신고사고,0,0,0,1,차대차 - 측면충돌,안전거리미확보,건조,맑음,단일로 - 기타,이륜,남,20세,부상신고,승용,여,59세,상해없음
2019052100100547,2019년 5월 21일 18시,화요일,부산광역시 금정구 장전동,경상사고,0,0,1,1,차대사람 - 차도통행중,안전운전불이행,건조,맑음,단일로 - 기타,승용,남,29세,상해없음,보행자,여,15세,경상
2019052100100594,2019년 5월 21일 19시,화요일,부산광역시 서구 아미동2가,경상사고,0,0,1,0,차대사람 - 차도통행중,안전운전불이행,건조,맑음,단일로 - 기타,승용,남,67세,상해없음,보행자,여,72세,경상
2019052100100595,2019년 5월 21일 19시,화요일,부산광역시 해운대구 중동,경상사고,0,0,1,0,차대차 - 기타,안전운전불이행,기타,맑음,교차로 - 교차로부근,승용,남,58세,상해없음,이륜,남,26세,경상
2019052100100596,2019년 5월 21일 19시,화요일,부산광역시 해운대구 우동,경상사고,0,0,1,0,차대차 - 기타,안전거리미확보,기타,맑음,단일로 - 기타,승용,여,55세,상해없음,승용,남,57세,경상
2019052100100597,2019년 5월 21일 19시,화요일,부산광역시 연제구 거제동,중상사고,0,1,0,0,차대차 - 기타,교차로운행방법위반,건조,맑음,교차로 - 교차로안,승용,남,73세,상해없음,자전거,남,62세,중상
2019052100100598,2019년 5월 21일 19시,화요일,부산광역시 강서구 명지동,경상사고,0,0,1,0,차대차 - 기타,안전거리미확보,건조,맑음,단일로 - 기타,승용,여,27세,상해없음,승용,여,26세,경상
2019052100100633,2019년 5월 21일 20시,화요일,부산광역시 기장군 정관읍,중상사고,0,1,0,0,차대차 - 기타,안전운전불이행,건조,맑음,단일로 - 기타,승용,남,34세,상해없음,자전거,남,25세,중상
2019052100100668,2019년 5월 21일 21시,화요일,부산광역시 서구 충무동1가,중상사고,0,1,0,0,차대사람 - 횡단중,안전운전불이행,건조,맑음,단일로 - 기타,승용,남,40세,상해없음,보행자,남,65세,중상
2019052100100669,2019년 5월 21일 21시,화요일,부산광역시 영도구 영선동3가,경상사고,0,0,1,0,차대사람 - 기타,안전운전불이행,건조,맑음,단일로 - 기타,기타불명,기타불명,미분류,기타불명,보행자,남,15세,경상
2019052100100670,2019년 5월 21일 21시,화요일,부산광역시 부산진구 전포동,중상사고,0,1,0,0,차대사람 - 기타,안전운전불이행,건조,맑음,기타 - 기타,승용,남,63세,상해없음,보행자,여,22세,중상
2019052100100671,2019년 5월 21일 21시,화요일,부산광역시 강서구 지사동,중상사고,0,1,0,0,차대사람 - 보도통행중,보행자보호의무위반,건조,맑음,단일로 - 기타,승용,남,44세,상해없음,보행자,남,7세,중상
2019052200100025,2019년 5월 22일 00시,수요일,부산광역시 동래구 온천동,경상사고,0,0,1,0,차대차 - 추돌,안전운전불이행,건조,맑음,단일로 - 기타,이륜,남,18세,상해없음,승합,남,53세,상해없음
2019052200100026,2019년 5월 22일 00시,수요일,부산광역시 부산진구 전포동,중상사고,0,1,5,0,차대차 - 측면충돌,신호위반,건조,맑음,교차로 - 교차로안,승용,남,63세,상해없음,승용,남,53세,경상
2019052200100037,2019년 5월 22일 01시,수요일,부산광역시 서구 부민동1가,부상신고사고,0,0,0,1,차대차 - 정면충돌,중앙선침범,건조,맑음,교차로 - 교차로부근,개인형이동수단(PM),남,18세,부상신고,이륜,남,29세,상해없음
2019052200100038,2019년 5월 22일 01시,수요일,부산광역시 사하구 하단동,경상사고,0,0,1,0,차대사람 - 횡단중,신호위반,건조,맑음,단일로 - 기타,이륜,남,20세,상해없음,보행자,여,58세,경상
2019052200100039,2019년 5월 22일 01시,수요일,부산광역시 연제구 거제동,경상사고,0,0,1,2,차대차 - 기타,신호위반,건조,맑음,단일로 - 기타,승용,남,67세,상해없음,승용,남,19세,부상신고
2019052200100066,2019년 5월 22일 05시,수요일,부산광역시 서구 서대신동2가,경상사고,0,0,1,0,차대사람 - 기타,안전운전불이행,건조,맑음,단일로 - 기타,기타불명,기타불명,미분류,기타불명,보행자,남,66세,경상
2019052200100076,2019년 5월 22일 06시,수요일,부산광역시 기장군 장안읍,중상사고,0,1,0,0,차대사람 - 기타,안전운전불이행,건조,맑음,교차로 - 교차로부근,승용,남,27세,상해없음,보행자,여,65세,중상
2019052200100096,2019년 5월 22일 07시,수요일,부산광역시 남구 대연동,중상사고,0,1,0,0,차대차 - 측면충돌,안전운전불이행,건조,맑음,교차로 - 교차로안,승용,여,55세,상해없음,자전거,남,83세,중상
2019052200100097,2019년 5월 22일 07시,수요일,부산광역시 사상구 모라동,중상사고,0,1,0,0,차대사람 - 횡단중,안전운전불이행,건조,맑음,단일로 - 기타,화물,남,41세,상해없음,보행자,여,58세,중상
2019052200100144,2019년 5월 22일 08시,수요일,부산광역시 북구 화명동,경상사고,0,0,2,0,차대차 - 기타,교차로운행방법위반,건조,맑음,교차로 - 교차로안,승용,여,47세,경상,승용,남,62세,경상
2019052200100202,2019년 5월 22일 09시,수요일,부산광역시 해운대구 재송동,경상사고,0,0,1,0,차대차 - 기타,안전운전불이행,기타,맑음,단일로 - 기타,승용,여,28세,상해없음,승용,남,33세,경상
2019052200100203,2019년 5월 22일 09시,수요일,부산광역시 사상구 괘법동,경상사고,0,0,2,0,차대차 - 측면충돌,직진우회전진행방해,건조,맑음,교차로 - 교차로안,화물,남,59세,경상,승용,남,71세,경상
2019052200100262,2019년 5월 22일 11시,수요일,부산광역시 강서구 송정동,경상사고,0,0,1,0,차대차 - 측면충돌,안전거리미확보,건조,맑음,교차로 - 교차로부근,화물,남,59세,상해없음,승용,여,50세,경상
2019052200100295,2019년 5월 22일 12시,수요일,부산광역시 해운대구 반여동,중상사고,0,1,0,0,차대사람 - 횡단중,안전운전불이행,건조,맑음,교차로 - 교차로횡단보도내,화물,남,68세,상해없음,보행자,남,60세,중상
2019052200100296,2019년 5월 22일 12시,수요일,부산광역시 부산진구 범천동,경상사고,0,0,1,0,차대사람 - 길가장자리구역통행중,안전운전불이행,건조,맑음,단일로 - 기타,승용,여,41세,상해없음,보행자,여,79세,경상
2019052200100297,2019년 5월 22일 12시,수요일,부산광역시 기장군 기장읍,부상신고사고,0,0,0,1,차대차 - 후진중충돌,안전운전불이행,건조,맑음,교차로 - 교차로부근,승용,남,56세,상해없음,승용,남,39세,부상신고
2019052200100336,2019년 5월 22일 13시,수요일,부산광역시 사하구 다대동,경상사고,0,0,3,0,차대차 - 추돌,안전운전불이행,건조,맑음,단일로 - 기타,승용,남,40세,상해없음,승용,남,57세,경상
2019052200100337,2019년 5월 22일 13시,수요일,부산광역시 사하구 구평동,경상사고,0,0,1,0,차대차 - 기타,안전운전불이행,건조,맑음,단일로 - 지하차도(도로)내,승용,남,66세,상해없음,승용,여,41세,경상
2019052200100370,2019년 5월 22일 14시,수요일,부산광역시 동구 범일동,부상신고사고,0,0,0,1,차대차 - 측면충돌,중앙선침범,건조,맑음,단일로 - 기타,승합,남,62세,부상신고,특수,남,54세,상해없음
2019052200100371,2019년 5월 22일 14시,수요일,부산광역시 동래구 수안동,중상사고,0,1,0,0,차대사람 - 횡단중,안전운전불이행,건조,맑음,단일로 - 기타,승용,남,28세,상해없음,보행자,여,76세,중상
2019052200100372,2019년 5월 22일 14시,수요일,부산광역시 사하구 하단동,부상신고사고,0,0,0,1,차대차 - 추돌,안전운전불이행,건조,맑음,교차로 - 교차로부근,승용,남,61세,부상신고,화물,남,62세,상해없음
2019052200100373,2019년 5월 22일 14시,수요일,부산광역시 연제구 연산동,경상사고,0,0,1,0,차대차 - 후진중충돌,안전운전불이행,건조,맑음,단일로 - 기타,승용,남,56세,상해없음,이륜,남,33세,경상
2019052200100405,2019년 5월 22일 15시,수요일,부산광역시 동래구 명장동,경상사고,0,0,1,0,차대차 - 측면충돌,차로위반,건조,맑음,교차로 - 교차로부근,승용,여,65세,상해없음,승용,남,56세,경상
2019052200100406,2019년 5월 22일 15시,수요일,부산광역시 사상구 엄궁동,경상사고,0,0,1,0,차대차 - 측면충돌,교차로운행방법위반,건조,맑음,단일로 - 기타,승합,남,74세,상해없음,승용,여,77세,경상
2019052200100441,2019년 5월 22일 16시,수요일,부산광역시 동구 초량동,경상사고,0,0,1,0,차량단독 - 기타,안전운전불이행,건조,맑음,교차로 - 교차로부근,승합,남,58세,상해없음,,,,
2019052200100492,2019년 5월 22일 17시,수요일,부산광역시 동구 범일동,경상사고,0,0,2,0,차대차 - 측면충돌,신호위반,건조,맑음,교차로 - 교차로부근,승용,여,45세,상해없음,승용,남,79세,상해없음
2019052200100493,2019년 5월 22일 17시,수요일,부산광역시 사하구 신평동,경상사고,0,0,1,0,차대차 - 측면충돌,신호위반,건조,맑음,교차로 - 교차로안,승용,남,35세,기타불명,승용,남,28세,경상
2019052200100494,2019년 5월 22일 17시,수요일,부산광역시 사상구 학장동,경상사고,0,0,1,1,차대차 - 기타,신호위반,건조,맑음,교차로 - 교차로안,이륜,남,49세,경상,승용,여,50세,부상신고