사고번호,사고일시,요일,시군구,사고내용,사망자수,중상자수,경상자수,부상신고자수,사고유형,법규위반,노면상태,기상상태,도로형태,가해운전자 차종,가해운전자 성별,가해운전자 연령,가해운전자 상해정도,피해운전자 차종,피해운전자 성별,피해운전자 연령,피해운전자 상해정도
2019052900100484,2019년 5월 29일 17시,수요일,부산광역시 기장군 정관읍,경상사고,0,0,1,0,차대차 - 추돌,안전운전불이행,건조,맑음,단일로 - 기타,승용,남,61세,상해없음,화물,남,34세,상해없음
2019052900100540,2019년 5월 29일 18시,수요일,부산광역시 동래구 낙민동,경상사고,0,0,1,0,차대사람 - 횡단중,보행자보호의무위반,건조,맑음,교차로 - 교차로횡단보도내,승용,남,39세,상해없음,보행자,여,23세,경상
2019052900100541,2019년 5월 29일 18시,수요일,부산광역시 금정구 부곡동,경상사고,0,0,1,0,차대차 - 측면충돌,교차로운행방법위반,건조,맑음,교차로 - 교차로안,이륜,여,38세,경상,승용,남,54세,상해없음
2019052900100603,2019년 5월 29일 19시,수요일,부산광역시 북구 구포동,경상사고,0,0,1,0,차대차 - 기타,안전거리미확보,건조,맑음,단일로 - 기타,승용,여,50세,상해없음,이륜,남,18세,경상
2019052900100604,2019년 5월 29일 19시,수요일,부산광역시 사상구 괘법동,경상사고,0,0,1,0,차대차 - 추돌,안전운전불이행,건조,맑음,단일로 - 기타,승용,남,18세,상해없음,승용,남,52세,경상
2019052900100635,2019년 5월 29일 20시,수요일,부산광역시 부산진구 부전동,경상사고,0,0,1,0,차대차 - 기타,신호위반,건조,맑음,교차로 - 교차로부근,승용,남,23세,상해없음,이륜,남,27세,경상
2019052900100636,2019년 5월 29일 20시,수요일,부산광역시 사상구 삼락동,중상사고,0,1,0,0,차대차 - 추돌,안전거리미확보,건조,맑음,단일로 - 기타,특수,남,55세,상해없음,이륜,남,23세,중상
2019052900100666,2019년 5월 29일 21시,수요일,부산광역시 남구 대연동,경상사고,0,0,1,0,차대사람 - 횡단중,교차로운행방법위반,건조,맑음,단일로 - 기타,화물,남,56세,상해없음,보행자,여,47세,경상
2019052900100667,2019년 5월 29일 21시,수요일,부산광역시 북구 만덕동,경상사고,0,0,1,0,차대차 - 기타,안전거리미확보,건조,맑음,단일로 - 지하차도(도로)내,승용,여,55세,상해없음,승용,남,61세,경상
2019052900100668,2019년 5월 29일 21시,수요일,부산광역시 해운대구 우동,경상사고,0,0,1,0,차대차 - 후진중충돌,안전운전불이행,건조,맑음,단일로 - 기타,승용,남,53세,상해없음,승용,남,27세,경상
2019052900100718,2019년 5월 29일 23시,수요일,부산광역시 수영구 민락동,경상사고,0,0,1,0,차대차 - 측면충돌,안전운전불이행,건조,맑음,단일로 - 기타,승용,여,67세,상해없음,자전거,남,42세,경상
2019052900100719,2019년 5월 29일 23시,수요일,부산광역시 부산진구 부전동,경상사고,0,0,1,0,차대차 - 추돌,안전거리미확보,건조,맑음,교차로 - 교차로부근,승용,남,27세,기타불명,승용,남,52세,경상
2019053000100023,2019년 5월 30일 00시,목요일,부산광역시 수영구 수영동,경상사고,0,0,1,0,차대차 - 정면충돌,안전거리미확보,건조,맑음,단일로 - 기타,승용,남,64세,상해없음,이륜,남,29세,경상
2019053000100038,2019년 5월 30일 01시,목요일,부산광역시 해운대구 우동,경상사고,0,0,1,0,차대사람 - 기타,안전운전불이행,건조,맑음,단일로 - 기타,승용,남,27세,기타불명,보행자,남,49세,경상
2019053000100039,2019년 5월 30일 01시,목요일,부산광역시 부산진구 부전동,경상사고,0,0,1,0,차대차 - 기타,안전운전불이행,건조,맑음,단일로 - 기타,승용,여,34세,상해없음,승용,남,59세,경상
2019053000100040,2019년 5월 30일 01시,목요일,부산광역시 사하구 다대동,경상사고,0,0,1,0,차대사람 - 횡단중,안전운전불이행,건조,맑음,단일로 - 기타,이륜,기타불명,미분류,기타불명,보행자,남,59세,경상
2019053000100082,2019년 5월 30일 05시,목요일,부산광역시 사하구 장림동,경상사고,0,0,1,0,차대차 - 측면충돌,신호위반,건조,맑음,단일로 - 기타,승용,남,60세,상해없음,자전거,남,34세,경상
2019053000100089,2019년 5월 30일 06시,목요일,부산광역시 사하구 괴정동,중상사고,0,1,0,0,차대사람 - 횡단중,안전운전불이행,건조,맑음,단일로 - 기타,승용,남,60세,상해없음,보행자,여,86세,중상
2019053000100107,2019년 5월 30일 07시,목요일,부산광역시 북구 덕천동,경상사고,0,0,1,0,차대차 - 기타,신호위반,건조,맑음,교차로 - 교차로안,승용,남,47세,상해없음,승용,여,49세,경상
2019053000100108,2019년 5월 30일 07시,목요일,부산광역시 사하구 하단동,경상사고,0,0,1,0,차대사람 - 횡단중,보행자보호의무위반,건조,맑음,교차로 - 교차로횡단보도내,화물,남,58세,상해없음,보행자,여,16세,경상
2019053000100139,2019년 5월 30일 08시,목요일,부산광역시 사상구 학장동,경상사고,0,0,1,0,차대차 - 기타,안전운전불이행,건조,맑음,교차로 - 교차로부근,승용,남,65세,상해없음,승합,남,54세,상해없음
2019053000100140,2019년 5월 30일 08시,목요일,부산광역시 기장군 정관읍,중상사고,0,1,0,0,차대차 - 추돌,안전거리미확보,건조,맑음,단일로 - 기타,승용,남,60세,상해없음,승용,남,25세,상해없음
2019053000100190,2019년 5월 30일 09시,목요일,부산광역시 해운대구 석대동,경상사고,0,0,2,0,차대차 - 추돌,안전운전불이행,건조,맑음,단일로 - 기타,화물,남,57세,상해없음,승용,남,27세,경상
2019053000100191,2019년 5월 30일 09시,목요일,부산광역시 해운대구 재송동,중상사고,0,1,0,0,차대차 - 측면충돌,안전운전불이행,건조,맑음,교차로 - 교차로안,승용,남,32세,상해없음,승용,남,26세,중상
2019053000100192,2019년 5월 30일 09시,목요일,부산광역시 부산진구 당감동,경상사고,0,0,1,0,차대차 - 측면충돌,신호위반,건조,맑음,교차로 - 교차로횡단보도내,승용,남,18세,상해없음,이륜,남,69세,경상
2019053000100221,2019년 5월 30일 10시,목요일,부산광역시 사하구 신평동,중상사고,0,1,0,0,차대차 - 기타,안전운전불이행,건조,맑음,단일로 - 기타,자전거,남,76세,중상,승합,남,42세,상해없음
2019053000100222,2019년 5월 30일 10시,목요일,부산광역시 사하구 하단동,중상사고,0,1,0,0,차대사람 - 기타,안전운전불이행,건조,맑음,단일로 - 기타,승합,남,48세,상해없음,보행자,여,57세,중상
2019053000100259,2019년 5월 30일 11시,목요일,부산광역시 서구 서대신동2가,중상사고,0,1,1,0,차대차 - 측면충돌,안전운전불이행,건조,맑음,교차로 - 교차로부근,건설기계,남,62세,상해없음,승용,여,53세,중상
2019053000100260,2019년 5월 30일 11시,목요일,부산광역시 서구 동대신동1가,경상사고,0,0,1,0,차대차 - 기타,안전운전불이행,건조,맑음,단일로 - 고가도로위,승용,여,38세,상해없음,승용,여,52세,경상
2019053000100287,2019년 5월 30일 12시,목요일,부산광역시 동구 수정동,경상사고,0,0,1,0,차대차 - 기타,안전운전불이행,건조,맑음,단일로 - 기타,이륜,남,45세,상해없음,이륜,남,56세,경상
2019053000100315,2019년 5월 30일 13시,목요일,부산광역시 남구 대연동,중상사고,0,1,0,0,차대사람 - 횡단중,보행자보호의무위반,건조,맑음,단일로 - 기타,승용,남,24세,상해없음,보행자,여,47세,중상
2019053000100316,2019년 5월 30일 13시,목요일,부산광역시 금정구 구서동,중상사고,0,1,0,0,차대차 - 측면충돌,직진우회전진행방해,건조,맑음,교차로 - 교차로안,승용,남,48세,상해없음,이륜,남,25세,중상
2019053000100335,2019년 5월 30일 14시,목요일,부산광역시 동구 범일동,경상사고,0,0,1,0,차대차 - 측면충돌,안전운전불이행,건조,맑음,단일로 - 기타,승용,남,59세,상해없음,자전거,남,61세,경상
2019053000100336,2019년 5월 30일 14시,목요일,부산광역시 부산진구 당감동,중상사고,0,1,0,0,차대사람 - 횡단중,보행자보호의무위반,건조,맑음,교차로 - 교차로횡단보도내,승용,여,39세,상해없음,보행자,남,20세,중상
2019053000100362,2019년 5월 30일 15시,목요일,부산광역시 사상구 덕포동,중상사고,0,1,0,0,차대사람 - 횡단중,보행자보호의무위반,건조,맑음,단일로 - 기타,자전거,여,54세,상해없음,보행자,여,76세,중상
2019053000100424,2019년 5월 30일 17시,목요일,부산광역시 해운대구 우동,경상사고,0,0,1,0,차대사람 - 길가장자리구역통행중,안전운전불이행,건조,흐림,단일로 - 기타,승용,여,36세,상해없음,보행자,남,76세,경상
2019053000100425,2019년 5월 30일 17시,목요일,부산광역시 해운대구 중동,경상사고,0,0,1,0,차대차 - 후진중충돌,안전운전불이행,건조,맑음,단일로 - 기타,승용,여,53세,상해없음,승용,여,51세,경상
2019053000100426,2019년 5월 30일 17시,목요일,부산광역시 강서구 범방동,경상사고,0,0,1,0,차대차 - 측면충돌,안전거리미확보,건조,맑음,단일로 - 기타,승용,남,57세,상해없음,승용,여,43세,경상
2019053000100472,2019년 5월 30일 18시,목요일,부산광역시 수영구 광안동,중상사고,0,1,0,0,차대차 - 측면충돌,안전운전불이행,건조,맑음,교차로 - 교차로안,승용,여,40세,상해없음,이륜,남,32세,중상
2019053000100473,2019년 5월 30일 18시,목요일,부산광역시 사상구 주례동,경상사고,0,0,1,0,차대차 - 추돌,안전운전불이행,건조,맑음,단일로 - 기타,승용,남,21세,상해없음,이륜,남,58세,경상
2019053000100504,2019년 5월 30일 19시,목요일,부산광역시 수영구 광안동,경상사고,0,0,1,0,차량단독 - 기타,기타,건조,맑음,단일로 - 기타,승합,남,44세,상해없음,,,,
2019053000100505,2019년 5월 30일 19시,목요일,부산광역시 북구 구포동,경상사고,0,0,1,0,차대사람 - 기타,보행자보호의무위반,건조,맑음,교차로 - 교차로안,이륜,남,17세,상해없음,보행자,남,12세,경상
2019053000100506,2019년 5월 30일 19시,목요일,부산광역시 연제구 거제동,경상사고,0,0,1,1,차대차 - 후진중충돌,안전운전불이행,건조,맑음,단일로 - 기타,승용,남,74세,상해없음,승용,남,27세,경상
2019053000100507,2019년 5월 30일 19시,목요일,부산광역시 강서구 대저1동,경상사고,0,0,1,0,차대차 - 기타,중앙선침범,건조,맑음,단일로 - 기타,승용,남,73세,상해없음,승용,여,46세,경상
2019053000100508,2019년 5월 30일 19시,목요일,부산광역시 사상구 학장동,경상사고,0,0,2,0,차대사람 - 횡단중,보행자보호의무위반,건조,맑음,교차로 - 교차로횡단보도내,이륜,남,16세,경상,보행자,여,51세,경상
2019053000100576,2019년 5월 30일 21시,목요일,부산광역시 동구 초량동,중상사고,0,1,0,0,차대사람 - 차도통행중,보행자보호의무위반,건조,맑음,교차로 - 교차로횡단보도내,승합,남,72세,상해없음,보행자,남,27세,중상
2019053000100577,2019년 5월 30일 21시,목요일,부산광역시 남구 대연동,경상사고,0,0,1,0,차대차 - 기타,안전운전불이행,건조,맑음,단일로 - 기타,승합,남,66세,상해없음,승용,남,27세,경상
2019053000100578,2019년 5월 30일 21시,목요일,부산광역시 해운대구 좌동,중상사고,0,1,0,0,차대차 - 측면충돌,안전운전불이행,건조,맑음,교차로 - 교차로안,승용,여,61세,상해없음,이륜,남,33세,중상
2019053000100637,2019년 5월 30일 23시,목요일,부산광역시 남구 문현동,중상사고,0,1,0,0,차대사람 - 횡단중,안전운전불이행,건조,맑음,교차로 - 교차로안,승용,남,62세,상해없음,보행자,여,49세,중상
2019053000100638,2019년 5월 30일 23시,목요일,부산광역시 강서구 명지동,경상사고,0,0,1,0,차대차 - 추돌,과속,건조,맑음,교차로 - 교차로부근,승용,남,66세,기타불명,화물,남,47세,경상
2019053100100035,2019년 5월 31일 00시,금요일,부산광역시 동래구 명륜동,부상신고사고,0,0,0,2,차대차 - 기타,안전운전불이행,젖음/습기,맑음,단일로 - 기타,이륜,남,18세,부상신고,승용,남,76세,부상신고
2019053100100069,2019년 5월 31일 03시,금요일,부산광역시 부산진구 가야동,경상사고,0,0,1,0,차대차 - 기타,안전거리미확보,젖음/습기,비,단일로 - 기타,승용,남,51세,상해없음,이륜,남,24세,경상
2019053100100081,2019년 5월 31일 05시,금요일,부산광역시 수영구 광안동,경상사고,0,0,1,0,차대차 - 기타,안전거리미확보,젖음/습기,비,교차로 - 교차로부근,화물,남,23세,상해없음,승용,남,67세,경상
2019053100100117,2019년 5월 31일 07시,금요일,부산광역시 강서구 송정동,경상사고,0,0,2,0,차대차 - 추돌,안전운전불이행,건조,맑음,교차로 - 교차로부근,승용,남,26세,상해없음,승용,남,33세,경상
2019053100100138,2019년 5월 31일 08시,금요일,부산광역시 동구 범일동,경상사고,0,0,2,0,차대차 - 기타,교차로운행방법위반,건조,맑음,교차로 - 교차로안,승용,여,41세,상해없음,승용,남,47세,경상
2019053100100184,2019년 5월 31일 09시,금요일,부산광역시 동래구 명륜동,경상사고,0,0,1,0,차대차 - 기타,안전거리미확보,건조,맑음,교차로 - 교차로부근,승용,남,29세,상해없음,승합,여,49세,경상
2019053100100185,2019년 5월 31일 09시,금요일,부산광역시 부산진구 가야동,경상사고,0,0,1,0,차대차 - 추돌,안전운전불이행,건조,맑음,단일로 - 기타,승용,남,31세,상해없음,승용,남,55세,경상
2019053100100186,2019년 5월 31일 09시,금요일,부산광역시 사하구 하단동,경상사고,0,0,1,0,차대사람 - 횡단중,보행자보호의무위반,건조,맑음,단일로 - 기타,승용,남,41세,상해없음,보행자,여,41세,경상
2019053100100216,2019년 5월 31일 10시,금요일,부산광역시 사하구 구평동,부상신고사고,0,0,0,1,차대차 - 기타,안전운전불이행,건조,맑음,단일로 - 기타,화물,남,36세,상해없음,승용,여,35세,부상신고
2019053100100217,2019년 5월 31일 10시,금요일,부산광역시 수영구 망미동,중상사고,0,1,0,0,차대차 - 측면충돌,교차로운행방법위반,건조,맑음,교차로 - 교차로안,승용,남,39세,상해없음,이륜,남,54세,중상
2019053100100239,2019년 5월 31일 11시,금요일,부산광역시 사하구 구평동,중상사고,0,1,0,0,차대차 - 추돌,직진우회전진행방해,건조,맑음,교차로 - 교차로안,승용,남,38세,상해없음,원동기,남,64세,중상
2019053100100282,2019년 5월 31일 12시,금요일,부산광역시 남구 문현동,부상신고사고,0,0,0,1,차대사람 - 기타,기타,건조,맑음,단일로 - 기타,승용,남,36세,상해없음,보행자,남,63세,부상신고
2019053100100283,2019년 5월 31일 12시,금요일,부산광역시 사하구 장림동,경상사고,0,0,1,0,차대사람 - 기타,안전운전불이행,건조,맑음,단일로 - 지하차도(도로)내,이륜,남,19세,상해없음,보행자,남,35세,경상
2019053100100320,2019년 5월 31일 13시,금요일,부산광역시 남구 문현동,경상사고,0,0,1,0,차대차 - 기타,안전운전불이행,건조,맑음,단일로 - 기타,화물,남,33세,상해없음,이륜,남,28세,경상
2019053100100321,2019년 5월 31일 13시,금요일,부산광역시 해운대구 중동,중상사고,0,1,0,0,차대차 - 측면충돌,신호위반,건조,맑음,단일로 - 기타,승용,남,32세,상해없음,개인형이동수단(PM),여,34세,중상
2019053100100322,2019년 5월 31일 13시,금요일,부산광역시 부산진구 범전동,경상사고,0,0,4,0,차대차 - 기타,기타,건조,맑음,단일로 - 기타,화물,여,24세,상해없음,승용,남,68세,상해없음
2019053100100366,2019년 5월 31일 14시,금요일,부산광역시 강서구 신호동,부상신고사고,0,0,0,1,차량단독 - 기타,안전운전불이행,건조,맑음,단일로 - 기타,이륜,남,18세,부상신고,,,,
2019053100100403,2019년 5월 31일 15시,금요일,부산광역시 영도구 대교동2가,중상사고,0,1,0,0,차대사람 - 횡단중,보행자보호의무위반,건조,맑음,단일로 - 기타,화물,남,48세,상해없음,보행자,여,78세,중상
2019053100100404,2019년 5월 31일 15시,금요일,부산광역시 사하구 다대동,중상사고,0,1,0,0,차대사람 - 기타,안전운전불이행,건조,맑음,단일로 - 지하차도(도로)내,승합,남,35세,상해없음,보행자,남,79세,중상
2019053100100460,2019년 5월 31일 16시,금요일,부산광역시 중구 부평동4가,중상사고,0,1,0,0,차대차 - 측면충돌,교차로운행방법위반,건조,맑음,교차로 - 교차로안,이륜,남,38세,중상,승용,여,49세,상해없음
2019053100100461,2019년 5월 31일 16시,금요일,부산광역시 남구 대연동,중상사고,0,1,0,0,차대사람 - 기타,안전운전불이행,건조,맑음,교차로 - 교차로안,승용,여,29세,상해없음,보행자,남,68세,중상
2019053100100462,2019년 5월 31일 16시,금요일,부산광역시 부산진구 범천동,경상사고,0,0,2,0,차대차 - 기타,교차로운행방법위반,건조,맑음,교차로 - 교차로안,승용,남,40세,상해없음,이륜,남,21세,경상
2019053100100463,2019년 5월 31일 16시,금요일,부산광역시 연제구 거제동,경상사고,0,0,1,0,차대사람 - 차도통행중,안전운전불이행,건조,맑음,교차로 - 교차로안,화물,남,48세,상해없음,보행자,남,70세,경상
2019053100100561,2019년 5월 31일 18시,금요일,부산광역시 동구 범일동,경상사고,0,0,1,0,차대차 - 기타,안전거리미확보,건조,맑음,교차로 - 교차로부근,화물,남,55세,상해없음,승용,여,42세,경상
2019053100100621,2019년 5월 31일 19시,금요일,부산광역시 북구 구포동,중상사고,0,1,0,0,차대차 - 기타,안전운전불이행,건조,맑음,단일로 - 기타,승합,남,68세,상해없음,이륜,남,24세,중상
2019053100100622,2019년 5월 31일 19시,금요일,부산광역시 해운대구 반송동,경상사고,0,0,1,0,차대차 - 측면충돌,중앙선침범,건조,흐림,교차로 - 교차로부근,이륜,남,52세,상해없음,이륜,남,24세,경상
2019053100100623,2019년 5월 31일 19시,금요일,부산광역시 금정구 구서동,중상사고,0,1,0,0,차대사람 - 횡단중,보행자보호의무위반,건조,맑음,교차로 - 교차로횡단보도내,승용,남,64세,상해없음,보행자,여,45세,중상
2019053100100665,2019년 5월 31일 20시,금요일,부산광역시 북구 덕천동,중상사고,0,1,1,0,차대차 - 기타,안전운전불이행,건조,맑음,단일로 - 기타,이륜,남,24세,경상,승용,남,50세,중상
2019053100100695,2019년 5월 31일 21시,금요일,부산광역시 동래구 온천동,경상사고,0,0,1,0,차대사람 - 횡단중,신호위반,건조,맑음,교차로 - 교차로횡단보도내,승용,남,54세,상해없음,보행자,남,38세,경상
2019053100100774,2019년 5월 31일 23시,금요일,부산광역시 동구 범일동,부상신고사고,0,0,0,1,차대차 - 측면충돌,중앙선침범,건조,맑음,교차로 - 교차로안,이륜,기타불명,미분류,기타불명,승용,남,41세,부상신고
2019053100100775,2019년 5월 31일 23시,금요일,부산광역시 연제구 거제동,중상사고,0,1,0,0,차대차 - 측면충돌,신호위반,건조,맑음,교차로 - 교차로안,승용,남,45세,기타불명,승용,여,49세,상해없음
2019053100100776,2019년 5월 31일 23시,금요일,부산광역시 연제구 거제동,중상사고,0,1,0,0,차대차 - 측면충돌,교차로운행방법위반,건조,맑음,교차로 - 교차로부근,승용,여,56세,상해없음,이륜,남,36세,중상
2019053100100777,2019년 5월 31일 23시,금요일,부산광역시 기장군 정관읍,중상사고,0,1,1,0,차대차 - 정면충돌,안전운전불이행,건조,맑음,교차로 - 교차로안,승용,여,51세,중상,승용,여,60세,경상
2019060100100105,2019년 6월 1일 06시,토요일,부산광역시 부산진구 범천동,중상사고,0,1,0,1,차대차 - 측면충돌,신호위반,건조,맑음,교차로 - 교차로안,화물,남,53세,부상신고,승합,남,32세,중상
2019060100100116,2019년 6월 1일 07시,토요일,부산광역시 동래구 명륜동,경상사고,0,0,2,0,차대차 - 기타,신호위반,건조,맑음,교차로 - 교차로안,승용,남,18세,상해없음,건설기계,남,30세,경상
2019060100100117,2019년 6월 1일 07시,토요일,부산광역시 부산진구 범천동,부상신고사고,0,0,0,1,차량단독 - 공작물충돌,안전운전불이행,건조,맑음,기타 - 기타,이륜,남,25세,부상신고,,,,
2019060100100118,2019년 6월 1일 07시,토요일,부산광역시 부산진구 연지동,중상사고,0,1,0,0,차대차 - 기타,안전거리미확보,건조,맑음,단일로 - 기타,승용,남,23세,상해없음,승용,남,41세,중상
2019060100100131,2019년 6월 1일 08시,토요일,부산광역시 해운대구 좌동,경상사고,0,0,1,0,차대사람 - 횡단중,보행자보호의무위반,건조,맑음,단일로 - 기타,승용,남,41세,기타불명,보행자,여,9세,경상
2019060100100132,2019년 6월 1일 08시,토요일,부산광역시 연제구 거제동,경상사고,0,0,1,0,차대차 - 측면충돌,안전거리미확보,건조,맑음,교차로 - 교차로부근,승용,여,54세,상해없음,승용,여,43세,경상
2019060100100184,2019년 6월 1일 10시,토요일,부산광역시 해운대구 중동,경상사고,0,0,1,0,차대차 - 측면충돌,신호위반,건조,맑음,교차로 - 교차로안,승용,여,33세,상해없음,승용,남,46세,경상
2019060100100212,2019년 6월 1일 11시,토요일,부산광역시 남구 우암동,경상사고,0,0,3,0,차대차 - 추돌,안전운전불이행,건조,맑음,단일로 - 기타,승용,남,37세,상해없음,승용,남,52세,경상
2019060100100213,2019년 6월 1일 11시,토요일,부산광역시 동래구 명륜동,경상사고,0,0,1,0,차대사람 - 길가장자리구역통행중,안전운전불이행,건조,맑음,단일로 - 기타,승용,남,58세,상해없음,보행자,남,53세,경상
2019060100100214,2019년 6월 1일 11시,토요일,부산광역시 부산진구 양정동,중상사고,0,1,0,0,차대사람 - 기타,기타,건조,맑음,기타 - 기타,자전거,남,16세,상해없음,보행자,여,71세,중상
2019060100100215,2019년 6월 1일 11시,토요일,부산광역시 부산진구 범천동,경상사고,0,0,2,0,차대차 - 추돌,안전거리미확보,건조,흐림,단일로 - 기타,승용,여,28세,상해없음,승용,남,57세,경상
2019060100100216,2019년 6월 1일 11시,토요일,부산광역시 연제구 거제동,중상사고,0,1,0,0,차대차 - 측면충돌,교차로운행방법위반,건조,맑음,교차로 - 교차로안,승용,여,28세,상해없음,승용,여,34세,중상
2019060100100254,2019년 6월 1일 12시,토요일,부산광역시 해운대구 우동,부상신고사고,0,0,0,2,차대차 - 측면충돌,안전운전불이행,건조,맑음,교차로 - 교차로부근,승용,여,49세,상해없음,승용,여,38세,부상신고
2019060100100255,2019년 6월 1일 12시,토요일,부산광역시 금정구 장전동,경상사고,0,0,1,0,차대차 - 측면충돌,교차로운행방법위반,건조,맑음,교차로 - 교차로부근,화물,남,60세,상해없음,승용,여,37세,경상
2019060100100292,2019년 6월 1일 13시,토요일,부산광역시 금정구 부곡동,중상사고,0,1,5,0,차대차 - 기타,안전운전불이행,건조,맑음,단일로 - 기타,승용,남,73세,상해없음,승합,남,46세,경상
2019060100100329,2019년 6월 1일 14시,토요일,부산광역시 해운대구 재송동,중상사고,0,1,0,0,차대차 - 추돌,안전운전불이행,건조,맑음,단일로 - 터널,승용,남,26세,기타불명,승용,여,48세,중상
2019060100100330,2019년 6월 1일 14시,토요일,부산광역시 부산진구 가야동,중상사고,0,1,0,0,차대차 - 추돌,안전거리미확보,건조,맑음,단일로 - 기타,이륜,남,59세,중상,승용,남,70세,상해없음
2019060100100331,2019년 6월 1일 14시,토요일,부산광역시 부산진구 초읍동,중상사고,0,1,0,0,차대사람 - 횡단중,신호위반,건조,맑음,교차로 - 교차로안,이륜,남,73세,상해없음,보행자,여,75세,중상
2019060100100332,2019년 6월 1일 14시,토요일,부산광역시 연제구 연산동,경상사고,0,0,1,0,차대차 - 측면충돌,신호위반,건조,맑음,교차로 - 교차로안,승용,남,37세,상해없음,승용,여,58세,경상
2019060100100333,2019년 6월 1일 14시,토요일,부산광역시 연제구 연산동,경상사고,0,0,1,0,차대차 - 기타,안전운전불이행,건조,맑음,단일로 - 기타,이륜,남,45세,상해없음,승용,남,57세,경상
2019060100100375,2019년 6월 1일 15시,토요일,부산광역시 해운대구 중동,경상사고,0,0,1,0,차대사람 - 횡단중,보행자보호의무위반,건조,맑음,단일로 - 기타,화물,남,55세,상해없음,보행자,여,69세,경상
2019060100100376,2019년 6월 1일 15시,토요일,부산광역시 기장군 철마면,경상사고,0,0,4,0,차대차 - 측면충돌,신호위반,건조,맑음,교차로 - 교차로안,화물,남,72세,상해없음,승합,남,62세,경상
2019060100100377,2019년 6월 1일 15시,토요일,부산광역시 기장군 정관읍,중상사고,0,1,0,0,차대차 - 측면충돌,안전운전불이행,건조,맑음,교차로 - 교차로부근,승용,남,44세,상해없음,화물,남,56세,중상
2019060100100407,2019년 6월 1일 16시,토요일,부산광역시 서구 서대신동3가,중상사고,0,2,2,0,차대차 - 측면충돌,교차로운행방법위반,건조,맑음,교차로 - 교차로안,화물,남,24세,경상,승용,여,35세,중상
2019060100100408,2019년 6월 1일 16시,토요일,부산광역시 해운대구 우동,경상사고,0,0,2,0,차대차 - 측면충돌,안전거리미확보,건조,맑음,단일로 - 기타,승용,남,40세,상해없음,승용,남,58세,경상
2019060100100409,2019년 6월 1일 16시,토요일,부산광역시 사하구 하단동,중상사고,0,1,0,0,차대차 - 기타,안전운전불이행,건조,맑음,단일로 - 기타,이륜,남,33세,중상,승용,남,36세,상해없음
2019060100100450,2019년 6월 1일 17시,토요일,부산광역시 중구 영주동,경상사고,0,0,2,0,차대차 - 측면충돌,과속,건조,맑음,단일로 - 기타,승용,남,22세,상해없음,승용,남,49세,경상
2019060100100451,2019년 6월 1일 17시,토요일,부산광역시 사하구 괴정동,중상사고,0,1,0,0,차대차 - 기타,안전운전불이행,건조,맑음,교차로 - 교차로부근,승용,남,41세,상해없음,승합,남,42세,중상
2019060100100452,2019년 6월 1일 17시,토요일,부산광역시 사하구 괴정동,경상사고,0,0,1,0,차대차 - 측면충돌,안전거리미확보,건조,맑음,교차로 - 교차로안,승합,남,39세,상해없음,승용,남,30세,경상
2019060100100453,2019년 6월 1일 17시,토요일,부산광역시 사하구 신평동,경상사고,0,0,1,0,차대사람 - 기타,안전운전불이행,건조,맑음,단일로 - 지하차도(도로)내,승용,남,55세,상해없음,보행자,여,65세,경상
2019060100100504,2019년 6월 1일 19시,토요일,부산광역시 연제구 연산동,경상사고,0,0,1,0,차대차 - 추돌,안전운전불이행,건조,맑음,단일로 - 기타,승용,남,69세,상해없음,이륜,남,27세,경상
2019060100100524,2019년 6월 1일 20시,토요일,부산광역시 동래구 사직동,경상사고,0,0,1,0,차대차 - 기타,신호위반,건조,맑음,교차로 - 교차로부근,승용,여,44세,상해없음,이륜,남,23세,경상
2019060100100581,2019년 6월 1일 22시,토요일,부산광역시 북구 덕천동,중상사고,0,1,0,0,차대사람 - 차도통행중,안전운전불이행,건조,맑음,교차로 - 교차로안,승합,남,40세,상해없음,보행자,남,55세,중상
2019060100100582,2019년 6월 1일 22시,토요일,부산광역시 부산진구 개금동,경상사고,0,0,1,0,차대사람 - 기타,불법유턴,건조,맑음,교차로 - 교차로부근,승용,남,64세,상해없음,보행자,여,59세,경상
2019060100100583,2019년 6월 1일 22시,토요일,부산광역시 연제구 연산동,경상사고,0,0,1,0,차대사람 - 기타,안전운전불이행,건조,맑음,단일로 - 기타,승용,여,63세,상해없음,보행자,남,60세,경상
2019060100100614,2019년 6월 1일 23시,토요일,부산광역시 사하구 하단동,중상사고,0,1,1,0,차대사람 - 횡단중,신호위반,건조,맑음,교차로 - 교차로부근,승용,남,65세,상해없음,보행자,여,20세,경상
2019060200100048,2019년 6월 2일 02시,일요일,부산광역시 사하구 당리동,중상사고,0,1,1,1,차대차 - 추돌,안전운전불이행,건조,맑음,교차로 - 교차로부근,승용,여,54세,부상신고,승용,남,65세,경상
2019060200100137,2019년 6월 2일 10시,일요일,부산광역시 동래구 명장동,중상사고,0,1,1,0,차대차 - 측면충돌,기타,건조,맑음,교차로 - 교차로안,승용,남,23세,상해없음,승용,남,54세,중상
2019060200100138,2019년 6월 2일 10시,일요일,부산광역시 해운대구 재송동,부상신고사고,0,0,0,1,차대차 - 측면충돌,안전운전불이행,건조,맑음,교차로 - 교차로안,이륜,남,47세,부상신고,화물,남,66세,상해없음
2019060200100139,2019년 6월 2일 10시,일요일,부산광역시 부산진구 범천동,경상사고,0,0,2,1,차대차 - 측면충돌,신호위반,건조,맑음,교차로 - 교차로안,승용,남,79세,상해없음,승용,남,59세,경상