사고번호,사고일시,요일,시군구,사고내용,사망자수,중상자수,경상자수,부상신고자수,사고유형,법규위반,노면상태,기상상태,도로형태,가해운전자 차종,가해운전자 성별,가해운전자 연령,가해운전자 상해정도,피해운전자 차종,피해운전자 성별,피해운전자 연령,피해운전자 상해정도
2019060600100150,2019년 6월 6일 09시,목요일,부산광역시 동구 초량동,부상신고사고,0,0,0,3,차대차 - 측면충돌,신호위반,건조,맑음,교차로 - 교차로안,승용,여,57세,상해없음,승용,남,62세,부상신고
2019060600100151,2019년 6월 6일 09시,목요일,부산광역시 금정구 구서동,경상사고,0,0,1,0,차대사람 - 기타,기타,건조,맑음,교차로 - 교차로부근,승용,여,56세,기타불명,보행자,여,23세,경상
2019060600100162,2019년 6월 6일 10시,목요일,부산광역시 사상구 감전동,경상사고,0,0,1,0,차대차 - 측면충돌,안전운전불이행,건조,맑음,단일로 - 기타,화물,남,62세,상해없음,화물,남,43세,경상
2019060600100163,2019년 6월 6일 10시,목요일,부산광역시 기장군 기장읍,경상사고,0,0,1,1,차대차 - 정면충돌,신호위반,건조,맑음,교차로 - 교차로안,화물,남,84세,상해없음,승용,여,57세,경상
2019060600100188,2019년 6월 6일 11시,목요일,부산광역시 해운대구 우동,경상사고,0,0,1,0,차대차 - 측면충돌,안전거리미확보,건조,맑음,교차로 - 교차로안,승용,남,40세,상해없음,승용,남,23세,경상
2019060600100212,2019년 6월 6일 12시,목요일,부산광역시 동래구 온천동,경상사고,0,0,1,0,차대사람 - 차도통행중,안전운전불이행,건조,맑음,단일로 - 기타,이륜,남,18세,상해없음,보행자,남,61세,경상
2019060600100213,2019년 6월 6일 12시,목요일,부산광역시 금정구 부곡동,경상사고,0,0,1,0,차대차 - 측면충돌,안전거리미확보,건조,맑음,교차로 - 교차로부근,승용,남,30세,상해없음,승용,남,50세,경상
2019060600100284,2019년 6월 6일 14시,목요일,부산광역시 수영구 광안동,부상신고사고,0,0,0,1,차대차 - 측면충돌,신호위반,건조,맑음,교차로 - 교차로안,이륜,남,27세,부상신고,승용,남,61세,상해없음
2019060600100285,2019년 6월 6일 14시,목요일,부산광역시 영도구 영선동3가,경상사고,0,0,1,0,차대차 - 추돌,안전운전불이행,건조,맑음,단일로 - 기타,승합,남,47세,상해없음,승용,남,37세,상해없음
2019060600100286,2019년 6월 6일 14시,목요일,부산광역시 금정구 부곡동,중상사고,0,1,0,0,차대차 - 추돌,안전운전불이행,건조,맑음,단일로 - 기타,승용,남,29세,상해없음,이륜,남,52세,중상
2019060600100287,2019년 6월 6일 14시,목요일,부산광역시 사상구 덕포동,부상신고사고,0,0,0,1,차대차 - 추돌,안전운전불이행,건조,맑음,단일로 - 지하차도(도로)내,이륜,남,18세,상해없음,승용,여,49세,상해없음
2019060600100288,2019년 6월 6일 14시,목요일,부산광역시 기장군 일광면,경상사고,0,0,2,0,차대차 - 추돌,안전거리미확보,건조,맑음,기타 - 기타,승용,여,25세,상해없음,승용,남,48세,경상
2019060600100321,2019년 6월 6일 15시,목요일,부산광역시 동래구 명장동,경상사고,0,0,2,0,차대차 - 측면충돌,안전운전불이행,건조,맑음,단일로 - 기타,승용,남,58세,상해없음,승용,남,76세,경상
2019060600100358,2019년 6월 6일 16시,목요일,부산광역시 기장군 장안읍,경상사고,0,0,2,0,차대차 - 추돌,안전거리미확보,건조,맑음,단일로 - 기타,승합,남,59세,상해없음,승용,남,35세,경상
2019060600100379,2019년 6월 6일 17시,목요일,부산광역시 동구 초량동,중상사고,0,1,0,0,차대사람 - 기타,안전운전불이행,건조,맑음,단일로 - 기타,승용,남,31세,상해없음,보행자,남,5세,중상
2019060600100380,2019년 6월 6일 17시,목요일,부산광역시 수영구 남천동,경상사고,0,0,1,0,차대사람 - 횡단중,신호위반,건조,맑음,교차로 - 교차로횡단보도내,승합,남,58세,상해없음,보행자,여,15세,경상
2019060600100381,2019년 6월 6일 17시,목요일,부산광역시 수영구 민락동,중상사고,0,1,0,0,차량단독 - 기타,안전운전불이행,건조,맑음,단일로 - 기타,승합,남,51세,상해없음,,,,
2019060600100382,2019년 6월 6일 17시,목요일,부산광역시 영도구 동삼동,경상사고,0,0,1,0,차량단독 - 기타,안전운전불이행,건조,맑음,단일로 - 기타,승합,남,47세,상해없음,,,,
2019060600100383,2019년 6월 6일 17시,목요일,부산광역시 연제구 연산동,경상사고,0,0,1,0,차대사람 - 기타,안전운전불이행,건조,맑음,단일로 - 기타,승용,여,41세,상해없음,보행자,여,72세,경상
2019060600100417,2019년 6월 6일 18시,목요일,부산광역시 동래구 사직동,중상사고,0,1,0,0,차대차 - 기타,안전운전불이행,건조,맑음,단일로 - 기타,자전거,남,15세,중상,승용,남,45세,상해없음
2019060600100418,2019년 6월 6일 18시,목요일,부산광역시 부산진구 초읍동,경상사고,0,0,1,0,차대차 - 정면충돌,중앙선침범,건조,맑음,단일로 - 기타,승용,남,38세,기타불명,승합,남,68세,경상
2019060600100419,2019년 6월 6일 18시,목요일,부산광역시 연제구 연산동,경상사고,0,0,1,0,차대차 - 기타,안전거리미확보,건조,흐림,단일로 - 기타,화물,남,40세,상해없음,이륜,남,22세,경상
2019060600100453,2019년 6월 6일 19시,목요일,부산광역시 동래구 온천동,경상사고,0,0,1,0,차대차 - 측면충돌,안전운전불이행,젖음/습기,비,교차로 - 교차로안,승용,남,53세,상해없음,이륜,남,27세,경상
2019060600100454,2019년 6월 6일 19시,목요일,부산광역시 사하구 장림동,경상사고,0,0,3,0,차대차 - 측면충돌,중앙선침범,젖음/습기,비,단일로 - 기타,승합,남,48세,상해없음,승용,여,40세,경상
2019060600100455,2019년 6월 6일 19시,목요일,부산광역시 사하구 신평동,경상사고,0,0,1,0,차대차 - 추돌,안전거리미확보,젖음/습기,비,단일로 - 기타,승용,여,43세,상해없음,승용,여,36세,경상
2019060600100491,2019년 6월 6일 20시,목요일,부산광역시 해운대구 재송동,경상사고,0,0,3,0,차대차 - 기타,안전운전불이행,젖음/습기,비,단일로 - 기타,승용,여,29세,상해없음,승용,남,37세,경상
2019060600100492,2019년 6월 6일 20시,목요일,부산광역시 사하구 신평동,중상사고,0,1,0,0,차대사람 - 횡단중,신호위반,젖음/습기,비,교차로 - 교차로횡단보도내,이륜,남,16세,상해없음,보행자,남,28세,중상
2019060600100535,2019년 6월 6일 21시,목요일,부산광역시 남구 감만동,경상사고,0,0,2,0,차대차 - 추돌,안전거리미확보,젖음/습기,비,교차로 - 교차로부근,승용,여,39세,상해없음,승용,남,36세,경상
2019060600100536,2019년 6월 6일 21시,목요일,부산광역시 해운대구 좌동,경상사고,0,0,1,0,차대차 - 기타,기타,젖음/습기,비,교차로 - 교차로부근,승용,남,59세,상해없음,이륜,남,45세,경상
2019060600100537,2019년 6월 6일 21시,목요일,부산광역시 사하구 하단동,부상신고사고,0,0,0,1,차대차 - 기타,안전운전불이행,젖음/습기,비,단일로 - 기타,이륜,남,25세,부상신고,승용,남,33세,상해없음
2019060600100585,2019년 6월 6일 22시,목요일,부산광역시 중구 남포동6가,경상사고,0,0,1,0,차대차 - 측면충돌,교차로운행방법위반,젖음/습기,비,교차로 - 교차로안,승용,남,60세,상해없음,승용,남,29세,경상
2019060600100586,2019년 6월 6일 22시,목요일,부산광역시 남구 대연동,경상사고,0,0,1,0,차대차 - 추돌,안전운전불이행,젖음/습기,비,단일로 - 기타,승용,여,32세,상해없음,승합,남,30세,경상
2019060600100587,2019년 6월 6일 22시,목요일,부산광역시 남구 문현동,경상사고,0,0,1,0,차대차 - 측면충돌,안전운전불이행,젖음/습기,비,교차로 - 교차로안,승용,여,29세,경상,승용,남,63세,상해없음
2019060600100588,2019년 6월 6일 22시,목요일,부산광역시 영도구 청학동,경상사고,0,0,1,0,차대차 - 추돌,안전운전불이행,건조,맑음,단일로 - 기타,승용,남,41세,상해없음,승용,남,30세,경상
2019060600100589,2019년 6월 6일 22시,목요일,부산광역시 사상구 학장동,중상사고,0,1,0,0,차량단독 - 공작물충돌,안전운전불이행,건조,맑음,기타 - 기타,승용,남,61세,상해없음,,,,
2019060600100590,2019년 6월 6일 22시,목요일,부산광역시 사상구 감전동,중상사고,0,2,0,0,차대차 - 기타,안전거리미확보,건조,맑음,단일로 - 교량,특수,남,56세,상해없음,승용,남,50세,중상
2019060600100623,2019년 6월 6일 23시,목요일,부산광역시 북구 덕천동,경상사고,0,0,1,0,차대사람 - 횡단중,신호위반,젖음/습기,비,교차로 - 교차로안,승합,남,71세,상해없음,보행자,여,57세,경상
2019060600100624,2019년 6월 6일 23시,목요일,부산광역시 해운대구 중동,중상사고,0,1,0,0,차대차 - 기타,안전운전불이행,젖음/습기,비,교차로 - 교차로부근,승용,남,48세,상해없음,이륜,남,37세,중상
2019060700100033,2019년 6월 7일 00시,금요일,부산광역시 연제구 연산동,부상신고사고,0,0,0,1,차대사람 - 횡단중,신호위반,젖음/습기,비,단일로 - 기타,승용,남,23세,상해없음,보행자,여,26세,부상신고
2019060700100034,2019년 6월 7일 00시,금요일,부산광역시 사상구 학장동,경상사고,0,0,1,0,차대차 - 추돌,안전운전불이행,젖음/습기,맑음,단일로 - 기타,승용,남,48세,상해없음,승용,남,54세,경상
2019060700100051,2019년 6월 7일 01시,금요일,부산광역시 수영구 남천동,경상사고,0,0,3,0,차대차 - 기타,안전운전불이행,젖음/습기,비,단일로 - 기타,승용,남,60세,기타불명,화물,남,32세,경상
2019060700100063,2019년 6월 7일 02시,금요일,부산광역시 부산진구 부전동,중상사고,0,1,0,0,차대사람 - 기타,안전운전불이행,젖음/습기,비,단일로 - 기타,승용,남,47세,상해없음,보행자,남,26세,중상
2019060700100138,2019년 6월 7일 08시,금요일,부산광역시 수영구 광안동,경상사고,0,0,1,0,차대차 - 기타,안전거리미확보,건조,맑음,단일로 - 기타,승용,여,31세,상해없음,승합,남,46세,상해없음
2019060700100139,2019년 6월 7일 08시,금요일,부산광역시 해운대구 재송동,경상사고,0,0,2,0,차대차 - 측면충돌,교차로운행방법위반,건조,흐림,교차로 - 교차로안,승용,여,40세,경상,승용,남,44세,경상
2019060700100140,2019년 6월 7일 08시,금요일,부산광역시 부산진구 당감동,경상사고,0,0,1,0,차대사람 - 길가장자리구역통행중,안전운전불이행,젖음/습기,맑음,교차로 - 교차로안,승용,여,47세,상해없음,보행자,여,15세,경상
2019060700100175,2019년 6월 7일 09시,금요일,부산광역시 북구 금곡동,중상사고,0,1,0,0,차대사람 - 기타,안전운전불이행,젖음/습기,비,교차로 - 교차로횡단보도내,승용,남,59세,상해없음,보행자,여,64세,중상
2019060700100176,2019년 6월 7일 09시,금요일,부산광역시 영도구 청학동,중상사고,0,1,0,0,차대사람 - 길가장자리구역통행중,안전운전불이행,젖음/습기,흐림,단일로 - 기타,화물,남,37세,상해없음,보행자,여,75세,중상
2019060700100177,2019년 6월 7일 09시,금요일,부산광역시 해운대구 우동,중상사고,0,1,0,0,차대차 - 기타,안전거리미확보,젖음/습기,비,교차로 - 교차로부근,승용,남,53세,상해없음,이륜,남,34세,중상
2019060700100209,2019년 6월 7일 10시,금요일,부산광역시 금정구 구서동,부상신고사고,0,0,0,1,차대사람 - 기타,안전운전불이행,건조,맑음,기타 - 기타,화물,남,54세,상해없음,보행자,여,23세,부상신고
2019060700100241,2019년 6월 7일 11시,금요일,부산광역시 중구 중앙동3가,경상사고,0,0,1,0,차대차 - 측면충돌,교차로운행방법위반,건조,맑음,교차로 - 교차로안,이륜,남,65세,경상,승용,남,51세,상해없음
2019060700100242,2019년 6월 7일 11시,금요일,부산광역시 동구 초량동,경상사고,0,0,1,0,차대차 - 측면충돌,직진우회전진행방해,젖음/습기,비,교차로 - 교차로안,승용,남,61세,경상,승용,남,61세,상해없음
2019060700100243,2019년 6월 7일 11시,금요일,부산광역시 금정구 부곡동,경상사고,0,0,1,0,차대차 - 측면충돌,직진우회전진행방해,젖음/습기,흐림,교차로 - 교차로안,승용,남,67세,상해없음,원동기,남,63세,경상
2019060700100266,2019년 6월 7일 12시,금요일,부산광역시 수영구 남천동,경상사고,0,0,1,0,차대차 - 측면충돌,신호위반,젖음/습기,비,교차로 - 교차로안,승용,여,68세,상해없음,승용,여,52세,경상
2019060700100267,2019년 6월 7일 12시,금요일,부산광역시 연제구 거제동,경상사고,0,0,1,0,차대차 - 추돌,안전거리미확보,젖음/습기,비,교차로 - 교차로안,승용,남,21세,상해없음,화물,남,52세,경상
2019060700100305,2019년 6월 7일 13시,금요일,부산광역시 북구 화명동,경상사고,0,0,3,0,차대차 - 기타,교차로운행방법위반,젖음/습기,비,교차로 - 교차로안,승용,여,46세,경상,승용,여,23세,경상
2019060700100306,2019년 6월 7일 13시,금요일,부산광역시 연제구 연산동,경상사고,0,0,1,0,차대차 - 측면충돌,안전거리미확보,젖음/습기,비,교차로 - 교차로안,이륜,남,27세,상해없음,승용,여,58세,경상
2019060700100307,2019년 6월 7일 13시,금요일,부산광역시 기장군 기장읍,경상사고,0,0,1,0,차대차 - 측면충돌,안전거리미확보,젖음/습기,비,단일로 - 기타,승용,남,31세,상해없음,승용,남,71세,경상
2019060700100341,2019년 6월 7일 14시,금요일,부산광역시 사하구 다대동,경상사고,0,0,1,0,차대사람 - 기타,안전운전불이행,건조,맑음,단일로 - 지하차도(도로)내,이륜,남,54세,상해없음,보행자,여,60세,경상
2019060700100369,2019년 6월 7일 15시,금요일,부산광역시 동구 좌천동,경상사고,0,0,1,0,차대차 - 측면충돌,안전운전불이행,건조,맑음,교차로 - 교차로안,화물,여,61세,상해없음,승용,여,35세,경상
2019060700100370,2019년 6월 7일 15시,금요일,부산광역시 서구 충무동2가,경상사고,0,0,1,0,차대차 - 측면충돌,안전운전불이행,젖음/습기,맑음,단일로 - 기타,승용,남,27세,상해없음,이륜,남,58세,경상
2019060700100371,2019년 6월 7일 15시,금요일,부산광역시 수영구 광안동,경상사고,0,0,1,0,차대차 - 기타,안전운전불이행,건조,맑음,교차로 - 교차로안,자전거,여,70세,경상,화물,남,44세,상해없음
2019060700100410,2019년 6월 7일 16시,금요일,부산광역시 남구 용호동,중상사고,0,1,0,0,차대사람 - 횡단중,신호위반,건조,맑음,교차로 - 교차로횡단보도내,승용,여,49세,상해없음,보행자,남,15세,중상
2019060700100489,2019년 6월 7일 18시,금요일,부산광역시 사상구 주례동,경상사고,0,0,1,0,차대차 - 측면충돌,안전거리미확보,건조,맑음,단일로 - 고가도로위,특수,남,51세,상해없음,승용,남,67세,경상
2019060700100531,2019년 6월 7일 19시,금요일,부산광역시 서구 암남동,경상사고,0,0,2,0,차대차 - 측면충돌,안전운전불이행,건조,흐림,교차로 - 교차로안,승용,남,48세,상해없음,승용,여,39세,경상
2019060700100633,2019년 6월 7일 22시,금요일,부산광역시 해운대구 우동,경상사고,0,0,1,0,차대사람 - 기타,보행자보호의무위반,건조,맑음,교차로 - 교차로횡단보도내,승용,남,28세,상해없음,보행자,남,38세,경상
2019060700100634,2019년 6월 7일 22시,금요일,부산광역시 부산진구 양정동,경상사고,0,0,1,0,차대사람 - 차도통행중,안전운전불이행,건조,맑음,교차로 - 교차로안,승용,남,44세,상해없음,보행자,남,77세,경상
2019060700100635,2019년 6월 7일 22시,금요일,부산광역시 연제구 거제동,경상사고,0,0,3,0,차대차 - 기타,안전운전불이행,건조,흐림,단일로 - 기타,승용,남,45세,상해없음,승용,남,63세,경상
2019060700100665,2019년 6월 7일 23시,금요일,부산광역시 해운대구 반여동,중상사고,0,1,0,0,차대차 - 측면충돌,신호위반,건조,맑음,교차로 - 교차로안,승용,여,57세,상해없음,승용,남,24세,중상
2019060700100666,2019년 6월 7일 23시,금요일,부산광역시 해운대구 중동,중상사고,0,1,0,0,차대차 - 측면충돌,교차로운행방법위반,건조,맑음,단일로 - 기타,승용,여,44세,기타불명,승용,남,46세,중상
2019060800100029,2019년 6월 8일 00시,토요일,부산광역시 사하구 하단동,경상사고,0,0,1,0,차대차 - 기타,중앙선침범,건조,맑음,단일로 - 기타,승용,남,53세,상해없음,이륜,남,24세,경상
2019060800100044,2019년 6월 8일 01시,토요일,부산광역시 남구 대연동,경상사고,0,0,1,0,차대사람 - 횡단중,안전운전불이행,건조,맑음,단일로 - 기타,승용,남,57세,상해없음,보행자,남,17세,경상
2019060800100045,2019년 6월 8일 01시,토요일,부산광역시 사하구 하단동,경상사고,0,0,1,0,차대차 - 추돌,안전운전불이행,건조,흐림,기타 - 기타,승용,남,44세,상해없음,승용,남,48세,경상
2019060800100077,2019년 6월 8일 04시,토요일,부산광역시 동구 좌천동,중상사고,0,2,2,0,차대차 - 기타,안전운전불이행,건조,맑음,단일로 - 기타,승용,남,34세,상해없음,승용,남,50세,중상
2019060800100100,2019년 6월 8일 06시,토요일,부산광역시 동구 초량동,경상사고,0,0,1,0,차대차 - 기타,교차로운행방법위반,건조,맑음,교차로 - 교차로안,승용,여,51세,경상,승용,남,57세,상해없음
2019060800100156,2019년 6월 8일 09시,토요일,부산광역시 수영구 광안동,경상사고,0,0,1,0,차대차 - 기타,직진우회전진행방해,건조,맑음,교차로 - 교차로안,승용,남,40세,기타불명,승용,여,54세,경상
2019060800100185,2019년 6월 8일 10시,토요일,부산광역시 금정구 서동,경상사고,0,0,1,0,차대사람 - 기타,보행자보호의무위반,건조,기타,기타 - 기타,승용,남,75세,상해없음,보행자,남,9세,경상
2019060800100211,2019년 6월 8일 11시,토요일,부산광역시 중구 중앙동2가,경상사고,0,0,1,0,차대차 - 측면충돌,안전거리미확보,건조,맑음,단일로 - 기타,승용,남,67세,상해없음,승용,남,35세,경상
2019060800100212,2019년 6월 8일 11시,토요일,부산광역시 수영구 광안동,경상사고,0,0,1,0,차대차 - 측면충돌,신호위반,건조,맑음,단일로 - 지하차도(도로)내,승용,남,32세,상해없음,이륜,남,40세,경상
2019060800100213,2019년 6월 8일 11시,토요일,부산광역시 금정구 부곡동,경상사고,0,0,1,0,차대사람 - 기타,교차로운행방법위반,건조,맑음,교차로 - 교차로안,승용,남,58세,상해없음,보행자,여,63세,경상
2019060800100214,2019년 6월 8일 11시,토요일,부산광역시 사하구 감천동,경상사고,0,0,2,0,차대차 - 기타,안전운전불이행,건조,맑음,단일로 - 지하차도(도로)내,승용,여,49세,상해없음,승용,남,34세,경상
2019060800100252,2019년 6월 8일 12시,토요일,부산광역시 남구 대연동,경상사고,0,0,1,0,차대차 - 기타,안전거리미확보,건조,맑음,단일로 - 기타,이륜,남,21세,상해없음,자전거,남,27세,경상
2019060800100253,2019년 6월 8일 12시,토요일,부산광역시 부산진구 부암동,중상사고,0,1,0,0,차대사람 - 차도통행중,안전운전불이행,건조,맑음,교차로 - 교차로안,승용,여,39세,상해없음,보행자,여,71세,중상
2019060800100254,2019년 6월 8일 12시,토요일,부산광역시 금정구 남산동,경상사고,0,0,2,0,차대차 - 후진중충돌,안전운전불이행,건조,맑음,단일로 - 기타,승용,여,57세,상해없음,승용,남,67세,경상
2019060800100293,2019년 6월 8일 13시,토요일,부산광역시 중구 광복동2가,부상신고사고,0,0,0,1,차대사람 - 보도통행중,기타,건조,맑음,단일로 - 기타,이륜,남,53세,상해없음,보행자,남,62세,부상신고
2019060800100294,2019년 6월 8일 13시,토요일,부산광역시 북구 화명동,경상사고,0,0,1,0,차대차 - 측면충돌,안전거리미확보,건조,맑음,단일로 - 기타,이륜,남,64세,상해없음,승용,남,40세,경상
2019060800100295,2019년 6월 8일 13시,토요일,부산광역시 동래구 온천동,경상사고,0,0,2,0,차대차 - 기타,차로위반,건조,맑음,단일로 - 기타,승용,남,42세,상해없음,승용,남,33세,경상
2019060800100296,2019년 6월 8일 13시,토요일,부산광역시 동래구 안락동,경상사고,0,0,1,0,차대차 - 측면충돌,안전운전불이행,건조,맑음,기타 - 기타,승용,남,74세,상해없음,승용,남,37세,상해없음
2019060800100394,2019년 6월 8일 15시,토요일,부산광역시 동구 범일동,경상사고,0,0,1,0,차대차 - 측면충돌,안전운전불이행,건조,맑음,단일로 - 기타,승합,남,55세,상해없음,승용,남,39세,경상
2019060800100395,2019년 6월 8일 15시,토요일,부산광역시 동래구 수안동,경상사고,0,0,1,1,차대차 - 추돌,안전운전불이행,건조,맑음,단일로 - 기타,승용,여,52세,부상신고,승합,남,46세,경상
2019060800100396,2019년 6월 8일 15시,토요일,부산광역시 부산진구 개금동,경상사고,0,0,1,0,차대차 - 측면충돌,교차로운행방법위반,건조,맑음,교차로 - 교차로안,승용,여,58세,상해없음,승용,남,25세,경상
2019060800100397,2019년 6월 8일 15시,토요일,부산광역시 부산진구 전포동,경상사고,0,0,6,1,차대차 - 측면충돌,안전운전불이행,건조,맑음,단일로 - 기타,승용,남,46세,부상신고,승용,남,44세,경상
2019060800100398,2019년 6월 8일 15시,토요일,부산광역시 기장군 기장읍,경상사고,0,0,1,0,차대사람 - 기타,안전운전불이행,건조,맑음,단일로 - 기타,승용,남,50세,상해없음,보행자,여,6세,경상
2019060800100426,2019년 6월 8일 16시,토요일,부산광역시 북구 덕천동,중상사고,0,1,1,0,차대차 - 기타,신호위반,건조,맑음,교차로 - 교차로안,이륜,남,35세,중상,승용,여,60세,경상
2019060800100427,2019년 6월 8일 16시,토요일,부산광역시 수영구 망미동,경상사고,0,0,2,0,차대차 - 측면충돌,직진우회전진행방해,건조,맑음,교차로 - 교차로안,승용,남,42세,경상,승용,남,59세,경상
2019060800100428,2019년 6월 8일 16시,토요일,부산광역시 사상구 덕포동,경상사고,0,0,1,0,차대사람 - 기타,안전운전불이행,건조,맑음,단일로 - 기타,승용,남,56세,상해없음,보행자,여,47세,경상
2019060800100487,2019년 6월 8일 18시,토요일,부산광역시 중구 남포동6가,부상신고사고,0,0,0,1,차대사람 - 차도통행중,안전운전불이행,건조,맑음,단일로 - 기타,승용,남,66세,상해없음,보행자,여,48세,부상신고
2019060800100488,2019년 6월 8일 18시,토요일,부산광역시 동구 초량동,경상사고,0,0,1,0,차대사람 - 기타,안전운전불이행,건조,맑음,단일로 - 기타,승용,여,28세,상해없음,보행자,남,53세,경상
2019060800100489,2019년 6월 8일 18시,토요일,부산광역시 금정구 장전동,경상사고,0,0,1,0,차대차 - 기타,기타,건조,맑음,교차로 - 교차로안,이륜,남,19세,상해없음,이륜,남,36세,경상
2019060800100514,2019년 6월 8일 19시,토요일,부산광역시 남구 문현동,경상사고,0,0,1,0,차대사람 - 횡단중,신호위반,건조,맑음,단일로 - 기타,승용,남,80세,상해없음,보행자,여,56세,경상
2019060800100515,2019년 6월 8일 19시,토요일,부산광역시 북구 구포동,부상신고사고,0,0,0,1,차대차 - 측면충돌,안전거리미확보,건조,맑음,단일로 - 기타,승용,남,71세,상해없음,이륜,남,56세,부상신고
2019060800100516,2019년 6월 8일 19시,토요일,부산광역시 연제구 연산동,중상사고,0,1,1,0,차대차 - 측면충돌,신호위반,건조,맑음,교차로 - 교차로안,이륜,남,19세,중상,승용,남,33세,경상
2019060800100517,2019년 6월 8일 19시,토요일,부산광역시 연제구 연산동,경상사고,0,0,1,0,차대차 - 측면충돌,차로위반,건조,맑음,교차로 - 교차로부근,승용,남,23세,상해없음,원동기,남,27세,경상
2019060800100545,2019년 6월 8일 20시,토요일,부산광역시 동구 초량동,경상사고,0,0,3,0,차대차 - 측면충돌,안전운전불이행,건조,맑음,단일로 - 기타,승용,남,67세,상해없음,승용,남,46세,경상
2019060800100546,2019년 6월 8일 20시,토요일,부산광역시 동래구 안락동,중상사고,0,1,0,0,차대사람 - 횡단중,안전운전불이행,건조,맑음,단일로 - 기타,이륜,남,27세,상해없음,보행자,남,22세,중상
2019060800100547,2019년 6월 8일 20시,토요일,부산광역시 부산진구 가야동,경상사고,0,0,2,0,차대차 - 기타,신호위반,건조,맑음,교차로 - 교차로부근,승합,남,52세,경상,승용,남,25세,경상
2019060800100548,2019년 6월 8일 20시,토요일,부산광역시 금정구 두구동,경상사고,0,0,1,0,차대차 - 측면충돌,안전운전불이행,건조,맑음,기타 - 기타,승용,남,65세,상해없음,승용,남,63세,경상
2019060800100549,2019년 6월 8일 20시,토요일,부산광역시 금정구 부곡동,중상사고,0,2,1,2,차대차 - 추돌,안전운전불이행,건조,맑음,단일로 - 기타,승용,남,58세,상해없음,승용,남,39세,중상
2019060800100579,2019년 6월 8일 21시,토요일,부산광역시 해운대구 반여동,경상사고,0,0,1,0,차대차 - 측면충돌,안전운전불이행,건조,맑음,교차로 - 교차로부근,승용,남,55세,상해없음,승용,남,61세,경상
2019060800100580,2019년 6월 8일 21시,토요일,부산광역시 금정구 남산동,중상사고,0,1,0,0,차대차 - 기타,중앙선침범,건조,맑음,교차로 - 교차로안,승용,남,57세,상해없음,이륜,남,48세,중상
2019060800100615,2019년 6월 8일 22시,토요일,부산광역시 수영구 남천동,중상사고,0,1,0,0,차대차 - 측면충돌,차로위반,건조,맑음,단일로 - 기타,승용,여,46세,상해없음,이륜,남,35세,중상
2019060800100616,2019년 6월 8일 22시,토요일,부산광역시 연제구 연산동,중상사고,0,1,0,0,차대사람 - 기타,안전운전불이행,건조,맑음,단일로 - 기타,승용,남,57세,상해없음,보행자,여,60세,중상
2019060800100643,2019년 6월 8일 23시,토요일,부산광역시 연제구 연산동,경상사고,0,0,1,0,차대차 - 측면충돌,안전운전불이행,건조,흐림,기타 - 기타,승용,남,25세,상해없음,승용,남,41세,경상
2019060900100019,2019년 6월 9일 00시,일요일,부산광역시 금정구 남산동,경상사고,0,0,1,0,차대사람 - 기타,안전운전불이행,건조,맑음,단일로 - 기타,기타불명,기타불명,미분류,기타불명,보행자,남,41세,경상
2019060900100076,2019년 6월 9일 04시,일요일,부산광역시 남구 대연동,중상사고,0,2,0,0,차대차 - 기타,안전거리미확보,건조,맑음,단일로 - 기타,이륜,남,19세,상해없음,이륜,남,21세,중상
2019060900100093,2019년 6월 9일 06시,일요일,부산광역시 중구 부평동1가,중상사고,0,1,0,0,차대차 - 정면충돌,중앙선침범,건조,맑음,단일로 - 기타,승용,남,30세,상해없음,이륜,남,44세,중상
2019060900100094,2019년 6월 9일 06시,일요일,부산광역시 해운대구 우동,경상사고,0,0,1,0,차대차 - 기타,안전운전불이행,건조,맑음,교차로 - 교차로부근,승용,남,51세,상해없음,승용,여,48세,경상
2019060900100104,2019년 6월 9일 07시,일요일,부산광역시 부산진구 양정동,중상사고,0,1,0,0,차대차 - 기타,안전거리미확보,건조,맑음,단일로 - 기타,승용,남,26세,상해없음,이륜,여,59세,중상
2019060900100116,2019년 6월 9일 08시,일요일,부산광역시 해운대구 좌동,경상사고,0,0,2,0,차대차 - 측면충돌,안전운전불이행,건조,맑음,교차로 - 교차로안,승용,남,57세,기타불명,승용,남,58세,경상
2019060900100152,2019년 6월 9일 10시,일요일,부산광역시 부산진구 가야동,경상사고,0,0,3,1,차대차 - 측면충돌,안전운전불이행,건조,맑음,교차로 - 교차로부근,승용,여,68세,부상신고,승용,남,64세,경상
2019060900100174,2019년 6월 9일 11시,일요일,부산광역시 북구 화명동,경상사고,0,0,1,0,차대차 - 측면충돌,안전거리미확보,건조,맑음,단일로 - 기타,승용,남,62세,상해없음,승용,여,60세,경상
2019060900100175,2019년 6월 9일 11시,일요일,부산광역시 금정구 서동,중상사고,0,1,0,0,차대차 - 측면충돌,교차로운행방법위반,건조,맑음,교차로 - 교차로안,승용,남,59세,상해없음,이륜,남,67세,중상
2019060900100194,2019년 6월 9일 12시,일요일,부산광역시 사하구 신평동,경상사고,0,0,2,0,차대차 - 측면충돌,신호위반,건조,맑음,교차로 - 교차로안,승용,남,49세,상해없음,승용,여,33세,경상
2019060900100216,2019년 6월 9일 13시,일요일,부산광역시 수영구 광안동,경상사고,0,0,1,0,차대차 - 측면충돌,신호위반,건조,맑음,교차로 - 교차로안,화물,남,34세,상해없음,원동기,남,34세,경상
2019060900100217,2019년 6월 9일 13시,일요일,부산광역시 부산진구 범천동,경상사고,0,0,1,0,차대차 - 측면충돌,안전운전불이행,건조,맑음,단일로 - 기타,화물,남,44세,상해없음,승용,여,26세,경상