사고번호,사고일시,요일,시군구,사고내용,사망자수,중상자수,경상자수,부상신고자수,사고유형,법규위반,노면상태,기상상태,도로형태,가해운전자 차종,가해운전자 성별,가해운전자 연령,가해운전자 상해정도,피해운전자 차종,피해운전자 성별,피해운전자 연령,피해운전자 상해정도
2019061700100194,2019년 6월 17일 10시,월요일,부산광역시 사상구 괘법동,경상사고,0,0,1,0,차대차 - 기타,안전운전불이행,건조,맑음,단일로 - 기타,화물,남,65세,상해없음,화물,남,41세,경상
2019061700100225,2019년 6월 17일 11시,월요일,부산광역시 사하구 다대동,경상사고,0,0,2,0,차대차 - 추돌,안전운전불이행,건조,맑음,단일로 - 기타,승용,남,45세,상해없음,승용,남,49세,경상
2019061700100226,2019년 6월 17일 11시,월요일,부산광역시 사하구 괴정동,중상사고,0,1,0,0,차대차 - 측면충돌,안전운전불이행,건조,맑음,단일로 - 기타,건설기계,남,60세,상해없음,이륜,남,26세,중상
2019061700100288,2019년 6월 17일 13시,월요일,부산광역시 동래구 온천동,경상사고,0,0,1,0,차대사람 - 기타,안전운전불이행,건조,맑음,단일로 - 기타,승용,남,71세,상해없음,보행자,여,43세,경상
2019061700100289,2019년 6월 17일 13시,월요일,부산광역시 부산진구 부전동,경상사고,0,0,1,0,차대사람 - 횡단중,안전운전불이행,건조,맑음,교차로 - 교차로부근,승용,남,28세,상해없음,보행자,여,29세,경상
2019061700100290,2019년 6월 17일 13시,월요일,부산광역시 사상구 학장동,경상사고,0,0,1,1,차대차 - 측면충돌,신호위반,건조,맑음,단일로 - 기타,원동기,남,19세,부상신고,원동기,남,30세,경상
2019061700100329,2019년 6월 17일 14시,월요일,부산광역시 영도구 동삼동,중상사고,0,1,0,0,차대차 - 기타,안전운전불이행,건조,맑음,교차로 - 교차로안,화물,남,46세,상해없음,이륜,남,42세,중상
2019061700100330,2019년 6월 17일 14시,월요일,부산광역시 부산진구 전포동,경상사고,0,0,1,0,차대차 - 측면충돌,안전거리미확보,건조,맑음,단일로 - 기타,승용,남,28세,상해없음,승용,여,36세,경상
2019061700100331,2019년 6월 17일 14시,월요일,부산광역시 금정구 장전동,경상사고,0,0,1,0,차대차 - 측면충돌,신호위반,건조,맑음,교차로 - 교차로안,승용,남,67세,상해없음,승용,여,41세,경상
2019061700100370,2019년 6월 17일 15시,월요일,부산광역시 영도구 청학동,경상사고,0,0,1,0,차대사람 - 기타,안전운전불이행,건조,맑음,주차장 - 주차장,화물,남,68세,상해없음,보행자,남,57세,경상
2019061700100371,2019년 6월 17일 15시,월요일,부산광역시 부산진구 당감동,경상사고,0,0,1,0,차대차 - 기타,안전운전불이행,건조,맑음,교차로 - 교차로안,승용,여,30세,상해없음,이륜,남,52세,경상
2019061700100372,2019년 6월 17일 15시,월요일,부산광역시 기장군 기장읍,부상신고사고,0,0,0,1,차대차 - 측면충돌,안전운전불이행,건조,맑음,단일로 - 기타,화물,남,55세,상해없음,승용,남,62세,상해없음
2019061700100424,2019년 6월 17일 16시,월요일,부산광역시 동구 범일동,중상사고,0,1,0,0,차대차 - 측면충돌,안전운전불이행,건조,맑음,기타 - 기타,승합,여,23세,상해없음,이륜,남,18세,중상
2019061700100425,2019년 6월 17일 16시,월요일,부산광역시 연제구 연산동,경상사고,0,0,1,0,차대차 - 추돌,교차로운행방법위반,건조,맑음,교차로 - 교차로안,승용,여,52세,상해없음,승용,남,61세,상해없음
2019061700100426,2019년 6월 17일 16시,월요일,부산광역시 기장군 기장읍,경상사고,0,0,1,0,차대차 - 기타,안전운전불이행,건조,맑음,단일로 - 기타,자전거,남,50세,경상,승용,남,52세,상해없음
2019061700100526,2019년 6월 17일 18시,월요일,부산광역시 동래구 온천동,경상사고,0,0,1,0,차대차 - 측면충돌,교차로운행방법위반,건조,맑음,교차로 - 교차로안,원동기,남,18세,경상,승용,남,65세,상해없음
2019061700100527,2019년 6월 17일 18시,월요일,부산광역시 사하구 괴정동,중상사고,0,1,0,0,차대사람 - 기타,안전운전불이행,건조,맑음,교차로 - 교차로안,승합,남,71세,상해없음,보행자,여,64세,중상
2019061700100567,2019년 6월 17일 19시,월요일,부산광역시 강서구 강동동,부상신고사고,0,0,0,1,차대차 - 측면충돌,교차로운행방법위반,건조,맑음,교차로 - 교차로안,이륜,남,34세,상해없음,자전거,남,61세,부상신고
2019061700100591,2019년 6월 17일 20시,월요일,부산광역시 동래구 온천동,경상사고,0,0,1,0,차대차 - 측면충돌,안전운전불이행,건조,맑음,교차로 - 교차로부근,승용,남,45세,상해없음,승용,남,57세,경상
2019061700100633,2019년 6월 17일 21시,월요일,부산광역시 사하구 감천동,경상사고,0,0,1,0,차대차 - 측면충돌,차로위반,건조,맑음,단일로 - 기타,화물,남,63세,상해없음,승용,남,49세,경상
2019061700100678,2019년 6월 17일 23시,월요일,부산광역시 동래구 온천동,경상사고,0,0,1,0,차대차 - 후진중충돌,안전운전불이행,건조,맑음,단일로 - 기타,승용,남,24세,상해없음,승용,남,23세,상해없음
2019061800100027,2019년 6월 18일 00시,화요일,부산광역시 기장군 일광면,경상사고,0,0,2,0,차대사람 - 기타,안전운전불이행,건조,맑음,기타 - 기타,승용,남,20세,상해없음,보행자,여,26세,경상
2019061800100072,2019년 6월 18일 05시,화요일,부산광역시 해운대구 재송동,경상사고,0,0,1,0,차대차 - 측면충돌,신호위반,건조,맑음,교차로 - 교차로부근,승합,여,46세,상해없음,승용,남,52세,경상
2019061800100085,2019년 6월 18일 06시,화요일,부산광역시 기장군 정관읍,경상사고,0,0,1,0,차대차 - 측면충돌,중앙선침범,건조,맑음,교차로 - 교차로부근,승용,남,48세,상해없음,승용,남,64세,경상
2019061800100109,2019년 6월 18일 07시,화요일,부산광역시 사하구 하단동,경상사고,0,0,3,0,차대차 - 기타,안전운전불이행,건조,맑음,기타 - 기타,승용,남,39세,경상,승용,남,33세,경상
2019061800100139,2019년 6월 18일 08시,화요일,부산광역시 남구 대연동,경상사고,0,0,1,0,차대차 - 기타,안전거리미확보,건조,맑음,단일로 - 기타,승합,남,35세,상해없음,기타불명,기타불명,미분류,기타불명
2019061800100140,2019년 6월 18일 08시,화요일,부산광역시 사상구 감전동,경상사고,0,0,2,0,차대차 - 측면충돌,교차로운행방법위반,건조,맑음,교차로 - 교차로안,승용,여,57세,상해없음,승용,남,54세,경상
2019061800100186,2019년 6월 18일 09시,화요일,부산광역시 사상구 감전동,경상사고,0,0,1,0,차대차 - 추돌,안전거리미확보,건조,맑음,단일로 - 기타,승용,남,50세,상해없음,승용,여,53세,경상
2019061800100221,2019년 6월 18일 10시,화요일,부산광역시 사상구 엄궁동,경상사고,0,0,1,0,차대차 - 측면충돌,차로위반,건조,맑음,단일로 - 기타,건설기계,남,61세,상해없음,승용,여,49세,경상
2019061800100249,2019년 6월 18일 11시,화요일,부산광역시 동래구 명륜동,경상사고,0,0,1,0,차대차 - 추돌,안전운전불이행,건조,맑음,단일로 - 기타,승용,여,39세,기타불명,승용,남,70세,경상
2019061800100304,2019년 6월 18일 13시,화요일,부산광역시 동래구 사직동,경상사고,0,0,1,0,차대차 - 측면충돌,안전운전불이행,건조,맑음,단일로 - 기타,승용,여,47세,상해없음,승용,여,34세,경상
2019061800100341,2019년 6월 18일 14시,화요일,부산광역시 동구 초량동,경상사고,0,0,1,0,차대차 - 추돌,안전운전불이행,건조,맑음,단일로 - 기타,승합,남,52세,상해없음,승용,여,49세,경상
2019061800100342,2019년 6월 18일 14시,화요일,부산광역시 부산진구 초읍동,중상사고,0,1,0,0,차대사람 - 보도통행중,보행자보호의무위반,건조,맑음,기타 - 기타,승용,남,60세,상해없음,보행자,여,86세,중상
2019061800100368,2019년 6월 18일 15시,화요일,부산광역시 연제구 거제동,경상사고,0,0,1,0,차대사람 - 횡단중,보행자보호의무위반,건조,맑음,교차로 - 교차로안,승용,여,57세,상해없음,보행자,여,34세,경상
2019061800100401,2019년 6월 18일 16시,화요일,부산광역시 사상구 학장동,중상사고,0,1,0,0,차대사람 - 횡단중,안전운전불이행,건조,맑음,교차로 - 교차로부근,승용,남,49세,상해없음,보행자,남,22세,중상
2019061800100432,2019년 6월 18일 17시,화요일,부산광역시 부산진구 가야동,경상사고,0,0,1,0,차대차 - 추돌,안전운전불이행,건조,맑음,단일로 - 교량,화물,남,36세,상해없음,승용,여,30세,경상
2019061800100464,2019년 6월 18일 18시,화요일,부산광역시 사하구 장림동,부상신고사고,0,0,0,1,차대차 - 측면충돌,신호위반,건조,맑음,단일로 - 기타,이륜,남,52세,부상신고,화물,남,48세,상해없음
2019061800100564,2019년 6월 18일 20시,화요일,부산광역시 부산진구 범천동,경상사고,0,0,3,0,차대차 - 기타,안전거리미확보,건조,맑음,단일로 - 기타,승용,여,54세,상해없음,승용,남,63세,경상
2019061800100625,2019년 6월 18일 22시,화요일,부산광역시 남구 대연동,중상사고,0,1,0,0,차대사람 - 기타,교차로운행방법위반,건조,맑음,교차로 - 교차로안,승용,남,62세,상해없음,보행자,여,65세,중상
2019061800100626,2019년 6월 18일 22시,화요일,부산광역시 부산진구 연지동,경상사고,0,0,1,0,차대차 - 기타,안전거리미확보,건조,맑음,단일로 - 기타,승용,남,66세,상해없음,이륜,남,31세,경상
2019061800100627,2019년 6월 18일 22시,화요일,부산광역시 부산진구 개금동,경상사고,0,0,1,0,차대차 - 측면충돌,안전거리미확보,건조,맑음,단일로 - 기타,화물,남,35세,상해없음,승용,남,56세,경상
2019061800100649,2019년 6월 18일 23시,화요일,부산광역시 서구 암남동,경상사고,0,0,1,1,차대차 - 측면충돌,안전거리미확보,건조,맑음,단일로 - 기타,승용,남,38세,상해없음,이륜,남,19세,경상
2019061800100650,2019년 6월 18일 23시,화요일,부산광역시 북구 덕천동,경상사고,0,0,2,0,차대차 - 측면충돌,안전운전불이행,건조,맑음,단일로 - 기타,승용,남,53세,상해없음,승용,여,30세,경상
2019061800100651,2019년 6월 18일 23시,화요일,부산광역시 부산진구 범천동,부상신고사고,0,0,0,1,차량단독 - 기타,안전운전불이행,건조,맑음,교차로 - 교차로안,이륜,남,69세,부상신고,,,,
2019061800100652,2019년 6월 18일 23시,화요일,부산광역시 강서구 송정동,중상사고,0,2,0,0,차대차 - 측면충돌,신호위반,건조,맑음,교차로 - 교차로안,승용,남,39세,상해없음,승용,여,40세,중상
2019061900100032,2019년 6월 19일 00시,수요일,부산광역시 수영구 남천동,경상사고,0,0,1,0,차대차 - 기타,안전운전불이행,건조,맑음,교차로 - 교차로부근,이륜,남,32세,상해없음,승용,남,61세,경상
2019061900100033,2019년 6월 19일 00시,수요일,부산광역시 부산진구 부전동,부상신고사고,0,0,0,1,차대차 - 측면충돌,안전거리미확보,건조,맑음,교차로 - 교차로안,승용,남,41세,상해없음,승용,남,21세,부상신고
2019061900100034,2019년 6월 19일 00시,수요일,부산광역시 사하구 하단동,경상사고,0,0,1,0,차대차 - 기타,안전운전불이행,건조,맑음,단일로 - 기타,승용,남,35세,상해없음,승용,남,63세,경상
2019061900100046,2019년 6월 19일 01시,수요일,부산광역시 사하구 감천동,경상사고,0,0,5,0,차대차 - 측면충돌,신호위반,건조,맑음,교차로 - 교차로안,승합,남,66세,경상,승용,남,31세,경상
2019061900100055,2019년 6월 19일 02시,수요일,부산광역시 사하구 하단동,경상사고,0,0,1,0,차대차 - 추돌,안전운전불이행,건조,맑음,단일로 - 기타,승용,남,58세,상해없음,승용,남,63세,상해없음
2019061900100068,2019년 6월 19일 04시,수요일,부산광역시 기장군 정관읍,경상사고,0,0,1,0,차대사람 - 횡단중,보행자보호의무위반,건조,맑음,교차로 - 교차로안,승합,여,42세,상해없음,보행자,여,67세,경상
2019061900100078,2019년 6월 19일 05시,수요일,부산광역시 강서구 명지동,경상사고,0,0,1,0,차대차 - 측면충돌,신호위반,건조,맑음,교차로 - 교차로안,이륜,남,39세,경상,승용,남,62세,상해없음
2019061900100087,2019년 6월 19일 06시,수요일,부산광역시 북구 만덕동,경상사고,0,0,1,0,차대차 - 기타,안전운전불이행,건조,맑음,단일로 - 기타,이륜,남,50세,경상,승용,남,30세,상해없음
2019061900100116,2019년 6월 19일 08시,수요일,부산광역시 부산진구 가야동,경상사고,0,0,1,0,차대차 - 기타,안전운전불이행,건조,맑음,교차로 - 교차로부근,승용,남,57세,상해없음,자전거,남,25세,경상
2019061900100161,2019년 6월 19일 09시,수요일,부산광역시 부산진구 부전동,중상사고,0,1,1,0,차대차 - 측면충돌,신호위반,건조,맑음,교차로 - 교차로안,승용,여,25세,상해없음,승용,남,66세,경상
2019061900100162,2019년 6월 19일 09시,수요일,부산광역시 연제구 연산동,경상사고,0,0,1,0,차대차 - 측면충돌,신호위반,건조,맑음,교차로 - 교차로안,승용,남,49세,상해없음,승용,남,61세,경상
2019061900100201,2019년 6월 19일 10시,수요일,부산광역시 남구 문현동,경상사고,0,0,1,0,차대차 - 측면충돌,안전운전불이행,건조,맑음,교차로 - 교차로부근,화물,남,42세,상해없음,승용,남,69세,경상
2019061900100202,2019년 6월 19일 10시,수요일,부산광역시 해운대구 반송동,경상사고,0,0,1,0,차대사람 - 보도통행중,기타,건조,맑음,교차로 - 교차로부근,화물,남,68세,상해없음,보행자,여,45세,경상
2019061900100203,2019년 6월 19일 10시,수요일,부산광역시 동래구 온천동,경상사고,0,0,2,0,차대차 - 측면충돌,안전운전불이행,건조,맑음,단일로 - 기타,승용,남,54세,상해없음,승용,남,37세,경상
2019061900100204,2019년 6월 19일 10시,수요일,부산광역시 연제구 연산동,중상사고,0,1,0,0,차대사람 - 기타,안전운전불이행,건조,맑음,단일로 - 기타,승용,여,39세,상해없음,보행자,여,57세,중상
2019061900100232,2019년 6월 19일 11시,수요일,부산광역시 남구 용호동,중상사고,0,1,0,0,차대사람 - 횡단중,안전운전불이행,건조,맑음,교차로 - 교차로부근,화물,남,53세,상해없음,보행자,여,62세,중상
2019061900100233,2019년 6월 19일 11시,수요일,부산광역시 강서구 송정동,중상사고,0,1,0,0,차대차 - 정면충돌,신호위반,건조,맑음,교차로 - 교차로안,승용,남,29세,상해없음,화물,남,52세,중상
2019061900100234,2019년 6월 19일 11시,수요일,부산광역시 사상구 학장동,경상사고,0,0,1,0,차대차 - 측면충돌,차로위반,건조,맑음,교차로 - 교차로부근,화물,남,61세,상해없음,승용,남,52세,경상
2019061900100264,2019년 6월 19일 12시,수요일,부산광역시 연제구 거제동,중상사고,0,1,2,0,차대차 - 추돌,안전운전불이행,건조,맑음,단일로 - 기타,승용,남,30세,상해없음,승용,여,39세,중상
2019061900100289,2019년 6월 19일 13시,수요일,부산광역시 영도구 청학동,경상사고,0,0,2,0,차대차 - 측면충돌,직진우회전진행방해,건조,맑음,교차로 - 교차로안,승용,남,63세,상해없음,승용,여,31세,경상
2019061900100290,2019년 6월 19일 13시,수요일,부산광역시 해운대구 우동,경상사고,0,0,1,0,차대차 - 측면충돌,신호위반,건조,맑음,교차로 - 교차로안,승용,여,38세,상해없음,승용,여,25세,경상
2019061900100291,2019년 6월 19일 13시,수요일,부산광역시 연제구 연산동,부상신고사고,0,0,0,1,차대차 - 측면충돌,기타,건조,맑음,단일로 - 기타,승용,남,66세,상해없음,이륜,남,40세,부상신고
2019061900100292,2019년 6월 19일 13시,수요일,부산광역시 강서구 지사동,경상사고,0,0,1,0,차량단독 - 기타,안전운전불이행,건조,맑음,단일로 - 기타,승합,남,69세,상해없음,,,,
2019061900100347,2019년 6월 19일 15시,수요일,부산광역시 해운대구 재송동,경상사고,0,0,1,0,차대사람 - 횡단중,안전운전불이행,건조,맑음,단일로 - 기타,승용,여,56세,상해없음,보행자,여,77세,경상
2019061900100426,2019년 6월 19일 17시,수요일,부산광역시 사하구 신평동,경상사고,0,0,1,1,차대차 - 추돌,안전거리미확보,건조,맑음,단일로 - 지하차도(도로)내,화물,남,61세,상해없음,승용,남,19세,경상
2019061900100427,2019년 6월 19일 17시,수요일,부산광역시 사하구 장림동,경상사고,0,0,1,0,차대차 - 측면충돌,교차로운행방법위반,건조,맑음,교차로 - 교차로안,승용,남,37세,상해없음,승용,여,44세,경상
2019061900100556,2019년 6월 19일 20시,수요일,부산광역시 남구 감만동,경상사고,0,0,1,0,차대차 - 기타,안전운전불이행,건조,맑음,교차로 - 교차로안,승용,여,58세,경상,특수,남,65세,상해없음
2019061900100557,2019년 6월 19일 20시,수요일,부산광역시 해운대구 석대동,중상사고,0,1,0,0,차대차 - 측면충돌,신호위반,건조,맑음,교차로 - 교차로안,승용,여,32세,상해없음,이륜,남,40세,중상
2019061900100558,2019년 6월 19일 20시,수요일,부산광역시 부산진구 양정동,경상사고,0,0,1,0,차대차 - 기타,차로위반,건조,맑음,단일로 - 기타,승용,남,54세,상해없음,승용,남,56세,경상
2019061900100559,2019년 6월 19일 20시,수요일,부산광역시 강서구 명지동,중상사고,0,1,0,0,차대차 - 측면충돌,안전거리미확보,건조,맑음,단일로 - 기타,승용,여,52세,상해없음,승용,남,39세,중상
2019061900100560,2019년 6월 19일 20시,수요일,부산광역시 수영구 광안동,경상사고,0,0,2,0,차대사람 - 횡단중,신호위반,건조,맑음,단일로 - 기타,승용,남,72세,상해없음,보행자,여,22세,경상
2019061900100561,2019년 6월 19일 20시,수요일,부산광역시 사상구 엄궁동,중상사고,0,2,0,0,차대차 - 추돌,안전운전불이행,건조,맑음,단일로 - 기타,화물,남,51세,중상,화물,남,56세,중상
2019061900100591,2019년 6월 19일 21시,수요일,부산광역시 사하구 장림동,경상사고,0,0,1,0,차대차 - 기타,직진우회전진행방해,건조,맑음,교차로 - 교차로안,이륜,남,34세,상해없음,이륜,남,19세,경상
2019061900100611,2019년 6월 19일 22시,수요일,부산광역시 남구 문현동,경상사고,0,0,2,0,차대차 - 기타,신호위반,건조,맑음,교차로 - 교차로안,승용,남,34세,상해없음,승용,남,62세,경상
2019061900100612,2019년 6월 19일 22시,수요일,부산광역시 부산진구 전포동,중상사고,0,2,0,0,차대차 - 측면충돌,신호위반,건조,맑음,교차로 - 교차로안,승용,남,60세,상해없음,이륜,남,28세,중상
2019061900100613,2019년 6월 19일 22시,수요일,부산광역시 금정구 구서동,중상사고,0,1,0,0,차대사람 - 기타,안전운전불이행,건조,맑음,교차로 - 교차로안,승용,남,19세,상해없음,보행자,여,65세,중상
2019061900100614,2019년 6월 19일 22시,수요일,부산광역시 금정구 부곡동,중상사고,0,2,0,0,차대차 - 기타,교차로운행방법위반,건조,맑음,교차로 - 교차로안,승용,여,57세,상해없음,이륜,남,74세,중상
2019062000100034,2019년 6월 20일 00시,목요일,부산광역시 사상구 괘법동,부상신고사고,0,0,0,1,차대차 - 정면충돌,안전운전불이행,건조,맑음,교차로 - 교차로안,승용,남,63세,상해없음,이륜,남,21세,부상신고
2019062000100066,2019년 6월 20일 03시,목요일,부산광역시 북구 구포동,중상사고,0,1,0,0,차대사람 - 기타,안전운전불이행,건조,맑음,단일로 - 기타,승용,남,64세,상해없음,보행자,남,81세,중상
2019062000100067,2019년 6월 20일 03시,목요일,부산광역시 연제구 거제동,사망사고,1,0,0,0,차대사람 - 횡단중,안전운전불이행,건조,맑음,단일로 - 기타,승용,남,62세,상해없음,보행자,남,49세,사망
2019062000100074,2019년 6월 20일 05시,목요일,부산광역시 중구 중앙동6가,중상사고,0,1,0,0,차량단독 - 공작물충돌,안전운전불이행,건조,맑음,단일로 - 고가도로위,이륜,남,23세,중상,,,,
2019062000100085,2019년 6월 20일 06시,목요일,부산광역시 북구 덕천동,경상사고,0,0,1,0,차대차 - 후진중충돌,안전운전불이행,건조,맑음,단일로 - 기타,승용,남,72세,상해없음,승용,남,56세,경상
2019062000100099,2019년 6월 20일 07시,목요일,부산광역시 부산진구 당감동,경상사고,0,0,1,0,차대차 - 추돌,신호위반,건조,맑음,교차로 - 교차로안,승용,남,31세,상해없음,승용,여,33세,경상
2019062000100100,2019년 6월 20일 07시,목요일,부산광역시 금정구 구서동,경상사고,0,0,1,0,차대차 - 기타,교차로운행방법위반,건조,맑음,교차로 - 교차로안,승합,남,56세,상해없음,자전거,남,48세,경상
2019062000100134,2019년 6월 20일 08시,목요일,부산광역시 동구 범일동,경상사고,0,0,1,0,차대차 - 기타,차로위반,건조,맑음,단일로 - 기타,승용,여,51세,상해없음,승용,남,39세,경상
2019062000100212,2019년 6월 20일 10시,목요일,부산광역시 연제구 연산동,경상사고,0,0,1,0,차대차 - 측면충돌,직진우회전진행방해,건조,맑음,교차로 - 교차로안,승용,남,36세,기타불명,승용,남,51세,경상
2019062000100241,2019년 6월 20일 11시,목요일,부산광역시 서구 충무동1가,경상사고,0,0,2,0,차대차 - 추돌,안전운전불이행,건조,맑음,교차로 - 교차로부근,승용,남,34세,상해없음,승용,남,39세,경상
2019062000100242,2019년 6월 20일 11시,목요일,부산광역시 수영구 남천동,부상신고사고,0,0,0,1,차대차 - 기타,안전운전불이행,건조,맑음,단일로 - 기타,승용,남,75세,상해없음,승용,남,35세,상해없음
2019062000100243,2019년 6월 20일 11시,목요일,부산광역시 북구 구포동,경상사고,0,0,1,0,차대차 - 기타,안전거리미확보,건조,맑음,단일로 - 기타,화물,남,44세,상해없음,승용,남,43세,경상
2019062000100244,2019년 6월 20일 11시,목요일,부산광역시 부산진구 부전동,경상사고,0,0,1,0,차대사람 - 횡단중,보행자보호의무위반,건조,맑음,교차로 - 교차로부근,승용,남,72세,상해없음,보행자,여,77세,경상
2019062000100306,2019년 6월 20일 13시,목요일,부산광역시 해운대구 반여동,부상신고사고,0,0,0,1,차량단독 - 전도전복 - 전도,안전운전불이행,건조,맑음,단일로 - 기타,이륜,남,18세,부상신고,,,,
2019062000100307,2019년 6월 20일 13시,목요일,부산광역시 강서구 구랑동,사망사고,1,0,1,0,차대차 - 추돌,안전운전불이행,건조,맑음,교차로 - 교차로부근,승용,남,66세,사망,화물,남,47세,경상
2019062000100336,2019년 6월 20일 14시,목요일,부산광역시 동래구 온천동,부상신고사고,0,0,0,1,차대차 - 추돌,차로위반,건조,맑음,교차로 - 교차로부근,승용,여,48세,부상신고,승합,남,44세,상해없음
2019062000100337,2019년 6월 20일 14시,목요일,부산광역시 금정구 금사동,경상사고,0,0,1,0,차대차 - 측면충돌,안전운전불이행,건조,맑음,단일로 - 기타,승용,남,56세,상해없음,이륜,남,18세,경상
2019062000100365,2019년 6월 20일 15시,목요일,부산광역시 해운대구 좌동,부상신고사고,0,0,0,1,차대차 - 기타,안전운전불이행,건조,맑음,교차로 - 교차로안,이륜,남,57세,부상신고,승용,여,61세,상해없음
2019062000100366,2019년 6월 20일 15시,목요일,부산광역시 부산진구 전포동,중상사고,0,1,0,0,차대사람 - 차도통행중,안전운전불이행,건조,맑음,단일로 - 기타,승용,남,28세,상해없음,보행자,여,66세,중상
2019062000100450,2019년 6월 20일 17시,목요일,부산광역시 남구 대연동,중상사고,0,1,0,0,차대사람 - 기타,안전운전불이행,건조,맑음,단일로 - 기타,자전거,남,25세,상해없음,보행자,여,68세,중상
2019062000100451,2019년 6월 20일 17시,목요일,부산광역시 영도구 청학동,부상신고사고,0,0,0,1,차대차 - 측면충돌,안전운전불이행,건조,맑음,단일로 - 기타,이륜,남,42세,부상신고,승용,남,36세,상해없음
2019062000100452,2019년 6월 20일 17시,목요일,부산광역시 강서구 녹산동,경상사고,0,0,1,0,차대차 - 측면충돌,안전거리미확보,건조,맑음,교차로 - 교차로부근,승용,남,27세,상해없음,승용,남,67세,경상
2019062000100503,2019년 6월 20일 18시,목요일,부산광역시 기장군 장안읍,중상사고,0,1,0,0,차량단독 - 공작물충돌,안전운전불이행,건조,맑음,단일로 - 기타,승용,남,70세,상해없음,,,,
2019062000100548,2019년 6월 20일 19시,목요일,부산광역시 북구 만덕동,중상사고,0,1,0,0,차대사람 - 기타,안전운전불이행,건조,맑음,단일로 - 기타,화물,여,60세,상해없음,보행자,남,69세,중상
2019062000100549,2019년 6월 20일 19시,목요일,부산광역시 사하구 신평동,경상사고,0,0,2,0,차대차 - 추돌,안전운전불이행,건조,맑음,단일로 - 기타,승합,남,46세,상해없음,승용,남,26세,경상
2019062000100550,2019년 6월 20일 19시,목요일,부산광역시 사상구 학장동,부상신고사고,0,0,0,1,차대차 - 기타,안전운전불이행,건조,맑음,단일로 - 기타,승용,남,62세,부상신고,승합,남,57세,상해없음
2019062000100576,2019년 6월 20일 20시,목요일,부산광역시 남구 대연동,부상신고사고,0,0,0,1,차대사람 - 횡단중,신호위반,건조,맑음,단일로 - 기타,승용,남,57세,상해없음,보행자,여,56세,부상신고
2019062000100577,2019년 6월 20일 20시,목요일,부산광역시 남구 대연동,부상신고사고,0,0,0,1,차대차 - 기타,안전운전불이행,건조,맑음,단일로 - 기타,기타불명,기타불명,미분류,기타불명,자전거,여,48세,부상신고
2019062000100611,2019년 6월 20일 21시,목요일,부산광역시 연제구 연산동,중상사고,0,1,0,0,차대차 - 측면충돌,직진우회전진행방해,건조,맑음,교차로 - 교차로안,승용,남,56세,상해없음,승용,여,25세,중상
2019062000100663,2019년 6월 20일 23시,목요일,부산광역시 사상구 모라동,부상신고사고,0,0,0,1,차대차 - 추돌,안전운전불이행,건조,맑음,단일로 - 기타,이륜,남,43세,부상신고,승용,여,52세,상해없음
2019062100100024,2019년 6월 21일 00시,금요일,부산광역시 부산진구 부암동,경상사고,0,0,1,0,차대차 - 측면충돌,교차로운행방법위반,건조,맑음,교차로 - 교차로안,승용,남,29세,상해없음,승용,남,29세,경상
2019062100100041,2019년 6월 21일 01시,금요일,부산광역시 동래구 온천동,경상사고,0,0,1,0,차량단독 - 공작물충돌,안전운전불이행,건조,맑음,단일로 - 지하차도(도로)내,이륜,남,24세,경상,,,,
2019062100100060,2019년 6월 21일 04시,금요일,부산광역시 강서구 봉림동,중상사고,0,1,1,0,차대차 - 추돌,안전운전불이행,건조,맑음,교차로 - 교차로부근,승용,여,35세,상해없음,승용,남,39세,중상
2019062100100085,2019년 6월 21일 07시,금요일,부산광역시 수영구 민락동,중상사고,0,1,1,0,차대차 - 추돌,안전운전불이행,건조,맑음,단일로 - 기타,승용,남,57세,상해없음,승용,남,51세,중상
2019062100100086,2019년 6월 21일 07시,금요일,부산광역시 부산진구 전포동,중상사고,0,1,0,0,차대사람 - 횡단중,보행자보호의무위반,건조,맑음,단일로 - 기타,승용,남,62세,상해없음,보행자,여,12세,중상
2019062100100114,2019년 6월 21일 08시,금요일,부산광역시 강서구 강동동,중상사고,0,1,0,0,차대차 - 기타,안전운전불이행,건조,맑음,단일로 - 기타,승용,여,58세,상해없음,농기계,남,60세,중상
2019062100100115,2019년 6월 21일 08시,금요일,부산광역시 강서구 범방동,중상사고,0,1,0,0,차대차 - 측면충돌,안전운전불이행,건조,맑음,단일로 - 기타,승용,남,39세,상해없음,자전거,남,29세,중상
2019062100100116,2019년 6월 21일 08시,금요일,부산광역시 강서구 신호동,중상사고,0,1,0,0,차대차 - 측면충돌,교차로운행방법위반,건조,맑음,교차로 - 교차로안,승용,남,23세,상해없음,승용,여,51세,중상
2019062100100117,2019년 6월 21일 08시,금요일,부산광역시 기장군 장안읍,경상사고,0,0,1,0,차대차 - 측면충돌,중앙선침범,건조,맑음,단일로 - 기타,승용,남,71세,상해없음,이륜,여,72세,경상
2019062100100118,2019년 6월 21일 08시,금요일,부산광역시 기장군 철마면,경상사고,0,0,1,0,차대차 - 측면충돌,안전운전불이행,건조,맑음,단일로 - 기타,건설기계,남,50세,상해없음,승용,남,51세,경상
2019062100100153,2019년 6월 21일 09시,금요일,부산광역시 사하구 하단동,중상사고,0,1,0,0,차대차 - 기타,안전운전불이행,건조,맑음,단일로 - 기타,승합,남,45세,상해없음,자전거,남,65세,중상