사고번호,사고일시,요일,시군구,사고내용,사망자수,중상자수,경상자수,부상신고자수,사고유형,법규위반,노면상태,기상상태,도로형태,가해운전자 차종,가해운전자 성별,가해운전자 연령,가해운전자 상해정도,피해운전자 차종,피해운전자 성별,피해운전자 연령,피해운전자 상해정도
2019062100100154,2019년 6월 21일 09시,금요일,부산광역시 사하구 신평동,경상사고,0,0,1,0,차대차 - 측면충돌,안전거리미확보,건조,맑음,단일로 - 지하차도(도로)내,승용,여,47세,상해없음,승용,여,36세,경상
2019062100100190,2019년 6월 21일 10시,금요일,부산광역시 연제구 거제동,경상사고,0,0,1,0,차량단독 - 공작물충돌,안전운전불이행,건조,맑음,단일로 - 기타,건설기계,남,56세,경상,,,,
2019062100100218,2019년 6월 21일 11시,금요일,부산광역시 영도구 남항동2가,경상사고,0,0,1,0,차대사람 - 차도통행중,안전운전불이행,건조,맑음,교차로 - 교차로부근,화물,남,42세,상해없음,보행자,여,81세,경상
2019062100100219,2019년 6월 21일 11시,금요일,부산광역시 영도구 신선동3가,경상사고,0,0,1,0,차대차 - 측면충돌,안전거리미확보,건조,맑음,단일로 - 기타,승용,남,77세,상해없음,승용,남,53세,경상
2019062100100220,2019년 6월 21일 11시,금요일,부산광역시 사하구 장림동,경상사고,0,0,2,0,차대차 - 후진중충돌,안전운전불이행,건조,맑음,단일로 - 지하차도(도로)내,화물,남,59세,상해없음,승용,남,28세,경상
2019062100100281,2019년 6월 21일 13시,금요일,부산광역시 부산진구 부전동,부상신고사고,0,0,0,1,차대사람 - 기타,기타,건조,맑음,단일로 - 기타,기타불명,기타불명,미분류,기타불명,보행자,남,49세,부상신고
2019062100100282,2019년 6월 21일 13시,금요일,부산광역시 부산진구 가야동,경상사고,0,0,1,0,차대차 - 기타,안전운전불이행,건조,맑음,교차로 - 교차로안,승용,여,28세,상해없음,승용,남,54세,경상
2019062100100317,2019년 6월 21일 14시,금요일,부산광역시 해운대구 중동,경상사고,0,0,1,0,차대차 - 기타,불법유턴,건조,맑음,교차로 - 교차로횡단보도내,원동기,여,33세,경상,승용,남,27세,상해없음
2019062100100318,2019년 6월 21일 14시,금요일,부산광역시 부산진구 전포동,경상사고,0,0,1,0,차대사람 - 길가장자리구역통행중,안전운전불이행,건조,맑음,단일로 - 기타,화물,남,68세,상해없음,보행자,여,17세,경상
2019062100100397,2019년 6월 21일 16시,금요일,부산광역시 수영구 민락동,부상신고사고,0,0,0,1,차대차 - 추돌,안전거리미확보,건조,맑음,단일로 - 기타,이륜,남,18세,부상신고,승용,여,55세,상해없음
2019062100100398,2019년 6월 21일 16시,금요일,부산광역시 사하구 구평동,중상사고,0,1,0,0,차대차 - 추돌,안전운전불이행,건조,맑음,단일로 - 기타,이륜,남,58세,중상,승합,남,72세,상해없음
2019062100100399,2019년 6월 21일 16시,금요일,부산광역시 수영구 망미동,중상사고,0,1,0,0,차대사람 - 기타,안전운전불이행,건조,맑음,단일로 - 기타,승용,여,47세,상해없음,보행자,남,9세,중상
2019062100100400,2019년 6월 21일 16시,금요일,부산광역시 기장군 철마면,경상사고,0,0,2,0,차대차 - 기타,안전거리미확보,건조,맑음,교차로 - 교차로부근,화물,남,73세,상해없음,승용,남,57세,경상
2019062100100445,2019년 6월 21일 17시,금요일,부산광역시 해운대구 우동,경상사고,0,0,1,0,차대차 - 측면충돌,안전운전불이행,건조,맑음,교차로 - 교차로안,화물,남,40세,상해없음,승용,남,49세,경상
2019062100100446,2019년 6월 21일 17시,금요일,부산광역시 부산진구 부전동,경상사고,0,0,2,0,차대차 - 측면충돌,안전운전불이행,건조,맑음,단일로 - 기타,이륜,남,38세,기타불명,승용,여,29세,경상
2019062100100447,2019년 6월 21일 17시,금요일,부산광역시 사하구 당리동,경상사고,0,0,4,0,차대차 - 기타,직진우회전진행방해,건조,맑음,교차로 - 교차로안,승용,여,34세,경상,이륜,남,17세,경상
2019062100100448,2019년 6월 21일 17시,금요일,부산광역시 사하구 하단동,경상사고,0,0,1,0,차대차 - 기타,차로위반,건조,맑음,교차로 - 교차로부근,승용,여,24세,상해없음,승용,남,25세,경상
2019062100100498,2019년 6월 21일 18시,금요일,부산광역시 수영구 광안동,경상사고,0,0,1,0,차대사람 - 횡단중,안전운전불이행,건조,맑음,교차로 - 교차로안,승용,여,51세,상해없음,보행자,여,70세,경상
2019062100100499,2019년 6월 21일 18시,금요일,부산광역시 해운대구 우동,경상사고,0,0,1,0,차대차 - 추돌,안전운전불이행,건조,맑음,교차로 - 교차로안,승용,남,50세,상해없음,승용,여,44세,경상
2019062100100500,2019년 6월 21일 18시,금요일,부산광역시 사하구 괴정동,경상사고,0,0,1,0,차대차 - 후진중충돌,안전운전불이행,건조,맑음,단일로 - 기타,승용,남,45세,상해없음,승용,남,25세,경상
2019062100100501,2019년 6월 21일 18시,금요일,부산광역시 연제구 거제동,경상사고,0,0,1,0,차대차 - 기타,기타,건조,맑음,단일로 - 기타,화물,남,61세,상해없음,이륜,남,37세,경상
2019062100100559,2019년 6월 21일 19시,금요일,부산광역시 수영구 민락동,중상사고,0,1,0,0,차대차 - 기타,직진우회전진행방해,건조,맑음,교차로 - 교차로안,승용,여,25세,상해없음,자전거,남,18세,중상
2019062100100560,2019년 6월 21일 19시,금요일,부산광역시 수영구 광안동,중상사고,0,1,0,0,차대사람 - 기타,안전운전불이행,건조,맑음,단일로 - 기타,이륜,남,28세,상해없음,보행자,남,44세,중상
2019062100100602,2019년 6월 21일 20시,금요일,부산광역시 동래구 칠산동,경상사고,0,0,1,0,차대사람 - 기타,기타,건조,맑음,단일로 - 기타,승용,남,27세,상해없음,보행자,남,28세,경상
2019062100100603,2019년 6월 21일 20시,금요일,부산광역시 부산진구 범천동,중상사고,0,1,0,0,차대차 - 측면충돌,불법유턴,건조,맑음,교차로 - 교차로안,기타불명,남,76세,중상,이륜,남,32세,상해없음
2019062100100647,2019년 6월 21일 21시,금요일,부산광역시 북구 화명동,중상사고,0,1,1,0,차대차 - 측면충돌,안전운전불이행,건조,맑음,단일로 - 기타,이륜,남,51세,중상,승용,남,66세,경상
2019062100100728,2019년 6월 21일 23시,금요일,부산광역시 동구 초량동,부상신고사고,0,0,0,1,차대사람 - 기타,안전운전불이행,건조,맑음,교차로 - 교차로안,기타불명,기타불명,미분류,기타불명,보행자,남,21세,부상신고
2019062100100729,2019년 6월 21일 23시,금요일,부산광역시 해운대구 송정동,중상사고,0,2,0,0,차대차 - 추돌,안전운전불이행,건조,맑음,단일로 - 기타,승용,남,19세,상해없음,승용,남,23세,중상
2019062100100730,2019년 6월 21일 23시,금요일,부산광역시 부산진구 부전동,중상사고,0,1,1,0,차대차 - 정면충돌,신호위반,건조,맑음,교차로 - 교차로안,이륜,남,31세,상해없음,승용,남,61세,경상
2019062200100035,2019년 6월 22일 00시,토요일,부산광역시 기장군 정관읍,경상사고,0,0,1,0,차대차 - 측면충돌,신호위반,건조,맑음,교차로 - 교차로안,이륜,남,60세,경상,승용,남,47세,상해없음
2019062200100059,2019년 6월 22일 01시,토요일,부산광역시 해운대구 우동,중상사고,0,1,0,0,차대차 - 측면충돌,교차로운행방법위반,건조,맑음,교차로 - 교차로안,승합,남,55세,상해없음,이륜,여,24세,중상
2019062200100078,2019년 6월 22일 02시,토요일,부산광역시 동구 수정동,경상사고,0,0,1,0,차대사람 - 기타,안전운전불이행,건조,맑음,단일로 - 기타,승용,남,39세,상해없음,보행자,남,38세,경상
2019062200100113,2019년 6월 22일 04시,토요일,부산광역시 연제구 연산동,경상사고,0,0,2,0,차대사람 - 길가장자리구역통행중,안전운전불이행,건조,맑음,단일로 - 기타,이륜,남,20세,상해없음,보행자,여,56세,경상
2019062200100128,2019년 6월 22일 05시,토요일,부산광역시 수영구 광안동,중상사고,0,1,0,0,차대사람 - 차도통행중,안전운전불이행,건조,맑음,단일로 - 기타,화물,남,55세,상해없음,보행자,여,81세,중상
2019062200100177,2019년 6월 22일 09시,토요일,부산광역시 남구 대연동,중상사고,0,1,0,0,차대차 - 측면충돌,안전운전불이행,건조,맑음,교차로 - 교차로안,승용,여,31세,상해없음,승용,여,50세,중상
2019062200100178,2019년 6월 22일 09시,토요일,부산광역시 동래구 안락동,중상사고,0,1,0,0,차대차 - 측면충돌,교차로운행방법위반,건조,맑음,단일로 - 기타,승용,여,26세,상해없음,승합,남,46세,중상
2019062200100179,2019년 6월 22일 09시,토요일,부산광역시 해운대구 우동,경상사고,0,0,1,0,차대차 - 측면충돌,안전운전불이행,건조,맑음,교차로 - 교차로부근,승용,여,51세,상해없음,승용,여,64세,경상
2019062200100205,2019년 6월 22일 10시,토요일,부산광역시 서구 남부민동,중상사고,0,1,6,0,차대차 - 측면충돌,신호위반,건조,맑음,교차로 - 교차로안,승용,남,37세,경상,승용,남,44세,중상
2019062200100206,2019년 6월 22일 10시,토요일,부산광역시 수영구 광안동,중상사고,0,1,0,0,차대차 - 추돌,교차로운행방법위반,건조,맑음,교차로 - 교차로안,승용,남,25세,상해없음,이륜,여,40세,중상
2019062200100207,2019년 6월 22일 10시,토요일,부산광역시 부산진구 부전동,경상사고,0,0,4,0,차대차 - 측면충돌,안전운전불이행,건조,맑음,단일로 - 기타,승용,남,70세,상해없음,승합,남,32세,경상
2019062200100286,2019년 6월 22일 12시,토요일,부산광역시 남구 문현동,경상사고,0,0,1,2,차대차 - 기타,차로위반,건조,맑음,단일로 - 기타,승용,남,58세,경상,승용,남,26세,부상신고
2019062200100287,2019년 6월 22일 12시,토요일,부산광역시 부산진구 범천동,중상사고,0,1,0,0,차대차 - 기타,안전거리미확보,건조,맑음,교차로 - 교차로부근,승용,여,52세,상해없음,이륜,남,43세,중상
2019062200100336,2019년 6월 22일 13시,토요일,부산광역시 부산진구 부전동,경상사고,0,0,1,0,차대차 - 측면충돌,안전운전불이행,건조,맑음,교차로 - 교차로안,승용,남,39세,상해없음,이륜,남,83세,경상
2019062200100337,2019년 6월 22일 13시,토요일,부산광역시 사상구 괘법동,중상사고,0,1,0,0,차대사람 - 횡단중,안전운전불이행,건조,맑음,교차로 - 교차로부근,승용,남,49세,상해없음,보행자,남,3세,중상
2019062200100338,2019년 6월 22일 13시,토요일,부산광역시 사상구 감전동,경상사고,0,0,1,1,차대차 - 측면충돌,교차로운행방법위반,건조,맑음,단일로 - 기타,승용,남,28세,부상신고,승용,남,32세,경상
2019062200100373,2019년 6월 22일 14시,토요일,부산광역시 해운대구 우동,경상사고,0,0,1,0,차대차 - 측면충돌,교차로운행방법위반,건조,맑음,교차로 - 교차로안,승용,남,61세,상해없음,승용,남,36세,상해없음
2019062200100374,2019년 6월 22일 14시,토요일,부산광역시 해운대구 우동,경상사고,0,0,1,0,차대차 - 측면충돌,교차로운행방법위반,건조,맑음,교차로 - 교차로안,승용,여,51세,상해없음,승용,남,39세,경상
2019062200100375,2019년 6월 22일 14시,토요일,부산광역시 기장군 기장읍,경상사고,0,0,1,0,차대차 - 기타,안전운전불이행,건조,맑음,단일로 - 기타,이륜,남,38세,상해없음,승용,남,46세,경상
2019062200100417,2019년 6월 22일 15시,토요일,부산광역시 부산진구 부전동,중상사고,0,1,0,0,차대차 - 측면충돌,신호위반,건조,맑음,교차로 - 교차로안,승용,여,41세,상해없음,이륜,남,34세,중상
2019062200100463,2019년 6월 22일 16시,토요일,부산광역시 동래구 온천동,경상사고,0,0,2,0,차대차 - 측면충돌,안전운전불이행,건조,맑음,단일로 - 기타,이륜,남,62세,경상,화물,남,47세,경상
2019062200100583,2019년 6월 22일 19시,토요일,부산광역시 서구 서대신동2가,경상사고,0,0,1,0,차대사람 - 횡단중,중앙선침범,건조,맑음,단일로 - 기타,승용,남,70세,상해없음,보행자,여,28세,경상
2019062200100584,2019년 6월 22일 19시,토요일,부산광역시 연제구 연산동,중상사고,0,1,1,0,차대차 - 추돌,안전운전불이행,건조,맑음,교차로 - 교차로안,이륜,남,43세,중상,승용,남,62세,경상
2019062200100603,2019년 6월 22일 20시,토요일,부산광역시 중구 남포동6가,경상사고,0,0,2,0,차대차 - 추돌,안전운전불이행,건조,맑음,교차로 - 교차로부근,승용,남,62세,상해없음,승용,남,25세,경상
2019062200100604,2019년 6월 22일 20시,토요일,부산광역시 수영구 광안동,중상사고,0,1,0,0,차대차 - 측면충돌,안전운전불이행,건조,맑음,단일로 - 기타,승용,남,73세,상해없음,승용,여,36세,중상
2019062200100605,2019년 6월 22일 20시,토요일,부산광역시 수영구 광안동,경상사고,0,0,2,0,차대차 - 기타,교차로운행방법위반,건조,맑음,교차로 - 교차로안,승용,남,21세,상해없음,승용,여,57세,경상
2019062200100606,2019년 6월 22일 20시,토요일,부산광역시 동래구 안락동,경상사고,0,0,2,0,차대차 - 추돌,안전운전불이행,건조,맑음,단일로 - 기타,승용,남,60세,상해없음,승용,남,50세,경상
2019062200100607,2019년 6월 22일 20시,토요일,부산광역시 사하구 하단동,경상사고,0,0,1,0,차대차 - 기타,안전거리미확보,건조,맑음,단일로 - 지하차도(도로)내,기타불명,기타불명,미분류,기타불명,이륜,남,40세,경상
2019062200100656,2019년 6월 22일 21시,토요일,부산광역시 동구 범일동,중상사고,0,1,0,0,차대사람 - 횡단중,안전운전불이행,건조,맑음,단일로 - 기타,승용,여,35세,상해없음,보행자,남,13세,중상
2019062200100690,2019년 6월 22일 22시,토요일,부산광역시 해운대구 중동,중상사고,0,1,0,0,차대차 - 기타,교차로운행방법위반,기타,맑음,단일로 - 기타,승용,남,51세,상해없음,이륜,남,20세,중상
2019062200100691,2019년 6월 22일 22시,토요일,부산광역시 사하구 괴정동,중상사고,0,1,4,0,차대차 - 추돌,안전운전불이행,건조,맑음,단일로 - 기타,이륜,남,33세,중상,승용,남,42세,경상
2019062200100692,2019년 6월 22일 22시,토요일,부산광역시 기장군 기장읍,경상사고,0,0,1,0,차대사람 - 횡단중,안전운전불이행,건조,맑음,교차로 - 교차로안,승용,여,49세,상해없음,보행자,여,18세,경상
2019062200100716,2019년 6월 22일 23시,토요일,부산광역시 동래구 명륜동,중상사고,0,1,0,0,차대차 - 기타,안전거리미확보,건조,맑음,단일로 - 기타,승용,남,61세,상해없음,승용,남,51세,상해없음
2019062200100717,2019년 6월 22일 23시,토요일,부산광역시 동래구 온천동,중상사고,0,1,0,0,차대사람 - 기타,안전운전불이행,건조,맑음,교차로 - 교차로부근,승용,여,68세,상해없음,보행자,남,51세,중상
2019062200100718,2019년 6월 22일 23시,토요일,부산광역시 해운대구 재송동,중상사고,0,1,1,0,차대차 - 기타,안전운전불이행,기타,맑음,단일로 - 기타,이륜,남,23세,경상,승용,남,19세,중상
2019062200100719,2019년 6월 22일 23시,토요일,부산광역시 부산진구 전포동,경상사고,0,0,1,0,차대차 - 기타,신호위반,건조,맑음,교차로 - 교차로안,승용,여,60세,상해없음,승용,남,53세,경상
2019062200100720,2019년 6월 22일 23시,토요일,부산광역시 부산진구 부전동,경상사고,0,0,1,0,차대차 - 추돌,안전운전불이행,건조,맑음,단일로 - 기타,승용,남,22세,기타불명,승용,남,67세,경상
2019062300100026,2019년 6월 23일 00시,일요일,부산광역시 서구 암남동,경상사고,0,0,2,0,차대차 - 추돌,안전운전불이행,건조,맑음,교차로 - 교차로부근,승용,남,48세,상해없음,승용,여,50세,경상
2019062300100027,2019년 6월 23일 00시,일요일,부산광역시 남구 문현동,경상사고,0,0,4,0,차대차 - 기타,안전운전불이행,건조,맑음,단일로 - 고가도로위,승용,남,64세,상해없음,승용,여,27세,경상
2019062300100047,2019년 6월 23일 01시,일요일,부산광역시 동래구 낙민동,경상사고,0,0,4,0,차대차 - 측면충돌,신호위반,건조,맑음,교차로 - 교차로안,승용,남,55세,경상,승용,남,24세,경상
2019062300100060,2019년 6월 23일 02시,일요일,부산광역시 금정구 서동,경상사고,0,0,1,0,차대차 - 추돌,안전운전불이행,건조,맑음,단일로 - 기타,승용,남,21세,상해없음,이륜,남,30세,경상
2019062300100073,2019년 6월 23일 03시,일요일,부산광역시 사하구 하단동,중상사고,0,1,0,0,차대사람 - 보도통행중,기타,건조,맑음,기타 - 기타,이륜,남,70세,상해없음,보행자,남,80세,중상
2019062300100074,2019년 6월 23일 03시,일요일,부산광역시 기장군 장안읍,부상신고사고,0,0,0,3,차량단독 - 기타,안전운전불이행,건조,맑음,단일로 - 기타,승용,남,18세,상해없음,,,,
2019062300100088,2019년 6월 23일 04시,일요일,부산광역시 사상구 엄궁동,부상신고사고,0,0,0,1,차량단독 - 기타,안전운전불이행,건조,맑음,단일로 - 기타,승용,남,59세,부상신고,,,,
2019062300100089,2019년 6월 23일 04시,일요일,부산광역시 사상구 주례동,부상신고사고,0,0,0,1,차량단독 - 기타,안전운전불이행,건조,맑음,단일로 - 기타,승용,남,58세,상해없음,,,,
2019062300100118,2019년 6월 23일 07시,일요일,부산광역시 동래구 온천동,사망사고,1,0,0,0,차대사람 - 기타,안전운전불이행,건조,맑음,교차로 - 교차로안,화물,남,63세,상해없음,보행자,남,59세,사망
2019062300100163,2019년 6월 23일 10시,일요일,부산광역시 수영구 광안동,경상사고,0,0,2,0,차대차 - 기타,중앙선침범,건조,맑음,단일로 - 기타,승용,남,67세,상해없음,승용,남,30세,경상
2019062300100164,2019년 6월 23일 10시,일요일,부산광역시 북구 덕천동,사망사고,1,2,0,0,차대사람 - 기타,안전운전불이행,건조,맑음,교차로 - 교차로안,승용,여,51세,상해없음,보행자,여,63세,사망
2019062300100165,2019년 6월 23일 10시,일요일,부산광역시 동래구 복천동,부상신고사고,0,0,0,1,차대차 - 기타,안전운전불이행,건조,맑음,기타 - 기타,승용,남,37세,상해없음,승용,남,65세,부상신고
2019062300100219,2019년 6월 23일 12시,일요일,부산광역시 해운대구 우동,경상사고,0,0,1,0,차대차 - 측면충돌,교차로운행방법위반,건조,맑음,교차로 - 교차로안,승용,남,61세,상해없음,승용,여,45세,경상
2019062300100220,2019년 6월 23일 12시,일요일,부산광역시 부산진구 양정동,경상사고,0,0,3,0,차대차 - 추돌,안전거리미확보,건조,맑음,단일로 - 기타,이륜,남,22세,상해없음,승용,남,33세,경상
2019062300100221,2019년 6월 23일 12시,일요일,부산광역시 수영구 망미동,경상사고,0,0,1,0,차대차 - 측면충돌,직진우회전진행방해,건조,맑음,교차로 - 교차로안,승용,여,45세,상해없음,원동기,남,57세,경상
2019062300100254,2019년 6월 23일 13시,일요일,부산광역시 서구 토성동5가,경상사고,0,0,1,0,차대사람 - 횡단중,보행자보호의무위반,건조,맑음,교차로 - 교차로부근,승용,여,55세,상해없음,보행자,남,65세,경상
2019062300100255,2019년 6월 23일 13시,일요일,부산광역시 부산진구 전포동,경상사고,0,0,1,1,차대차 - 측면충돌,안전거리미확보,건조,맑음,단일로 - 기타,승용,여,33세,부상신고,이륜,남,19세,경상
2019062300100256,2019년 6월 23일 13시,일요일,부산광역시 기장군 기장읍,경상사고,0,0,4,0,차대차 - 후진중충돌,안전운전불이행,건조,맑음,단일로 - 기타,승용,남,57세,상해없음,승용,여,30세,경상
2019062300100297,2019년 6월 23일 14시,일요일,부산광역시 동구 범일동,경상사고,0,0,3,1,차대차 - 추돌,안전거리미확보,건조,맑음,단일로 - 기타,승용,남,25세,상해없음,승용,남,37세,경상
2019062300100298,2019년 6월 23일 14시,일요일,부산광역시 남구 대연동,경상사고,0,0,1,0,차대차 - 측면충돌,안전운전불이행,건조,맑음,단일로 - 기타,승용,남,47세,상해없음,승용,남,45세,경상
2019062300100299,2019년 6월 23일 14시,일요일,부산광역시 북구 구포동,경상사고,0,0,2,0,차대차 - 추돌,안전운전불이행,건조,맑음,단일로 - 기타,승용,남,27세,상해없음,승용,남,21세,경상
2019062300100300,2019년 6월 23일 14시,일요일,부산광역시 부산진구 초읍동,경상사고,0,0,1,0,차대사람 - 기타,안전운전불이행,건조,맑음,단일로 - 기타,승용,남,32세,상해없음,보행자,여,50세,경상
2019062300100301,2019년 6월 23일 14시,일요일,부산광역시 사하구 괴정동,경상사고,0,0,1,0,차대차 - 추돌,안전운전불이행,건조,맑음,단일로 - 기타,승용,남,31세,상해없음,승용,남,50세,경상
2019062300100330,2019년 6월 23일 15시,일요일,부산광역시 북구 덕천동,경상사고,0,0,2,0,차대차 - 정면충돌,안전운전불이행,건조,맑음,단일로 - 기타,이륜,남,77세,경상,승용,여,47세,경상
2019062300100331,2019년 6월 23일 15시,일요일,부산광역시 사하구 신평동,중상사고,0,1,0,0,차대사람 - 기타,안전운전불이행,건조,맑음,단일로 - 기타,승용,남,62세,상해없음,보행자,남,83세,중상
2019062300100332,2019년 6월 23일 15시,일요일,부산광역시 강서구 명지동,중상사고,0,1,0,0,차대차 - 기타,안전운전불이행,건조,맑음,기타 - 기타,건설기계,남,57세,상해없음,건설기계,남,52세,중상
2019062300100369,2019년 6월 23일 16시,일요일,부산광역시 남구 용호동,경상사고,0,0,2,0,차대차 - 기타,안전운전불이행,건조,맑음,단일로 - 기타,승합,남,46세,상해없음,승용,여,27세,경상
2019062300100370,2019년 6월 23일 16시,일요일,부산광역시 동래구 온천동,경상사고,0,0,1,0,차대사람 - 횡단중,안전운전불이행,건조,맑음,단일로 - 기타,승합,남,42세,상해없음,보행자,여,65세,경상
2019062300100413,2019년 6월 23일 17시,일요일,부산광역시 영도구 대교동1가,경상사고,0,0,1,0,차대사람 - 길가장자리구역통행중,안전운전불이행,건조,맑음,기타 - 기타,승용,남,65세,상해없음,보행자,남,45세,경상
2019062300100414,2019년 6월 23일 17시,일요일,부산광역시 해운대구 반여동,경상사고,0,0,1,0,차대사람 - 횡단중,보행자보호의무위반,건조,맑음,교차로 - 교차로횡단보도내,승용,남,69세,상해없음,보행자,남,7세,경상
2019062300100415,2019년 6월 23일 17시,일요일,부산광역시 부산진구 개금동,중상사고,0,1,0,0,차대차 - 기타,안전운전불이행,건조,맑음,교차로 - 교차로안,화물,남,58세,상해없음,이륜,남,37세,중상
2019062300100450,2019년 6월 23일 18시,일요일,부산광역시 서구 서대신동2가,경상사고,0,0,1,0,차대차 - 측면충돌,신호위반,건조,맑음,교차로 - 교차로안,승용,남,55세,상해없음,승용,여,28세,경상
2019062300100485,2019년 6월 23일 19시,일요일,부산광역시 수영구 광안동,경상사고,0,0,1,0,차대차 - 추돌,안전운전불이행,건조,맑음,단일로 - 기타,이륜,남,28세,상해없음,이륜,남,32세,경상
2019062300100539,2019년 6월 23일 21시,일요일,부산광역시 사하구 장림동,부상신고사고,0,0,0,1,차대사람 - 기타,안전운전불이행,건조,맑음,단일로 - 기타,승용,남,24세,상해없음,보행자,여,47세,부상신고
2019062300100540,2019년 6월 23일 21시,일요일,부산광역시 사상구 덕포동,경상사고,0,0,1,0,차대차 - 측면충돌,안전운전불이행,건조,맑음,단일로 - 기타,승용,남,62세,상해없음,이륜,남,46세,경상
2019062300100574,2019년 6월 23일 22시,일요일,부산광역시 부산진구 양정동,중상사고,0,1,0,0,차대차 - 추돌,신호위반,건조,맑음,단일로 - 기타,승용,남,67세,상해없음,이륜,남,23세,중상
2019062400100026,2019년 6월 24일 00시,월요일,부산광역시 수영구 민락동,경상사고,0,0,1,0,차대차 - 측면충돌,교차로운행방법위반,건조,맑음,교차로 - 교차로안,승용,남,39세,상해없음,이륜,남,49세,경상
2019062400100027,2019년 6월 24일 00시,월요일,부산광역시 금정구 구서동,중상사고,0,1,0,0,차대사람 - 횡단중,안전운전불이행,건조,맑음,단일로 - 기타,승용,여,36세,상해없음,보행자,남,47세,중상
2019062400100043,2019년 6월 24일 04시,월요일,부산광역시 사하구 다대동,경상사고,0,0,1,0,차량단독 - 공작물충돌,안전운전불이행,건조,맑음,단일로 - 지하차도(도로)내,이륜,여,17세,경상,,,,
2019062400100085,2019년 6월 24일 07시,월요일,부산광역시 사하구 하단동,중상사고,0,1,0,0,차대차 - 추돌,신호위반,건조,맑음,교차로 - 교차로안,승용,남,57세,상해없음,원동기,남,36세,중상
2019062400100117,2019년 6월 24일 08시,월요일,부산광역시 서구 남부민동,경상사고,0,0,1,0,차대차 - 측면충돌,신호위반,건조,맑음,단일로 - 기타,건설기계,남,49세,상해없음,승용,여,39세,경상
2019062400100118,2019년 6월 24일 08시,월요일,부산광역시 수영구 광안동,경상사고,0,0,1,0,차대차 - 측면충돌,안전운전불이행,건조,맑음,교차로 - 교차로안,이륜,남,34세,경상,승용,여,33세,상해없음
2019062400100119,2019년 6월 24일 08시,월요일,부산광역시 북구 화명동,중상사고,0,2,0,0,차대차 - 측면충돌,안전운전불이행,건조,맑음,교차로 - 교차로안,화물,남,30세,중상,승용,여,56세,중상
2019062400100120,2019년 6월 24일 08시,월요일,부산광역시 북구 만덕동,경상사고,0,0,1,0,차대차 - 기타,안전운전불이행,건조,맑음,단일로 - 기타,승용,여,67세,상해없음,승용,남,31세,경상
2019062400100121,2019년 6월 24일 08시,월요일,부산광역시 사상구 모라동,경상사고,0,0,1,0,차대차 - 측면충돌,안전거리미확보,건조,맑음,단일로 - 기타,승용,남,58세,상해없음,화물,남,53세,경상
2019062400100215,2019년 6월 24일 10시,월요일,부산광역시 동구 범일동,부상신고사고,0,0,0,1,차대차 - 기타,기타,건조,맑음,단일로 - 기타,승용,남,33세,부상신고,승합,남,51세,상해없음
2019062400100216,2019년 6월 24일 10시,월요일,부산광역시 동래구 온천동,경상사고,0,0,2,0,차대차 - 측면충돌,안전운전불이행,건조,맑음,교차로 - 교차로부근,승용,남,41세,상해없음,승용,여,68세,경상
2019062400100252,2019년 6월 24일 11시,월요일,부산광역시 북구 구포동,중상사고,0,1,0,0,차대차 - 기타,안전운전불이행,건조,맑음,단일로 - 기타,승용,남,42세,상해없음,이륜,여,64세,중상
2019062400100253,2019년 6월 24일 11시,월요일,부산광역시 영도구 봉래동4가,중상사고,0,1,1,0,차대차 - 측면충돌,안전운전불이행,건조,맑음,단일로 - 기타,승용,남,41세,중상,건설기계,남,68세,경상
2019062400100254,2019년 6월 24일 11시,월요일,부산광역시 부산진구 개금동,경상사고,0,0,1,0,차대차 - 기타,중앙선침범,건조,맑음,단일로 - 기타,건설기계,남,67세,상해없음,승용,여,56세,경상
2019062400100291,2019년 6월 24일 12시,월요일,부산광역시 수영구 광안동,경상사고,0,0,1,0,차대차 - 기타,기타,건조,맑음,단일로 - 교량,특수,남,33세,상해없음,승용,남,43세,경상
2019062400100292,2019년 6월 24일 12시,월요일,부산광역시 수영구 남천동,경상사고,0,0,1,0,차대차 - 측면충돌,안전운전불이행,건조,맑음,단일로 - 기타,승용,여,47세,상해없음,승용,남,28세,경상
2019062400100293,2019년 6월 24일 12시,월요일,부산광역시 연제구 연산동,부상신고사고,0,0,0,1,차대차 - 측면충돌,신호위반,건조,맑음,교차로 - 교차로안,승용,남,70세,상해없음,이륜,남,22세,부상신고
2019062400100294,2019년 6월 24일 12시,월요일,부산광역시 연제구 거제동,경상사고,0,0,1,0,차대차 - 기타,안전운전불이행,건조,맑음,교차로 - 교차로부근,승용,남,64세,상해없음,자전거,남,26세,경상
2019062400100323,2019년 6월 24일 13시,월요일,부산광역시 사상구 덕포동,중상사고,0,1,0,0,차대사람 - 횡단중,안전운전불이행,건조,맑음,단일로 - 기타,이륜,남,26세,상해없음,보행자,여,70세,중상
2019062400100390,2019년 6월 24일 15시,월요일,부산광역시 해운대구 재송동,경상사고,0,0,2,0,차대차 - 기타,중앙선침범,건조,맑음,단일로 - 기타,승용,여,48세,상해없음,승용,남,33세,경상
2019062400100437,2019년 6월 24일 16시,월요일,부산광역시 동구 초량동,중상사고,0,1,0,0,차량단독 - 기타,안전운전불이행,건조,맑음,단일로 - 기타,승합,남,44세,상해없음,,,,