사고번호,사고일시,요일,시군구,사고내용,사망자수,중상자수,경상자수,부상신고자수,사고유형,법규위반,노면상태,기상상태,도로형태,가해운전자 차종,가해운전자 성별,가해운전자 연령,가해운전자 상해정도,피해운전자 차종,피해운전자 성별,피해운전자 연령,피해운전자 상해정도
2019062400100438,2019년 6월 24일 16시,월요일,부산광역시 서구 아미동2가,부상신고사고,0,0,0,1,차대차 - 측면충돌,안전거리미확보,건조,맑음,단일로 - 기타,이륜,남,76세,부상신고,승용,여,59세,상해없음
2019062400100439,2019년 6월 24일 16시,월요일,부산광역시 연제구 거제동,중상사고,0,1,0,0,차량단독 - 기타,기타,건조,맑음,교차로 - 교차로안,승용,남,56세,상해없음,,,,
2019062400100485,2019년 6월 24일 17시,월요일,부산광역시 수영구 남천동,중상사고,0,1,0,0,차대차 - 추돌,안전운전불이행,건조,맑음,단일로 - 교량,승용,남,68세,상해없음,승용,남,47세,중상
2019062400100486,2019년 6월 24일 17시,월요일,부산광역시 동래구 온천동,중상사고,0,1,0,0,차대사람 - 기타,안전운전불이행,건조,맑음,단일로 - 기타,승용,남,54세,상해없음,보행자,여,77세,중상
2019062400100487,2019년 6월 24일 17시,월요일,부산광역시 부산진구 부전동,중상사고,0,1,0,0,차대차 - 측면충돌,신호위반,건조,맑음,교차로 - 교차로안,승용,여,51세,상해없음,이륜,남,23세,중상
2019062400100488,2019년 6월 24일 17시,월요일,부산광역시 연제구 연산동,경상사고,0,0,1,0,차대사람 - 기타,안전운전불이행,건조,맑음,단일로 - 기타,승용,여,56세,상해없음,보행자,남,49세,경상
2019062400100533,2019년 6월 24일 18시,월요일,부산광역시 연제구 연산동,중상사고,0,1,1,1,차대차 - 측면충돌,교차로운행방법위반,건조,맑음,교차로 - 교차로안,승용,여,45세,기타불명,승용,남,67세,부상신고
2019062400100534,2019년 6월 24일 18시,월요일,부산광역시 강서구 범방동,중상사고,0,1,1,0,차대차 - 추돌,안전운전불이행,건조,맑음,교차로 - 교차로부근,화물,남,64세,상해없음,승합,남,48세,경상
2019062400100535,2019년 6월 24일 18시,월요일,부산광역시 사상구 감전동,중상사고,0,1,0,0,차대차 - 측면충돌,안전운전불이행,건조,맑음,단일로 - 기타,승용,여,47세,상해없음,이륜,남,56세,중상
2019062400100536,2019년 6월 24일 18시,월요일,부산광역시 사상구 감전동,부상신고사고,0,0,0,1,차대차 - 측면충돌,교차로운행방법위반,건조,맑음,교차로 - 교차로안,화물,남,59세,상해없음,승용,남,59세,부상신고
2019062400100598,2019년 6월 24일 19시,월요일,부산광역시 남구 대연동,경상사고,0,0,1,0,차대차 - 기타,기타,건조,맑음,단일로 - 기타,승용,여,46세,상해없음,이륜,남,24세,경상
2019062400100599,2019년 6월 24일 19시,월요일,부산광역시 해운대구 재송동,중상사고,0,1,0,0,차대사람 - 횡단중,보행자보호의무위반,건조,맑음,교차로 - 교차로횡단보도내,승용,여,34세,상해없음,보행자,여,85세,중상
2019062400100600,2019년 6월 24일 19시,월요일,부산광역시 금정구 남산동,중상사고,0,1,0,0,차대차 - 기타,안전운전불이행,젖음/습기,비,교차로 - 교차로안,원동기,남,41세,중상,승용,남,47세,상해없음
2019062400100629,2019년 6월 24일 20시,월요일,부산광역시 남구 문현동,부상신고사고,0,0,0,1,차량단독 - 기타,안전운전불이행,건조,맑음,단일로 - 기타,이륜,남,41세,부상신고,,,,
2019062400100630,2019년 6월 24일 20시,월요일,부산광역시 부산진구 범전동,경상사고,0,0,2,0,차대차 - 측면충돌,안전운전불이행,건조,맑음,교차로 - 교차로안,승합,남,52세,상해없음,승용,여,30세,경상
2019062400100706,2019년 6월 24일 23시,월요일,부산광역시 부산진구 부전동,중상사고,0,1,1,0,차대차 - 측면충돌,신호위반,건조,맑음,교차로 - 교차로안,이륜,남,31세,경상,이륜,남,24세,중상
2019062500100027,2019년 6월 25일 00시,화요일,부산광역시 부산진구 전포동,중상사고,0,1,0,0,차량단독 - 공작물충돌,과속,건조,맑음,단일로 - 기타,이륜,남,37세,중상,,,,
2019062500100037,2019년 6월 25일 01시,화요일,부산광역시 남구 용호동,중상사고,0,1,0,0,차대사람 - 기타,안전운전불이행,건조,맑음,교차로 - 교차로안,화물,남,43세,상해없음,보행자,남,67세,중상
2019062500100059,2019년 6월 25일 05시,화요일,부산광역시 부산진구 부전동,경상사고,0,0,3,0,차대차 - 기타,신호위반,건조,맑음,교차로 - 교차로안,승용,남,36세,상해없음,승용,여,51세,경상
2019062500100091,2019년 6월 25일 07시,화요일,부산광역시 부산진구 가야동,중상사고,0,1,0,0,차대사람 - 횡단중,안전운전불이행,건조,맑음,교차로 - 교차로부근,승합,남,63세,상해없음,보행자,여,69세,중상
2019062500100122,2019년 6월 25일 08시,화요일,부산광역시 부산진구 당감동,부상신고사고,0,0,0,1,차대차 - 측면충돌,안전운전불이행,건조,맑음,단일로 - 기타,화물,남,41세,상해없음,승용,남,60세,부상신고
2019062500100123,2019년 6월 25일 08시,화요일,부산광역시 금정구 부곡동,경상사고,0,0,1,0,차대차 - 기타,교차로운행방법위반,건조,맑음,교차로 - 교차로안,승용,남,27세,상해없음,승용,남,53세,경상
2019062500100124,2019년 6월 25일 08시,화요일,부산광역시 사상구 감전동,중상사고,0,1,0,0,차대사람 - 횡단중,보행자보호의무위반,건조,맑음,교차로 - 교차로안,화물,남,66세,상해없음,보행자,여,84세,중상
2019062500100176,2019년 6월 25일 09시,화요일,부산광역시 연제구 연산동,경상사고,0,0,1,0,차대차 - 측면충돌,안전운전불이행,건조,맑음,단일로 - 기타,승용,남,63세,상해없음,이륜,여,20세,경상
2019062500100207,2019년 6월 25일 10시,화요일,부산광역시 동구 좌천동,중상사고,0,1,0,0,차대차 - 측면충돌,신호위반,건조,맑음,교차로 - 교차로부근,승용,여,61세,상해없음,이륜,남,48세,중상
2019062500100241,2019년 6월 25일 11시,화요일,부산광역시 서구 암남동,경상사고,0,0,1,0,차대사람 - 횡단중,신호위반,건조,맑음,단일로 - 기타,승용,남,53세,상해없음,보행자,여,64세,경상
2019062500100242,2019년 6월 25일 11시,화요일,부산광역시 서구 충무동1가,경상사고,0,0,1,0,차대차 - 측면충돌,안전운전불이행,건조,맑음,교차로 - 교차로안,승용,여,51세,경상,승합,남,49세,상해없음
2019062500100243,2019년 6월 25일 11시,화요일,부산광역시 영도구 동삼동,경상사고,0,0,1,0,차대사람 - 횡단중,안전운전불이행,건조,맑음,교차로 - 교차로안,승용,남,32세,상해없음,보행자,여,28세,경상
2019062500100275,2019년 6월 25일 12시,화요일,부산광역시 사하구 감천동,중상사고,0,1,0,0,차대차 - 기타,안전거리미확보,건조,맑음,단일로 - 지하차도(도로)내,특수,남,50세,기타불명,승용,남,74세,중상
2019062500100302,2019년 6월 25일 13시,화요일,부산광역시 금정구 남산동,경상사고,0,0,1,0,차대사람 - 기타,안전운전불이행,건조,맑음,단일로 - 기타,승용,남,21세,상해없음,보행자,여,49세,경상
2019062500100303,2019년 6월 25일 13시,화요일,부산광역시 기장군 일광면,중상사고,0,1,0,0,차대차 - 추돌,신호위반,건조,맑음,단일로 - 터널,화물,남,64세,상해없음,승용,여,52세,중상
2019062500100345,2019년 6월 25일 14시,화요일,부산광역시 남구 대연동,경상사고,0,0,1,0,차대사람 - 기타,안전운전불이행,건조,맑음,단일로 - 기타,승용,여,46세,상해없음,보행자,남,78세,경상
2019062500100346,2019년 6월 25일 14시,화요일,부산광역시 동래구 온천동,부상신고사고,0,0,0,1,차대차 - 기타,안전운전불이행,건조,맑음,교차로 - 교차로안,승용,여,22세,상해없음,승용,남,73세,부상신고
2019062500100385,2019년 6월 25일 15시,화요일,부산광역시 해운대구 우동,경상사고,0,0,1,0,차대사람 - 횡단중,안전운전불이행,건조,맑음,교차로 - 교차로부근,승용,남,51세,상해없음,보행자,여,65세,경상
2019062500100386,2019년 6월 25일 15시,화요일,부산광역시 사하구 하단동,중상사고,0,1,0,0,차대사람 - 보도통행중,기타,건조,맑음,기타 - 기타,이륜,남,27세,상해없음,보행자,여,46세,중상
2019062500100387,2019년 6월 25일 15시,화요일,부산광역시 사상구 엄궁동,중상사고,0,1,0,0,차대사람 - 보도통행중,보행자보호의무위반,건조,맑음,단일로 - 기타,승용,남,32세,상해없음,보행자,여,61세,중상
2019062500100427,2019년 6월 25일 16시,화요일,부산광역시 동구 초량동,경상사고,0,0,1,0,차대차 - 추돌,안전운전불이행,건조,맑음,단일로 - 기타,승용,여,34세,상해없음,화물,남,43세,경상
2019062500100428,2019년 6월 25일 16시,화요일,부산광역시 남구 문현동,경상사고,0,0,1,0,차대차 - 측면충돌,차로위반,건조,맑음,교차로 - 교차로부근,승용,여,60세,상해없음,승용,여,34세,경상
2019062500100429,2019년 6월 25일 16시,화요일,부산광역시 금정구 서동,경상사고,0,0,1,0,차대사람 - 보도통행중,보행자보호의무위반,건조,맑음,단일로 - 기타,승용,남,69세,상해없음,보행자,여,47세,경상
2019062500100480,2019년 6월 25일 17시,화요일,부산광역시 동래구 명장동,경상사고,0,0,1,0,차대차 - 측면충돌,안전운전불이행,젖음/습기,비,단일로 - 기타,승용,여,36세,경상,승용,남,64세,상해없음
2019062500100481,2019년 6월 25일 17시,화요일,부산광역시 해운대구 좌동,부상신고사고,0,0,0,1,차대사람 - 기타,안전운전불이행,기타,맑음,단일로 - 기타,화물,남,27세,상해없음,보행자,여,69세,부상신고
2019062500100482,2019년 6월 25일 17시,화요일,부산광역시 금정구 부곡동,중상사고,0,1,0,0,차대차 - 추돌,안전운전불이행,건조,맑음,교차로 - 교차로안,승용,여,60세,상해없음,자전거,남,62세,중상
2019062500100483,2019년 6월 25일 17시,화요일,부산광역시 금정구 구서동,경상사고,0,0,1,0,차대사람 - 기타,안전운전불이행,건조,맑음,기타 - 기타,승용,여,34세,상해없음,보행자,남,60세,경상
2019062500100544,2019년 6월 25일 18시,화요일,부산광역시 동구 범일동,경상사고,0,0,1,0,차대차 - 측면충돌,중앙선침범,건조,맑음,단일로 - 기타,원동기,남,18세,상해없음,이륜,남,26세,경상
2019062500100604,2019년 6월 25일 19시,화요일,부산광역시 남구 문현동,경상사고,0,0,5,0,차대차 - 측면충돌,차로위반,건조,맑음,교차로 - 교차로부근,승용,여,21세,상해없음,승용,남,49세,경상
2019062500100605,2019년 6월 25일 19시,화요일,부산광역시 금정구 부곡동,경상사고,0,0,3,0,차대차 - 추돌,안전거리미확보,건조,맑음,단일로 - 기타,승용,여,43세,상해없음,화물,남,37세,경상
2019062500100641,2019년 6월 25일 20시,화요일,부산광역시 사하구 하단동,중상사고,0,1,0,0,차대사람 - 횡단중,보행자보호의무위반,건조,맑음,교차로 - 교차로횡단보도내,승용,남,59세,상해없음,보행자,여,65세,중상
2019062500100642,2019년 6월 25일 20시,화요일,부산광역시 연제구 연산동,경상사고,0,0,4,0,차대차 - 측면충돌,안전거리미확보,건조,맑음,단일로 - 기타,승용,여,35세,상해없음,승용,남,39세,경상
2019062500100643,2019년 6월 25일 20시,화요일,부산광역시 강서구 녹산동,경상사고,0,0,1,0,차대차 - 기타,안전운전불이행,건조,맑음,단일로 - 기타,승용,여,22세,상해없음,승용,남,43세,경상
2019062500100676,2019년 6월 25일 21시,화요일,부산광역시 동래구 명륜동,경상사고,0,0,1,0,차대차 - 정면충돌,안전운전불이행,건조,맑음,단일로 - 기타,승용,남,52세,상해없음,승합,남,58세,상해없음
2019062500100677,2019년 6월 25일 21시,화요일,부산광역시 동래구 안락동,부상신고사고,0,0,0,1,차대차 - 기타,중앙선침범,건조,맑음,교차로 - 교차로부근,이륜,남,23세,상해없음,승용,남,27세,부상신고
2019062500100678,2019년 6월 25일 21시,화요일,부산광역시 부산진구 부전동,경상사고,0,0,1,0,차대사람 - 보도통행중,안전운전불이행,건조,맑음,교차로 - 교차로부근,승용,남,25세,상해없음,보행자,여,22세,경상
2019062500100679,2019년 6월 25일 21시,화요일,부산광역시 부산진구 범천동,경상사고,0,0,1,0,차대차 - 기타,안전거리미확보,건조,맑음,단일로 - 기타,이륜,기타불명,미분류,기타불명,승용,남,70세,상해없음
2019062600100023,2019년 6월 26일 00시,수요일,부산광역시 수영구 민락동,경상사고,0,0,1,0,차대사람 - 기타,안전운전불이행,건조,맑음,교차로 - 교차로부근,승용,여,28세,상해없음,보행자,남,36세,경상
2019062600100024,2019년 6월 26일 00시,수요일,부산광역시 북구 덕천동,경상사고,0,0,2,0,차대차 - 추돌,안전운전불이행,건조,맑음,단일로 - 기타,이륜,남,27세,경상,승용,남,52세,경상
2019062600100025,2019년 6월 26일 00시,수요일,부산광역시 사하구 하단동,경상사고,0,0,1,0,차대차 - 추돌,신호위반,건조,맑음,교차로 - 교차로안,원동기,남,39세,경상,승용,남,39세,상해없음
2019062600100047,2019년 6월 26일 02시,수요일,부산광역시 부산진구 당감동,중상사고,0,1,0,0,차대차 - 측면충돌,신호위반,건조,맑음,교차로 - 교차로안,승용,남,71세,상해없음,이륜,남,52세,중상
2019062600100060,2019년 6월 26일 05시,수요일,부산광역시 동구 초량동,경상사고,0,0,1,1,차대차 - 기타,차로위반,건조,맑음,단일로 - 기타,승합,남,60세,상해없음,승용,남,53세,상해없음
2019062600100077,2019년 6월 26일 07시,수요일,부산광역시 연제구 연산동,경상사고,0,0,1,0,차대차 - 측면충돌,안전거리미확보,건조,맑음,단일로 - 기타,건설기계,남,51세,상해없음,승용,남,53세,상해없음
2019062600100101,2019년 6월 26일 08시,수요일,부산광역시 금정구 서동,경상사고,0,0,1,0,차대사람 - 횡단중,보행자보호의무위반,건조,맑음,단일로 - 기타,승용,여,52세,상해없음,보행자,여,9세,경상
2019062600100149,2019년 6월 26일 09시,수요일,부산광역시 서구 충무동1가,경상사고,0,0,1,0,차대차 - 측면충돌,안전거리미확보,젖음/습기,비,교차로 - 교차로부근,화물,남,42세,상해없음,승용,남,30세,경상
2019062600100150,2019년 6월 26일 09시,수요일,부산광역시 동래구 온천동,경상사고,0,0,1,0,차대차 - 측면충돌,안전운전불이행,젖음/습기,비,교차로 - 교차로안,화물,남,35세,상해없음,승용,남,50세,경상
2019062600100151,2019년 6월 26일 09시,수요일,부산광역시 부산진구 부전동,경상사고,0,0,1,0,차대차 - 측면충돌,신호위반,젖음/습기,비,교차로 - 교차로안,승용,남,59세,상해없음,승용,여,53세,경상
2019062600100152,2019년 6월 26일 09시,수요일,부산광역시 강서구 명지동,중상사고,0,1,0,0,차량단독 - 전도전복 - 전도,안전운전불이행,젖음/습기,비,단일로 - 기타,화물,남,45세,중상,,,,
2019062600100189,2019년 6월 26일 10시,수요일,부산광역시 금정구 서동,경상사고,0,0,1,0,차대차 - 측면충돌,기타,젖음/습기,비,교차로 - 교차로안,화물,남,62세,상해없음,원동기,남,51세,경상
2019062600100190,2019년 6월 26일 10시,수요일,부산광역시 강서구 동선동,중상사고,0,1,0,0,차량단독 - 기타,안전운전불이행,젖음/습기,비,기타 - 기타,승용,남,61세,상해없음,,,,
2019062600100262,2019년 6월 26일 12시,수요일,부산광역시 수영구 민락동,경상사고,0,0,1,0,차대사람 - 길가장자리구역통행중,안전운전불이행,젖음/습기,비,단일로 - 기타,승용,여,60세,상해없음,보행자,남,51세,경상
2019062600100263,2019년 6월 26일 12시,수요일,부산광역시 동래구 안락동,경상사고,0,0,1,0,차대사람 - 횡단중,안전운전불이행,젖음/습기,비,교차로 - 교차로부근,승용,남,69세,상해없음,보행자,여,62세,경상
2019062600100264,2019년 6월 26일 12시,수요일,부산광역시 해운대구 반여동,중상사고,0,1,2,0,차대차 - 추돌,안전거리미확보,젖음/습기,비,교차로 - 교차로부근,승용,남,51세,상해없음,승용,여,46세,중상
2019062600100265,2019년 6월 26일 12시,수요일,부산광역시 부산진구 가야동,경상사고,0,0,2,0,차대차 - 추돌,안전운전불이행,젖음/습기,비,단일로 - 기타,승용,남,56세,상해없음,승용,남,40세,경상
2019062600100304,2019년 6월 26일 13시,수요일,부산광역시 영도구 동삼동,경상사고,0,0,1,0,차대차 - 측면충돌,중앙선침범,젖음/습기,비,단일로 - 기타,승용,남,64세,상해없음,승합,남,59세,경상
2019062600100371,2019년 6월 26일 15시,수요일,부산광역시 동래구 명륜동,중상사고,0,1,0,0,차대차 - 정면충돌,안전운전불이행,건조,맑음,단일로 - 기타,승용,남,60세,상해없음,개인형이동수단(PM),남,75세,중상
2019062600100372,2019년 6월 26일 15시,수요일,부산광역시 사하구 괴정동,경상사고,0,0,1,0,차대사람 - 기타,안전운전불이행,젖음/습기,비,교차로 - 교차로부근,화물,남,24세,상해없음,보행자,여,58세,경상
2019062600100373,2019년 6월 26일 15시,수요일,부산광역시 사하구 신평동,경상사고,0,0,1,0,차대차 - 측면충돌,안전운전불이행,건조,맑음,교차로 - 교차로안,승용,여,54세,상해없음,승용,남,38세,경상
2019062600100374,2019년 6월 26일 15시,수요일,부산광역시 사상구 덕포동,중상사고,0,1,0,0,차대차 - 측면충돌,안전운전불이행,젖음/습기,비,단일로 - 기타,건설기계,남,56세,상해없음,이륜,남,34세,중상
2019062600100415,2019년 6월 26일 16시,수요일,부산광역시 부산진구 부암동,경상사고,0,0,1,0,차대사람 - 기타,안전운전불이행,건조,맑음,단일로 - 기타,승합,남,55세,상해없음,보행자,여,15세,경상
2019062600100470,2019년 6월 26일 17시,수요일,부산광역시 남구 용호동,부상신고사고,0,0,0,1,차대차 - 측면충돌,안전운전불이행,젖음/습기,비,주차장 - 주차장,자전거,남,9세,부상신고,승용,남,60세,상해없음
2019062600100471,2019년 6월 26일 17시,수요일,부산광역시 북구 구포동,중상사고,0,1,0,0,차대차 - 기타,안전운전불이행,젖음/습기,비,교차로 - 교차로안,승용,여,29세,상해없음,이륜,남,26세,중상
2019062600100472,2019년 6월 26일 17시,수요일,부산광역시 사하구 장림동,경상사고,0,0,2,0,차대차 - 기타,중앙선침범,젖음/습기,비,단일로 - 기타,화물,남,28세,상해없음,승용,남,34세,경상
2019062600100473,2019년 6월 26일 17시,수요일,부산광역시 사하구 하단동,중상사고,0,1,0,0,차대차 - 기타,안전운전불이행,건조,맑음,단일로 - 기타,이륜,남,61세,중상,화물,남,38세,상해없음
2019062600100474,2019년 6월 26일 17시,수요일,부산광역시 사상구 덕포동,중상사고,0,1,0,0,차대사람 - 기타,안전운전불이행,젖음/습기,비,단일로 - 기타,승합,남,53세,기타불명,보행자,남,15세,중상
2019062600100475,2019년 6월 26일 17시,수요일,부산광역시 강서구 대저1동,경상사고,0,0,1,0,차대차 - 추돌,안전거리미확보,젖음/습기,비,단일로 - 기타,승용,남,37세,상해없음,화물,남,34세,경상
2019062600100517,2019년 6월 26일 18시,수요일,부산광역시 수영구 민락동,경상사고,0,0,1,0,차대차 - 측면충돌,신호위반,젖음/습기,비,교차로 - 교차로안,승용,남,60세,상해없음,승용,여,29세,경상
2019062600100518,2019년 6월 26일 18시,수요일,부산광역시 영도구 동삼동,중상사고,0,1,0,0,차대사람 - 횡단중,안전운전불이행,젖음/습기,비,교차로 - 교차로안,이륜,남,80세,상해없음,보행자,여,83세,중상
2019062600100519,2019년 6월 26일 18시,수요일,부산광역시 강서구 대저1동,중상사고,0,2,0,0,차량단독 - 공작물충돌,안전운전불이행,젖음/습기,비,교차로 - 교차로부근,승용,여,56세,상해없음,,,,
2019062600100570,2019년 6월 26일 19시,수요일,부산광역시 수영구 광안동,경상사고,0,0,2,0,차대차 - 추돌,안전운전불이행,젖음/습기,비,단일로 - 터널,승용,남,56세,상해없음,승용,남,26세,상해없음
2019062600100571,2019년 6월 26일 19시,수요일,부산광역시 부산진구 가야동,경상사고,0,0,1,1,차대차 - 기타,신호위반,젖음/습기,비,교차로 - 교차로안,승용,여,56세,부상신고,승용,남,57세,경상
2019062600100572,2019년 6월 26일 19시,수요일,부산광역시 강서구 명지동,부상신고사고,0,0,0,1,차대차 - 측면충돌,안전운전불이행,젖음/습기,비,교차로 - 교차로부근,승용,여,26세,상해없음,원동기,남,47세,부상신고
2019062600100573,2019년 6월 26일 19시,수요일,부산광역시 사상구 괘법동,경상사고,0,0,1,0,차대차 - 측면충돌,안전운전불이행,젖음/습기,비,교차로 - 교차로안,승용,남,59세,상해없음,승용,남,38세,경상
2019062600100612,2019년 6월 26일 20시,수요일,부산광역시 북구 구포동,경상사고,0,0,1,0,차대차 - 측면충돌,신호위반,젖음/습기,비,교차로 - 교차로안,승용,여,55세,상해없음,승용,남,27세,경상
2019062600100613,2019년 6월 26일 20시,수요일,부산광역시 수영구 망미동,경상사고,0,0,1,0,차대사람 - 횡단중,보행자보호의무위반,젖음/습기,비,교차로 - 교차로횡단보도내,화물,남,45세,상해없음,보행자,남,66세,경상
2019062600100643,2019년 6월 26일 21시,수요일,부산광역시 서구 부용동2가,경상사고,0,0,1,0,차대차 - 추돌,안전운전불이행,젖음/습기,비,교차로 - 교차로부근,승용,남,41세,상해없음,승합,남,63세,경상
2019062600100644,2019년 6월 26일 21시,수요일,부산광역시 수영구 광안동,부상신고사고,0,0,0,1,차대차 - 기타,차로위반,건조,맑음,단일로 - 기타,승용,남,61세,상해없음,승용,남,60세,상해없음
2019062600100645,2019년 6월 26일 21시,수요일,부산광역시 강서구 대저1동,중상사고,0,1,0,0,차대사람 - 횡단중,신호위반,젖음/습기,비,교차로 - 교차로부근,화물,남,52세,상해없음,보행자,남,57세,중상
2019062600100646,2019년 6월 26일 21시,수요일,부산광역시 사상구 괘법동,경상사고,0,0,1,0,차대사람 - 횡단중,신호위반,젖음/습기,비,교차로 - 교차로부근,승용,남,53세,상해없음,보행자,여,57세,경상
2019062600100674,2019년 6월 26일 22시,수요일,부산광역시 서구 동대신동1가,경상사고,0,0,2,0,차대차 - 측면충돌,신호위반,젖음/습기,비,교차로 - 교차로안,승용,여,39세,상해없음,승용,남,60세,경상
2019062600100675,2019년 6월 26일 22시,수요일,부산광역시 동래구 낙민동,중상사고,0,1,0,0,차대차 - 측면충돌,신호위반,젖음/습기,비,교차로 - 교차로안,승합,남,50세,상해없음,이륜,남,23세,중상
2019062600100676,2019년 6월 26일 22시,수요일,부산광역시 동래구 명륜동,경상사고,0,0,1,0,차대사람 - 기타,안전운전불이행,젖음/습기,비,단일로 - 기타,자전거,남,42세,상해없음,보행자,여,51세,경상
2019062600100677,2019년 6월 26일 22시,수요일,부산광역시 부산진구 부암동,경상사고,0,0,1,0,차대사람 - 기타,기타,젖음/습기,비,교차로 - 교차로부근,승합,남,55세,상해없음,보행자,여,52세,경상
2019062600100678,2019년 6월 26일 22시,수요일,부산광역시 연제구 거제동,경상사고,0,0,4,0,차대차 - 추돌,안전운전불이행,건조,맑음,단일로 - 기타,승용,남,51세,상해없음,승용,남,47세,경상
2019062700100024,2019년 6월 27일 00시,목요일,부산광역시 서구 암남동,경상사고,0,0,2,0,차대차 - 추돌,안전거리미확보,젖음/습기,비,교차로 - 교차로안,승용,남,48세,상해없음,승용,여,58세,경상
2019062700100040,2019년 6월 27일 01시,목요일,부산광역시 북구 화명동,중상사고,0,2,0,0,차대차 - 추돌,안전운전불이행,젖음/습기,비,단일로 - 기타,승용,남,28세,상해없음,승용,여,29세,중상
2019062700100047,2019년 6월 27일 02시,목요일,부산광역시 부산진구 가야동,경상사고,0,0,1,0,차대차 - 추돌,안전운전불이행,젖음/습기,비,교차로 - 교차로부근,승용,남,50세,상해없음,승용,남,60세,경상
2019062700100058,2019년 6월 27일 04시,목요일,부산광역시 서구 부용동2가,경상사고,0,0,3,0,차대차 - 측면충돌,신호위반,젖음/습기,비,교차로 - 교차로안,승용,남,56세,상해없음,승용,남,80세,경상
2019062700100059,2019년 6월 27일 04시,목요일,부산광역시 동래구 온천동,경상사고,0,0,1,0,차대차 - 후진중충돌,안전운전불이행,젖음/습기,비,교차로 - 교차로안,승용,남,48세,상해없음,승용,남,62세,경상
2019062700100073,2019년 6월 27일 06시,목요일,부산광역시 부산진구 개금동,경상사고,0,0,3,0,차대차 - 추돌,신호위반,젖음/습기,비,단일로 - 기타,승용,여,62세,경상,승용,남,68세,경상
2019062700100074,2019년 6월 27일 06시,목요일,부산광역시 연제구 연산동,경상사고,0,0,1,0,차대사람 - 기타,안전운전불이행,젖음/습기,비,단일로 - 기타,승용,남,57세,상해없음,보행자,남,66세,경상
2019062700100088,2019년 6월 27일 07시,목요일,부산광역시 영도구 봉래동3가,경상사고,0,0,1,0,차대차 - 측면충돌,안전운전불이행,젖음/습기,비,교차로 - 교차로부근,승용,남,59세,상해없음,승용,남,35세,경상
2019062700100089,2019년 6월 27일 07시,목요일,부산광역시 사하구 장림동,경상사고,0,0,1,0,차대차 - 기타,안전운전불이행,젖음/습기,비,단일로 - 기타,화물,남,62세,상해없음,승용,남,25세,경상
2019062700100090,2019년 6월 27일 07시,목요일,부산광역시 강서구 봉림동,경상사고,0,0,1,0,차대차 - 기타,안전운전불이행,건조,맑음,단일로 - 기타,특수,남,53세,상해없음,승용,여,32세,경상
2019062700100127,2019년 6월 27일 08시,목요일,부산광역시 영도구 봉래동4가,경상사고,0,0,1,0,차대차 - 추돌,안전운전불이행,젖음/습기,비,단일로 - 기타,승용,남,52세,상해없음,승용,남,72세,경상
2019062700100128,2019년 6월 27일 08시,목요일,부산광역시 사상구 감전동,경상사고,0,0,3,0,차대차 - 추돌,안전거리미확보,젖음/습기,비,교차로 - 교차로부근,승용,남,36세,상해없음,승용,남,49세,경상
2019062700100175,2019년 6월 27일 09시,목요일,부산광역시 동래구 안락동,중상사고,0,1,0,0,차대사람 - 길가장자리구역통행중,안전운전불이행,젖음/습기,비,단일로 - 기타,승합,남,60세,기타불명,보행자,여,68세,중상
2019062700100176,2019년 6월 27일 09시,목요일,부산광역시 사상구 주례동,중상사고,0,1,0,0,차대사람 - 횡단중,신호위반,젖음/습기,비,단일로 - 기타,승용,남,70세,상해없음,보행자,여,80세,중상
2019062700100210,2019년 6월 27일 10시,목요일,부산광역시 영도구 동삼동,경상사고,0,0,1,0,차대차 - 기타,안전운전불이행,젖음/습기,흐림,교차로 - 교차로안,승합,남,56세,상해없음,승용,남,19세,경상
2019062700100211,2019년 6월 27일 10시,목요일,부산광역시 금정구 장전동,경상사고,0,0,1,0,차대차 - 측면충돌,신호위반,젖음/습기,비,교차로 - 교차로안,승용,남,46세,상해없음,승용,남,39세,경상
2019062700100264,2019년 6월 27일 12시,목요일,부산광역시 북구 만덕동,경상사고,0,0,1,0,차대차 - 기타,차로위반,건조,맑음,단일로 - 기타,승용,남,25세,상해없음,승용,남,46세,경상
2019062700100265,2019년 6월 27일 12시,목요일,부산광역시 부산진구 연지동,경상사고,0,0,1,0,차대사람 - 차도통행중,안전운전불이행,건조,맑음,단일로 - 기타,승용,여,26세,상해없음,보행자,여,52세,경상
2019062700100301,2019년 6월 27일 13시,목요일,부산광역시 금정구 서동,부상신고사고,0,0,0,1,차대사람 - 기타,안전운전불이행,건조,맑음,교차로 - 교차로부근,승용,남,71세,상해없음,보행자,남,19세,부상신고
2019062700100302,2019년 6월 27일 13시,목요일,부산광역시 사하구 신평동,경상사고,0,0,1,0,차대차 - 측면충돌,안전운전불이행,건조,맑음,교차로 - 교차로안,승용,남,55세,상해없음,승용,남,66세,경상
2019062700100332,2019년 6월 27일 14시,목요일,부산광역시 해운대구 우동,부상신고사고,0,0,0,1,차대차 - 후진중충돌,안전운전불이행,젖음/습기,비,단일로 - 기타,승용,남,50세,상해없음,화물,남,49세,부상신고
2019062700100374,2019년 6월 27일 15시,목요일,부산광역시 북구 만덕동,경상사고,0,0,1,0,차대차 - 후진중충돌,안전운전불이행,기타,기타,단일로 - 기타,화물,여,52세,상해없음,화물,남,49세,경상