사고번호,사고일시,요일,시군구,사고내용,사망자수,중상자수,경상자수,부상신고자수,사고유형,법규위반,노면상태,기상상태,도로형태,가해운전자 차종,가해운전자 성별,가해운전자 연령,가해운전자 상해정도,피해운전자 차종,피해운전자 성별,피해운전자 연령,피해운전자 상해정도
2019062700100375,2019년 6월 27일 15시,목요일,부산광역시 사하구 하단동,사망사고,1,0,0,0,차대사람 - 횡단중,보행자보호의무위반,건조,맑음,교차로 - 교차로횡단보도내,승용,여,46세,상해없음,보행자,여,70세,사망
2019062700100412,2019년 6월 27일 16시,목요일,부산광역시 사상구 덕포동,부상신고사고,0,0,0,1,차대차 - 기타,안전운전불이행,건조,맑음,단일로 - 기타,이륜,남,58세,부상신고,승용,남,61세,상해없음
2019062700100456,2019년 6월 27일 17시,목요일,부산광역시 동구 초량동,경상사고,0,0,1,0,차대사람 - 횡단중,보행자보호의무위반,건조,맑음,단일로 - 기타,승용,남,74세,상해없음,보행자,남,28세,경상
2019062700100457,2019년 6월 27일 17시,목요일,부산광역시 남구 대연동,중상사고,0,1,0,0,차대사람 - 횡단중,보행자보호의무위반,건조,맑음,교차로 - 교차로부근,승용,여,44세,상해없음,보행자,여,29세,중상
2019062700100458,2019년 6월 27일 17시,목요일,부산광역시 동래구 명륜동,경상사고,0,0,1,0,차대차 - 측면충돌,안전거리미확보,건조,맑음,단일로 - 기타,승용,남,69세,상해없음,승합,남,61세,상해없음
2019062700100459,2019년 6월 27일 17시,목요일,부산광역시 사하구 다대동,경상사고,0,0,1,0,차대차 - 기타,안전운전불이행,건조,맑음,주차장 - 주차장,승용,여,47세,상해없음,승용,남,53세,경상
2019062700100498,2019년 6월 27일 18시,목요일,부산광역시 서구 암남동,경상사고,0,0,1,0,차대차 - 정면충돌,중앙선침범,건조,흐림,단일로 - 기타,이륜,남,18세,경상,승용,남,46세,상해없음
2019062700100499,2019년 6월 27일 18시,목요일,부산광역시 동래구 명륜동,중상사고,0,1,0,0,차대사람 - 횡단중,안전운전불이행,건조,맑음,단일로 - 기타,승용,남,30세,상해없음,보행자,남,76세,중상
2019062700100546,2019년 6월 27일 19시,목요일,부산광역시 연제구 연산동,경상사고,0,0,1,0,차대차 - 측면충돌,신호위반,건조,맑음,교차로 - 교차로안,이륜,남,68세,상해없음,승용,남,57세,경상
2019062700100567,2019년 6월 27일 20시,목요일,부산광역시 남구 문현동,경상사고,0,0,1,0,차대차 - 측면충돌,안전운전불이행,건조,맑음,교차로 - 교차로부근,승용,남,29세,상해없음,승용,여,27세,경상
2019062700100568,2019년 6월 27일 20시,목요일,부산광역시 부산진구 부전동,부상신고사고,0,0,0,1,차대차 - 측면충돌,안전운전불이행,건조,맑음,기타 - 기타,이륜,남,35세,부상신고,화물,남,46세,상해없음
2019062700100593,2019년 6월 27일 21시,목요일,부산광역시 동래구 안락동,중상사고,0,1,1,0,차대차 - 측면충돌,신호위반,건조,흐림,교차로 - 교차로안,승용,남,53세,상해없음,승용,남,69세,경상
2019062700100631,2019년 6월 27일 22시,목요일,부산광역시 남구 문현동,중상사고,0,1,0,0,차대사람 - 길가장자리구역통행중,안전운전불이행,건조,맑음,단일로 - 기타,승용,여,50세,상해없음,보행자,여,61세,중상
2019062700100653,2019년 6월 27일 23시,목요일,부산광역시 남구 대연동,경상사고,0,0,1,0,차대사람 - 기타,안전운전불이행,건조,맑음,단일로 - 기타,승용,남,39세,상해없음,보행자,남,43세,경상
2019062700100654,2019년 6월 27일 23시,목요일,부산광역시 남구 대연동,경상사고,0,0,2,0,차대차 - 측면충돌,교차로운행방법위반,건조,맑음,교차로 - 교차로부근,승용,남,24세,경상,승합,남,38세,경상
2019062800100039,2019년 6월 28일 01시,금요일,부산광역시 동래구 명장동,중상사고,0,1,0,0,차량단독 - 기타,안전운전불이행,건조,흐림,단일로 - 기타,이륜,남,26세,상해없음,,,,
2019062800100049,2019년 6월 28일 02시,금요일,부산광역시 중구 신창동4가,경상사고,0,0,1,0,차대사람 - 기타,안전운전불이행,건조,맑음,단일로 - 기타,승용,여,24세,상해없음,보행자,남,27세,경상
2019062800100058,2019년 6월 28일 03시,금요일,부산광역시 사하구 신평동,경상사고,0,0,1,0,차대차 - 기타,신호위반,건조,맑음,교차로 - 교차로횡단보도내,승용,남,67세,상해없음,자전거,남,77세,경상
2019062800100075,2019년 6월 28일 05시,금요일,부산광역시 동구 초량동,중상사고,0,1,0,0,차대사람 - 기타,안전운전불이행,건조,맑음,단일로 - 기타,승용,남,67세,상해없음,보행자,남,64세,중상
2019062800100123,2019년 6월 28일 08시,금요일,부산광역시 동래구 사직동,경상사고,0,0,1,0,차대차 - 측면충돌,안전운전불이행,건조,맑음,단일로 - 기타,승용,남,59세,상해없음,자전거,남,51세,경상
2019062800100124,2019년 6월 28일 08시,금요일,부산광역시 부산진구 전포동,중상사고,0,1,0,0,차대사람 - 횡단중,안전운전불이행,건조,맑음,단일로 - 기타,승용,남,71세,상해없음,보행자,여,71세,중상
2019062800100125,2019년 6월 28일 08시,금요일,부산광역시 사하구 다대동,중상사고,0,1,3,0,차대차 - 추돌,안전운전불이행,건조,맑음,단일로 - 기타,승용,남,39세,상해없음,승용,여,47세,중상
2019062800100126,2019년 6월 28일 08시,금요일,부산광역시 사상구 학장동,경상사고,0,0,1,0,차대차 - 기타,안전운전불이행,건조,맑음,단일로 - 기타,화물,남,47세,상해없음,화물,남,33세,경상
2019062800100158,2019년 6월 28일 09시,금요일,부산광역시 동구 범일동,중상사고,0,1,0,1,차대차 - 측면충돌,안전거리미확보,건조,맑음,교차로 - 교차로부근,이륜,남,51세,부상신고,승용,여,41세,중상
2019062800100159,2019년 6월 28일 09시,금요일,부산광역시 연제구 연산동,경상사고,0,0,1,0,차대사람 - 기타,안전운전불이행,건조,맑음,교차로 - 교차로부근,승용,남,46세,상해없음,보행자,남,64세,경상
2019062800100160,2019년 6월 28일 09시,금요일,부산광역시 강서구 송정동,중상사고,0,3,3,4,차대차 - 추돌,과속,건조,맑음,교차로 - 교차로안,승합,남,57세,중상,화물,남,54세,경상
2019062800100194,2019년 6월 28일 10시,금요일,부산광역시 동래구 온천동,경상사고,0,0,1,0,차대차 - 측면충돌,교차로운행방법위반,건조,맑음,교차로 - 교차로안,자전거,남,52세,경상,승용,남,69세,상해없음
2019062800100274,2019년 6월 28일 12시,금요일,부산광역시 사상구 학장동,경상사고,0,0,1,0,차대차 - 측면충돌,안전거리미확보,건조,맑음,교차로 - 교차로부근,화물,남,65세,상해없음,승용,여,36세,경상
2019062800100309,2019년 6월 28일 13시,금요일,부산광역시 연제구 연산동,경상사고,0,0,1,0,차대사람 - 기타,기타,건조,맑음,단일로 - 기타,승용,남,53세,상해없음,보행자,남,41세,경상
2019062800100338,2019년 6월 28일 14시,금요일,부산광역시 남구 대연동,경상사고,0,0,1,0,차대사람 - 횡단중,안전운전불이행,건조,맑음,단일로 - 기타,승용,여,40세,상해없음,보행자,여,72세,경상
2019062800100339,2019년 6월 28일 14시,금요일,부산광역시 사하구 하단동,부상신고사고,0,0,0,1,차대차 - 기타,신호위반,건조,맑음,단일로 - 기타,승용,남,29세,상해없음,이륜,남,23세,부상신고
2019062800100379,2019년 6월 28일 15시,금요일,부산광역시 동구 좌천동,중상사고,0,1,0,0,차대차 - 기타,차로위반,건조,맑음,단일로 - 기타,화물,남,44세,상해없음,이륜,남,32세,중상
2019062800100380,2019년 6월 28일 15시,금요일,부산광역시 부산진구 전포동,경상사고,0,0,1,0,차대차 - 측면충돌,안전거리미확보,건조,맑음,단일로 - 고가도로위,승용,여,60세,상해없음,특수,남,49세,경상
2019062800100381,2019년 6월 28일 15시,금요일,부산광역시 연제구 연산동,중상사고,0,1,2,0,차대차 - 측면충돌,신호위반,건조,맑음,교차로 - 교차로안,이륜,남,25세,중상,승용,남,67세,경상
2019062800100427,2019년 6월 28일 16시,금요일,부산광역시 동래구 온천동,경상사고,0,0,1,0,차대차 - 측면충돌,안전운전불이행,건조,맑음,교차로 - 교차로부근,승용,남,49세,상해없음,승용,남,37세,경상
2019062800100428,2019년 6월 28일 16시,금요일,부산광역시 해운대구 재송동,경상사고,0,0,3,0,차대차 - 정면충돌,교차로운행방법위반,건조,맑음,교차로 - 교차로부근,승용,남,18세,경상,승용,남,47세,경상
2019062800100429,2019년 6월 28일 16시,금요일,부산광역시 연제구 거제동,중상사고,0,1,0,0,차대사람 - 횡단중,안전운전불이행,건조,맑음,단일로 - 기타,승합,남,63세,상해없음,보행자,여,9세,중상
2019062800100472,2019년 6월 28일 17시,금요일,부산광역시 동구 초량동,중상사고,0,1,0,0,차대차 - 측면충돌,안전운전불이행,건조,맑음,단일로 - 기타,이륜,남,22세,중상,승용,남,64세,상해없음
2019062800100473,2019년 6월 28일 17시,금요일,부산광역시 금정구 부곡동,경상사고,0,0,1,0,차대차 - 후진중충돌,안전운전불이행,건조,맑음,단일로 - 기타,승용,남,70세,상해없음,승용,남,49세,경상
2019062800100474,2019년 6월 28일 17시,금요일,부산광역시 사하구 장림동,경상사고,0,0,2,0,차대차 - 측면충돌,안전거리미확보,건조,맑음,단일로 - 기타,화물,남,47세,경상,화물,남,24세,기타불명
2019062800100475,2019년 6월 28일 17시,금요일,부산광역시 사상구 주례동,경상사고,0,0,1,0,차대차 - 측면충돌,안전운전불이행,건조,맑음,교차로 - 교차로안,승용,여,60세,상해없음,승용,여,49세,경상
2019062800100513,2019년 6월 28일 18시,금요일,부산광역시 수영구 민락동,중상사고,0,1,0,0,차대사람 - 기타,안전운전불이행,건조,맑음,단일로 - 기타,이륜,남,41세,상해없음,보행자,남,59세,중상
2019062800100514,2019년 6월 28일 18시,금요일,부산광역시 부산진구 개금동,경상사고,0,0,1,0,차대차 - 측면충돌,교차로운행방법위반,건조,맑음,교차로 - 교차로안,승용,남,29세,상해없음,승용,여,34세,경상
2019062800100515,2019년 6월 28일 18시,금요일,부산광역시 연제구 연산동,경상사고,0,0,1,0,차대차 - 기타,신호위반,건조,맑음,교차로 - 교차로안,승용,남,58세,기타불명,원동기,남,18세,경상
2019062800100560,2019년 6월 28일 19시,금요일,부산광역시 동래구 명륜동,중상사고,0,1,0,0,차대사람 - 기타,안전운전불이행,건조,맑음,단일로 - 기타,승용,남,63세,상해없음,보행자,여,27세,중상
2019062800100561,2019년 6월 28일 19시,금요일,부산광역시 동래구 온천동,경상사고,0,0,3,0,차대사람 - 기타,안전운전불이행,건조,맑음,기타 - 기타,승용,남,70세,경상,보행자,여,67세,경상
2019062800100598,2019년 6월 28일 20시,금요일,부산광역시 수영구 망미동,경상사고,0,0,1,0,차대차 - 측면충돌,안전운전불이행,건조,맑음,교차로 - 교차로부근,승용,남,59세,기타불명,승용,여,57세,경상
2019062800100599,2019년 6월 28일 20시,금요일,부산광역시 사상구 삼락동,경상사고,0,0,1,1,차대차 - 기타,안전운전불이행,건조,맑음,기타 - 기타,자전거,여,53세,경상,자전거,남,41세,부상신고
2019062800100640,2019년 6월 28일 21시,금요일,부산광역시 부산진구 부전동,중상사고,0,1,0,0,차대사람 - 기타,불법유턴,건조,맑음,교차로 - 교차로부근,승합,남,50세,상해없음,보행자,남,52세,중상
2019062800100641,2019년 6월 28일 21시,금요일,부산광역시 금정구 장전동,부상신고사고,0,0,0,1,차대차 - 측면충돌,신호위반,건조,맑음,단일로 - 기타,원동기,남,22세,부상신고,승용,남,41세,상해없음
2019062800100642,2019년 6월 28일 21시,금요일,부산광역시 연제구 연산동,중상사고,0,1,0,0,차대사람 - 보도통행중,신호위반,건조,맑음,교차로 - 교차로횡단보도내,승용,남,49세,상해없음,보행자,남,63세,중상
2019062900100052,2019년 6월 29일 01시,토요일,부산광역시 남구 용호동,중상사고,0,1,0,0,차대차 - 기타,안전운전불이행,건조,맑음,기타 - 기타,승용,남,39세,기타불명,승용,남,54세,중상
2019062900100053,2019년 6월 29일 01시,토요일,부산광역시 부산진구 범천동,경상사고,0,0,1,0,차대차 - 기타,교차로운행방법위반,건조,맑음,교차로 - 교차로안,이륜,남,26세,상해없음,이륜,남,32세,경상
2019062900100072,2019년 6월 29일 02시,토요일,부산광역시 남구 문현동,경상사고,0,0,2,0,차대차 - 기타,차로위반,건조,맑음,단일로 - 기타,이륜,남,28세,경상,승용,남,45세,경상
2019062900100073,2019년 6월 29일 02시,토요일,부산광역시 부산진구 개금동,경상사고,0,0,2,0,차대차 - 추돌,안전운전불이행,건조,맑음,교차로 - 교차로안,승용,남,25세,기타불명,승용,남,59세,경상
2019062900100074,2019년 6월 29일 02시,토요일,부산광역시 금정구 서동,중상사고,0,1,0,0,차대사람 - 기타,교차로운행방법위반,건조,맑음,교차로 - 교차로부근,승용,남,54세,상해없음,보행자,여,51세,중상
2019062900100112,2019년 6월 29일 05시,토요일,부산광역시 해운대구 우동,중상사고,0,1,0,0,차대차 - 측면충돌,신호위반,건조,맑음,교차로 - 교차로안,승용,여,34세,상해없음,이륜,남,41세,중상
2019062900100121,2019년 6월 29일 06시,토요일,부산광역시 동래구 안락동,경상사고,0,0,1,0,차대차 - 기타,신호위반,건조,맑음,교차로 - 교차로안,승용,남,54세,상해없음,승용,남,65세,경상
2019062900100122,2019년 6월 29일 06시,토요일,부산광역시 사상구 감전동,부상신고사고,0,0,0,1,차대차 - 측면충돌,직진우회전진행방해,건조,맑음,교차로 - 교차로안,이륜,남,18세,부상신고,화물,남,56세,상해없음
2019062900100153,2019년 6월 29일 08시,토요일,부산광역시 서구 서대신동2가,경상사고,0,0,3,0,차대차 - 측면충돌,중앙선침범,젖음/습기,비,단일로 - 기타,화물,남,35세,상해없음,승용,남,65세,경상
2019062900100168,2019년 6월 29일 09시,토요일,부산광역시 금정구 장전동,경상사고,0,0,1,0,차대차 - 측면충돌,안전운전불이행,건조,맑음,교차로 - 교차로부근,승용,남,67세,기타불명,승합,남,55세,경상
2019062900100195,2019년 6월 29일 10시,토요일,부산광역시 수영구 민락동,부상신고사고,0,0,0,1,차대차 - 기타,안전운전불이행,젖음/습기,맑음,단일로 - 기타,이륜,남,57세,부상신고,승합,남,49세,상해없음
2019062900100292,2019년 6월 29일 13시,토요일,부산광역시 중구 보수동1가,경상사고,0,0,2,0,차대차 - 측면충돌,안전운전불이행,젖음/습기,비,단일로 - 기타,승용,여,58세,상해없음,승용,남,43세,경상
2019062900100293,2019년 6월 29일 13시,토요일,부산광역시 남구 대연동,중상사고,0,1,0,0,차대사람 - 차도통행중,안전운전불이행,젖음/습기,비,교차로 - 교차로안,승용,남,61세,상해없음,보행자,여,81세,중상
2019062900100294,2019년 6월 29일 13시,토요일,부산광역시 해운대구 반여동,경상사고,0,0,3,0,차대차 - 추돌,안전운전불이행,젖음/습기,비,단일로 - 기타,승용,남,55세,상해없음,승용,여,56세,경상
2019062900100327,2019년 6월 29일 14시,토요일,부산광역시 동래구 사직동,경상사고,0,0,2,0,차대차 - 측면충돌,안전운전불이행,건조,맑음,단일로 - 기타,승용,남,29세,상해없음,승용,남,46세,경상
2019062900100328,2019년 6월 29일 14시,토요일,부산광역시 부산진구 연지동,경상사고,0,0,1,0,차대차 - 측면충돌,안전운전불이행,젖음/습기,비,단일로 - 고가도로위,화물,남,61세,상해없음,승용,남,50세,경상
2019062900100378,2019년 6월 29일 15시,토요일,부산광역시 동래구 온천동,중상사고,0,1,0,0,차대차 - 추돌,안전운전불이행,건조,맑음,교차로 - 교차로안,승용,남,78세,상해없음,이륜,남,49세,중상
2019062900100409,2019년 6월 29일 16시,토요일,부산광역시 서구 남부민동,경상사고,0,0,1,0,차대사람 - 횡단중,보행자보호의무위반,젖음/습기,비,단일로 - 기타,승용,여,54세,상해없음,보행자,남,62세,경상
2019062900100410,2019년 6월 29일 16시,토요일,부산광역시 수영구 수영동,경상사고,0,0,4,0,차대차 - 기타,차로위반,젖음/습기,비,단일로 - 기타,화물,남,64세,상해없음,승용,남,39세,경상
2019062900100452,2019년 6월 29일 17시,토요일,부산광역시 동래구 안락동,경상사고,0,0,1,0,차대차 - 기타,안전운전불이행,젖음/습기,비,교차로 - 교차로부근,원동기,남,23세,경상,승용,남,67세,상해없음
2019062900100453,2019년 6월 29일 17시,토요일,부산광역시 동래구 명장동,경상사고,0,0,1,0,차대차 - 기타,안전운전불이행,건조,맑음,단일로 - 기타,승용,남,53세,상해없음,승용,남,25세,경상
2019062900100454,2019년 6월 29일 17시,토요일,부산광역시 금정구 금사동,부상신고사고,0,0,0,1,차대차 - 기타,차로위반,젖음/습기,비,단일로 - 기타,기타불명,기타불명,미분류,기타불명,승용,남,47세,부상신고
2019062900100455,2019년 6월 29일 17시,토요일,부산광역시 사하구 괴정동,부상신고사고,0,0,0,1,차대차 - 기타,직진우회전진행방해,젖음/습기,비,교차로 - 교차로안,원동기,남,26세,부상신고,승용,남,38세,상해없음
2019062900100456,2019년 6월 29일 17시,토요일,부산광역시 금정구 노포동,경상사고,0,0,5,0,차대차 - 추돌,안전거리미확보,젖음/습기,비,단일로 - 기타,승합,남,36세,상해없음,승용,여,50세,경상
2019062900100499,2019년 6월 29일 18시,토요일,부산광역시 해운대구 반여동,경상사고,0,0,2,0,차대차 - 기타,중앙선침범,젖음/습기,비,교차로 - 교차로부근,승용,남,52세,상해없음,승용,남,23세,경상
2019062900100500,2019년 6월 29일 18시,토요일,부산광역시 사하구 하단동,경상사고,0,0,1,0,차대사람 - 기타,안전운전불이행,젖음/습기,비,단일로 - 기타,승용,남,54세,상해없음,보행자,남,31세,경상
2019062900100501,2019년 6월 29일 18시,토요일,부산광역시 사상구 모라동,경상사고,0,0,1,0,차대차 - 기타,안전운전불이행,건조,맑음,교차로 - 교차로부근,승용,남,67세,상해없음,승합,남,53세,경상
2019062900100528,2019년 6월 29일 19시,토요일,부산광역시 부산진구 당감동,경상사고,0,0,1,0,차대사람 - 기타,안전운전불이행,젖음/습기,비,교차로 - 교차로부근,승용,남,58세,상해없음,보행자,남,31세,경상
2019062900100529,2019년 6월 29일 19시,토요일,부산광역시 연제구 연산동,경상사고,0,0,1,0,차대차 - 측면충돌,안전거리미확보,젖음/습기,비,단일로 - 기타,승용,남,70세,상해없음,승용,남,51세,경상
2019062900100530,2019년 6월 29일 19시,토요일,부산광역시 사상구 감전동,부상신고사고,0,0,0,1,차대차 - 기타,안전운전불이행,젖음/습기,비,교차로 - 교차로부근,승용,남,51세,상해없음,이륜,남,19세,부상신고
2019062900100531,2019년 6월 29일 19시,토요일,부산광역시 사상구 주례동,경상사고,0,0,1,0,차대차 - 기타,안전운전불이행,젖음/습기,비,단일로 - 기타,승용,여,46세,상해없음,이륜,남,29세,경상
2019062900100554,2019년 6월 29일 20시,토요일,부산광역시 중구 대청동4가,경상사고,0,0,1,0,차대차 - 측면충돌,안전운전불이행,젖음/습기,비,교차로 - 교차로부근,승용,남,60세,상해없음,이륜,남,47세,경상
2019062900100555,2019년 6월 29일 20시,토요일,부산광역시 북구 구포동,경상사고,0,0,1,0,차대차 - 추돌,안전거리미확보,건조,맑음,교차로 - 교차로안,승용,남,31세,상해없음,승용,남,78세,경상
2019062900100556,2019년 6월 29일 20시,토요일,부산광역시 사상구 괘법동,경상사고,0,0,1,0,차대사람 - 기타,안전운전불이행,젖음/습기,비,단일로 - 기타,화물,남,49세,상해없음,보행자,남,54세,경상
2019062900100640,2019년 6월 29일 23시,토요일,부산광역시 사하구 신평동,경상사고,0,0,1,0,차대사람 - 기타,안전운전불이행,건조,맑음,단일로 - 지하차도(도로)내,승용,남,48세,상해없음,보행자,여,24세,경상
2019063000100024,2019년 6월 30일 00시,일요일,부산광역시 해운대구 송정동,중상사고,0,1,1,0,차대차 - 기타,신호위반,젖음/습기,비,교차로 - 교차로안,승용,남,62세,중상,승용,남,42세,경상
2019063000100038,2019년 6월 30일 01시,일요일,부산광역시 사하구 하단동,중상사고,0,1,0,0,차대차 - 기타,신호위반,건조,맑음,교차로 - 교차로부근,승용,남,63세,상해없음,이륜,남,25세,중상
2019063000100081,2019년 6월 30일 05시,일요일,부산광역시 사하구 하단동,경상사고,0,0,1,0,차대차 - 추돌,안전운전불이행,건조,맑음,교차로 - 교차로부근,승용,남,34세,상해없음,승용,남,70세,경상
2019063000100119,2019년 6월 30일 09시,일요일,부산광역시 해운대구 중동,경상사고,0,0,2,0,차대차 - 측면충돌,중앙선침범,건조,맑음,단일로 - 기타,승용,남,23세,상해없음,승용,여,57세,경상
2019063000100132,2019년 6월 30일 10시,일요일,부산광역시 해운대구 재송동,중상사고,0,1,0,0,차대차 - 정면충돌,중앙선침범,건조,맑음,단일로 - 기타,승용,남,58세,상해없음,이륜,남,33세,중상
2019063000100177,2019년 6월 30일 12시,일요일,부산광역시 남구 문현동,경상사고,0,0,1,0,차대사람 - 횡단중,신호위반,건조,흐림,교차로 - 교차로안,승용,여,50세,상해없음,보행자,남,78세,경상
2019063000100178,2019년 6월 30일 12시,일요일,부산광역시 남구 문현동,중상사고,0,1,0,0,차대사람 - 기타,안전운전불이행,건조,흐림,단일로 - 기타,승합,남,54세,상해없음,보행자,남,5세,중상
2019063000100179,2019년 6월 30일 12시,일요일,부산광역시 사하구 다대동,경상사고,0,0,1,0,차대차 - 추돌,안전거리미확보,건조,맑음,단일로 - 기타,승용,남,29세,상해없음,승용,여,53세,경상
2019063000100212,2019년 6월 30일 13시,일요일,부산광역시 북구 금곡동,경상사고,0,0,1,0,차대사람 - 횡단중,보행자보호의무위반,건조,맑음,교차로 - 교차로횡단보도내,승용,남,56세,상해없음,보행자,여,60세,경상
2019063000100239,2019년 6월 30일 14시,일요일,부산광역시 영도구 동삼동,중상사고,0,1,0,0,차대차 - 기타,중앙선침범,건조,맑음,단일로 - 기타,승용,남,55세,상해없음,이륜,남,54세,중상
2019063000100240,2019년 6월 30일 14시,일요일,부산광역시 부산진구 양정동,경상사고,0,0,1,0,차대차 - 기타,안전운전불이행,건조,맑음,단일로 - 기타,승용,여,53세,상해없음,이륜,남,48세,경상
2019063000100262,2019년 6월 30일 15시,일요일,부산광역시 남구 대연동,경상사고,0,0,4,0,차대차 - 추돌,안전운전불이행,건조,맑음,교차로 - 교차로안,승용,여,45세,상해없음,승용,남,45세,경상
2019063000100263,2019년 6월 30일 15시,일요일,부산광역시 수영구 민락동,중상사고,0,1,0,0,차대차 - 기타,안전운전불이행,건조,맑음,단일로 - 기타,자전거,여,45세,중상,자전거,기타불명,미분류,기타불명
2019063000100264,2019년 6월 30일 15시,일요일,부산광역시 영도구 동삼동,경상사고,0,0,2,0,차대차 - 추돌,안전운전불이행,건조,맑음,교차로 - 교차로안,승용,남,76세,상해없음,승용,남,34세,경상
2019063000100288,2019년 6월 30일 16시,일요일,부산광역시 사상구 학장동,경상사고,0,0,1,0,차대차 - 측면충돌,차로위반,건조,맑음,단일로 - 기타,승용,남,47세,상해없음,화물,남,43세,경상
2019063000100319,2019년 6월 30일 17시,일요일,부산광역시 남구 대연동,경상사고,0,0,1,0,차대차 - 기타,안전운전불이행,건조,맑음,교차로 - 교차로안,이륜,남,24세,상해없음,이륜,남,28세,경상
2019063000100320,2019년 6월 30일 17시,일요일,부산광역시 영도구 동삼동,중상사고,0,1,0,0,차대차 - 측면충돌,안전운전불이행,건조,맑음,단일로 - 기타,승용,남,66세,상해없음,이륜,남,48세,중상
2019063000100321,2019년 6월 30일 17시,일요일,부산광역시 금정구 회동동,경상사고,0,0,5,0,차대차 - 추돌,안전거리미확보,건조,맑음,기타 - 기타,승용,남,54세,상해없음,승용,남,36세,경상
2019063000100322,2019년 6월 30일 17시,일요일,부산광역시 강서구 천성동,중상사고,0,3,0,0,차대차 - 측면충돌,과속,건조,맑음,교차로 - 교차로안,승용,여,56세,중상,승용,남,43세,중상
2019063000100348,2019년 6월 30일 18시,일요일,부산광역시 영도구 동삼동,경상사고,0,0,1,1,차대차 - 측면충돌,안전운전불이행,건조,맑음,단일로 - 기타,이륜,남,46세,부상신고,승용,여,45세,경상
2019063000100349,2019년 6월 30일 18시,일요일,부산광역시 수영구 수영동,중상사고,0,1,0,0,차대사람 - 기타,안전운전불이행,건조,맑음,단일로 - 기타,자전거,남,32세,상해없음,보행자,남,72세,중상
2019063000100350,2019년 6월 30일 18시,일요일,부산광역시 강서구 대저2동,경상사고,0,0,1,0,차대차 - 추돌,안전운전불이행,건조,맑음,교차로 - 교차로부근,승용,남,65세,상해없음,승용,남,28세,경상
2019063000100387,2019년 6월 30일 20시,일요일,부산광역시 북구 덕천동,경상사고,0,0,1,0,차대사람 - 기타,안전운전불이행,건조,맑음,단일로 - 기타,화물,남,57세,상해없음,보행자,남,59세,경상
2019063000100388,2019년 6월 30일 20시,일요일,부산광역시 사상구 감전동,중상사고,0,1,0,0,차대차 - 기타,안전운전불이행,건조,맑음,교차로 - 교차로안,승용,남,34세,상해없음,이륜,남,27세,중상
2019063000100410,2019년 6월 30일 21시,일요일,부산광역시 사상구 괘법동,부상신고사고,0,0,0,1,차대사람 - 횡단중,안전운전불이행,건조,맑음,기타 - 기타,승용,여,55세,상해없음,보행자,남,58세,부상신고
2019063000100434,2019년 6월 30일 22시,일요일,부산광역시 금정구 장전동,중상사고,0,1,0,0,차대사람 - 차도통행중,안전운전불이행,건조,맑음,교차로 - 교차로안,승용,여,68세,상해없음,보행자,남,84세,중상
2019063000100444,2019년 6월 30일 23시,일요일,부산광역시 강서구 송정동,중상사고,0,1,0,0,차대차 - 기타,신호위반,건조,맑음,교차로 - 교차로안,승용,여,60세,상해없음,승용,남,38세,중상
2019070100100057,2019년 7월 1일 04시,월요일,부산광역시 동구 초량동,중상사고,0,1,0,0,차대사람 - 보도통행중,안전운전불이행,건조,맑음,교차로 - 교차로안,승합,남,50세,상해없음,보행자,여,62세,중상
2019070100100094,2019년 7월 1일 07시,월요일,부산광역시 부산진구 부전동,경상사고,0,0,1,0,차대차 - 기타,안전운전불이행,건조,맑음,단일로 - 기타,승용,여,64세,상해없음,승용,남,61세,경상
2019070100100095,2019년 7월 1일 07시,월요일,부산광역시 수영구 망미동,경상사고,0,0,1,0,차대사람 - 기타,안전운전불이행,건조,맑음,단일로 - 기타,승용,여,57세,상해없음,보행자,남,72세,경상
2019070100100123,2019년 7월 1일 08시,월요일,부산광역시 기장군 정관읍,경상사고,0,0,1,0,차대차 - 기타,차로위반,건조,맑음,단일로 - 기타,화물,남,55세,상해없음,승용,여,58세,경상
2019070100100177,2019년 7월 1일 09시,월요일,부산광역시 서구 부용동2가,경상사고,0,0,1,0,차대차 - 측면충돌,안전운전불이행,건조,맑음,단일로 - 기타,이륜,남,87세,경상,승용,남,56세,상해없음
2019070100100178,2019년 7월 1일 09시,월요일,부산광역시 영도구 신선동1가,경상사고,0,0,1,0,차대차 - 측면충돌,교차로운행방법위반,건조,맑음,교차로 - 교차로안,승용,여,50세,상해없음,승용,남,70세,상해없음
2019070100100179,2019년 7월 1일 09시,월요일,부산광역시 부산진구 가야동,경상사고,0,0,1,0,차대차 - 기타,안전운전불이행,건조,맑음,단일로 - 기타,승용,남,76세,상해없음,화물,남,49세,상해없음
2019070100100219,2019년 7월 1일 10시,월요일,부산광역시 남구 대연동,경상사고,0,0,1,0,차대차 - 측면충돌,안전거리미확보,건조,맑음,단일로 - 기타,승용,여,49세,상해없음,승용,남,55세,경상
2019070100100220,2019년 7월 1일 10시,월요일,부산광역시 해운대구 반송동,중상사고,0,1,0,0,차대차 - 기타,안전거리미확보,건조,맑음,단일로 - 기타,화물,남,40세,상해없음,승용,남,58세,중상
2019070100100221,2019년 7월 1일 10시,월요일,부산광역시 해운대구 우동,경상사고,0,0,1,0,차대차 - 추돌,안전거리미확보,건조,맑음,단일로 - 기타,승용,남,69세,상해없음,승용,남,28세,경상