사고번호,사고일시,요일,시군구,사고내용,사망자수,중상자수,경상자수,부상신고자수,사고유형,법규위반,노면상태,기상상태,도로형태,가해운전자 차종,가해운전자 성별,가해운전자 연령,가해운전자 상해정도,피해운전자 차종,피해운전자 성별,피해운전자 연령,피해운전자 상해정도
2019072700100383,2019년 7월 27일 15시,토요일,부산광역시 남구 문현동,경상사고,0,0,3,0,차대차 - 측면충돌,신호위반,젖음/습기,흐림,교차로 - 교차로안,승용,남,77세,상해없음,승용,남,52세,경상
2019072700100447,2019년 7월 27일 17시,토요일,부산광역시 동래구 낙민동,경상사고,0,0,1,0,차대차 - 추돌,안전거리미확보,젖음/습기,비,단일로 - 기타,승용,남,44세,상해없음,원동기,남,28세,경상
2019072700100522,2019년 7월 27일 19시,토요일,부산광역시 남구 대연동,경상사고,0,0,1,0,차대차 - 측면충돌,안전운전불이행,젖음/습기,비,단일로 - 기타,승용,남,42세,상해없음,이륜,남,38세,경상
2019072700100523,2019년 7월 27일 19시,토요일,부산광역시 해운대구 재송동,경상사고,0,0,1,0,차대차 - 측면충돌,안전운전불이행,젖음/습기,비,교차로 - 교차로부근,승용,남,26세,상해없음,승용,여,50세,경상
2019072700100524,2019년 7월 27일 19시,토요일,부산광역시 사하구 하단동,경상사고,0,0,1,0,차대사람 - 횡단중,안전운전불이행,젖음/습기,흐림,교차로 - 교차로안,승용,남,50세,상해없음,보행자,남,52세,경상
2019072700100552,2019년 7월 27일 20시,토요일,부산광역시 동래구 사직동,중상사고,0,1,0,0,차대차 - 기타,안전거리미확보,젖음/습기,흐림,단일로 - 기타,승용,여,46세,상해없음,원동기,남,21세,중상
2019072700100553,2019년 7월 27일 20시,토요일,부산광역시 부산진구 부전동,경상사고,0,0,1,0,차대사람 - 차도통행중,안전운전불이행,건조,맑음,단일로 - 기타,승용,남,23세,기타불명,보행자,여,20세,경상
2019072700100588,2019년 7월 27일 21시,토요일,부산광역시 사하구 하단동,경상사고,0,0,1,0,차대사람 - 차도통행중,기타,건조,맑음,교차로 - 교차로안,승용,남,61세,상해없음,보행자,남,62세,경상
2019072700100589,2019년 7월 27일 21시,토요일,부산광역시 기장군 철마면,부상신고사고,0,0,0,1,차량단독 - 도로외이탈 - 기타,안전운전불이행,젖음/습기,비,단일로 - 기타,승합,남,77세,부상신고,,,,
2019072700100619,2019년 7월 27일 22시,토요일,부산광역시 동래구 온천동,중상사고,0,1,0,0,차대사람 - 차도통행중,안전운전불이행,젖음/습기,흐림,교차로 - 교차로안,승용,여,39세,상해없음,보행자,남,54세,중상
2019072700100620,2019년 7월 27일 22시,토요일,부산광역시 동래구 사직동,경상사고,0,0,1,0,차대차 - 측면충돌,안전거리미확보,건조,맑음,교차로 - 교차로안,승합,남,53세,상해없음,원동기,남,20세,경상
2019072700100621,2019년 7월 27일 22시,토요일,부산광역시 동래구 온천동,경상사고,0,0,1,0,차대차 - 기타,안전운전불이행,건조,맑음,단일로 - 기타,승용,여,64세,상해없음,승용,여,24세,경상
2019072700100622,2019년 7월 27일 22시,토요일,부산광역시 연제구 연산동,경상사고,0,0,1,0,차대차 - 측면충돌,안전거리미확보,건조,맑음,단일로 - 기타,승용,남,25세,상해없음,이륜,남,24세,경상
2019072800100018,2019년 7월 28일 00시,일요일,부산광역시 해운대구 중동,경상사고,0,0,1,0,차대사람 - 기타,안전운전불이행,건조,맑음,교차로 - 교차로안,승용,남,28세,상해없음,보행자,남,39세,경상
2019072800100019,2019년 7월 28일 00시,일요일,부산광역시 부산진구 범천동,중상사고,0,1,0,0,차대차 - 기타,신호위반,건조,맑음,교차로 - 교차로안,승용,남,32세,상해없음,승용,남,55세,상해없음
2019072800100020,2019년 7월 28일 00시,일요일,부산광역시 연제구 연산동,중상사고,0,1,0,0,차대차 - 정면충돌,중앙선침범,건조,맑음,교차로 - 교차로횡단보도내,자전거,여,31세,중상,승용,남,56세,상해없음
2019072800100050,2019년 7월 28일 02시,일요일,부산광역시 부산진구 당감동,사망사고,1,0,0,0,차량단독 - 기타,안전운전불이행,건조,맑음,단일로 - 기타,이륜,남,54세,사망,,,,
2019072800100062,2019년 7월 28일 03시,일요일,부산광역시 영도구 신선동2가,중상사고,0,1,0,0,차대사람 - 길가장자리구역통행중,안전운전불이행,건조,맑음,단일로 - 기타,승용,남,52세,상해없음,보행자,남,45세,중상
2019072800100084,2019년 7월 28일 06시,일요일,부산광역시 기장군 정관읍,중상사고,0,1,0,0,차대차 - 측면충돌,안전운전불이행,건조,맑음,교차로 - 교차로부근,승용,남,24세,상해없음,승용,여,30세,상해없음
2019072800100139,2019년 7월 28일 11시,일요일,부산광역시 기장군 정관읍,경상사고,0,0,1,0,차대차 - 추돌,신호위반,건조,맑음,단일로 - 기타,승용,여,38세,상해없음,승용,남,46세,경상
2019072800100156,2019년 7월 28일 12시,일요일,부산광역시 서구 동대신동2가,경상사고,0,0,1,0,차대차 - 측면충돌,차로위반,건조,맑음,단일로 - 기타,승용,여,53세,경상,화물,남,43세,상해없음
2019072800100157,2019년 7월 28일 12시,일요일,부산광역시 해운대구 우동,경상사고,0,0,1,0,차대차 - 기타,신호위반,건조,맑음,단일로 - 기타,승용,남,35세,상해없음,이륜,남,20세,경상
2019072800100158,2019년 7월 28일 12시,일요일,부산광역시 사하구 당리동,경상사고,0,0,1,0,차대사람 - 기타,기타,건조,맑음,단일로 - 기타,승용,남,36세,상해없음,보행자,여,12세,경상
2019072800100177,2019년 7월 28일 13시,일요일,부산광역시 연제구 연산동,중상사고,0,1,0,0,차대차 - 기타,안전운전불이행,건조,맑음,단일로 - 기타,승용,남,43세,상해없음,승용,여,28세,중상
2019072800100201,2019년 7월 28일 14시,일요일,부산광역시 연제구 거제동,중상사고,0,1,0,0,차대사람 - 횡단중,보행자보호의무위반,건조,맑음,교차로 - 교차로횡단보도내,승용,남,45세,상해없음,보행자,여,22세,중상
2019072800100229,2019년 7월 28일 15시,일요일,부산광역시 서구 동대신동2가,경상사고,0,0,1,0,차대차 - 측면충돌,안전운전불이행,건조,맑음,교차로 - 교차로안,원동기,남,26세,경상,승합,남,49세,상해없음
2019072800100230,2019년 7월 28일 15시,일요일,부산광역시 사하구 당리동,경상사고,0,0,1,0,차대차 - 기타,안전운전불이행,건조,맑음,교차로 - 교차로횡단보도내,승용,남,63세,상해없음,이륜,남,40세,경상
2019072800100283,2019년 7월 28일 17시,일요일,부산광역시 동구 초량동,경상사고,0,0,1,0,차대차 - 추돌,안전운전불이행,건조,맑음,교차로 - 교차로안,승용,남,57세,상해없음,이륜,남,42세,경상
2019072800100339,2019년 7월 28일 19시,일요일,부산광역시 서구 충무동1가,중상사고,0,1,0,0,차대사람 - 횡단중,신호위반,건조,맑음,단일로 - 기타,이륜,남,18세,상해없음,보행자,남,39세,중상
2019072800100340,2019년 7월 28일 19시,일요일,부산광역시 서구 암남동,경상사고,0,0,2,0,차대차 - 추돌,안전운전불이행,건조,맑음,단일로 - 기타,승용,여,42세,상해없음,승용,남,29세,경상
2019072800100341,2019년 7월 28일 19시,일요일,부산광역시 남구 문현동,경상사고,0,0,1,0,차대차 - 기타,안전운전불이행,건조,맑음,단일로 - 기타,승용,남,33세,상해없음,이륜,남,16세,경상
2019072800100367,2019년 7월 28일 20시,일요일,부산광역시 해운대구 좌동,부상신고사고,0,0,0,1,차대차 - 측면충돌,안전운전불이행,건조,맑음,교차로 - 교차로부근,이륜,남,55세,부상신고,승용,남,57세,상해없음
2019072800100368,2019년 7월 28일 20시,일요일,부산광역시 해운대구 반여동,경상사고,0,0,1,0,차대차 - 측면충돌,교차로운행방법위반,건조,맑음,교차로 - 교차로안,승용,남,72세,상해없음,이륜,남,44세,경상
2019072800100369,2019년 7월 28일 20시,일요일,부산광역시 연제구 연산동,부상신고사고,0,0,0,1,차대사람 - 횡단중,보행자보호의무위반,건조,맑음,교차로 - 교차로횡단보도내,승용,여,51세,상해없음,보행자,남,72세,부상신고
2019072800100390,2019년 7월 28일 21시,일요일,부산광역시 해운대구 중동,경상사고,0,0,1,0,차대차 - 측면충돌,안전운전불이행,건조,맑음,교차로 - 교차로안,승용,여,41세,상해없음,승용,남,32세,경상
2019072800100408,2019년 7월 28일 22시,일요일,부산광역시 해운대구 재송동,중상사고,0,3,0,0,차대차 - 추돌,안전운전불이행,젖음/습기,비,교차로 - 교차로부근,승용,남,39세,상해없음,승용,여,40세,중상
2019072800100423,2019년 7월 28일 23시,일요일,부산광역시 중구 중앙동4가,경상사고,0,0,1,0,차대차 - 측면충돌,신호위반,건조,맑음,교차로 - 교차로안,승용,남,20세,상해없음,승용,남,39세,상해없음
2019072800100424,2019년 7월 28일 23시,일요일,부산광역시 부산진구 가야동,중상사고,0,1,0,0,차대차 - 측면충돌,교차로운행방법위반,건조,맑음,교차로 - 교차로안,승용,여,56세,기타불명,이륜,남,37세,중상
2019072800100425,2019년 7월 28일 23시,일요일,부산광역시 연제구 연산동,경상사고,0,0,1,0,차대사람 - 차도통행중,안전운전불이행,건조,맑음,단일로 - 기타,승용,여,51세,상해없음,보행자,남,38세,경상
2019072900100057,2019년 7월 29일 04시,월요일,부산광역시 강서구 신호동,경상사고,0,0,1,0,차대차 - 추돌,안전운전불이행,건조,맑음,교차로 - 교차로안,승용,남,50세,상해없음,자전거,남,40세,경상
2019072900100170,2019년 7월 29일 10시,월요일,부산광역시 해운대구 재송동,경상사고,0,0,1,0,차대차 - 측면충돌,안전거리미확보,젖음/습기,비,단일로 - 기타,승용,남,56세,상해없음,승용,남,62세,경상
2019072900100211,2019년 7월 29일 11시,월요일,부산광역시 동래구 명륜동,경상사고,0,0,1,0,차대차 - 기타,안전운전불이행,건조,맑음,기타 - 기타,이륜,남,25세,경상,화물,남,35세,상해없음
2019072900100212,2019년 7월 29일 11시,월요일,부산광역시 사상구 삼락동,중상사고,0,1,0,0,차대사람 - 보도통행중,기타,건조,맑음,단일로 - 기타,승용,여,56세,상해없음,보행자,여,57세,중상
2019072900100243,2019년 7월 29일 12시,월요일,부산광역시 동래구 안락동,경상사고,0,0,2,0,차대차 - 측면충돌,안전운전불이행,건조,맑음,교차로 - 교차로안,승용,여,38세,상해없음,승용,여,52세,경상
2019072900100244,2019년 7월 29일 12시,월요일,부산광역시 연제구 거제동,경상사고,0,0,1,0,차대차 - 후진중충돌,안전운전불이행,건조,맑음,단일로 - 기타,승용,남,63세,상해없음,승용,남,64세,경상
2019072900100245,2019년 7월 29일 12시,월요일,부산광역시 기장군 정관읍,중상사고,0,1,0,0,차대차 - 추돌,안전운전불이행,건조,맑음,교차로 - 교차로부근,건설기계,남,57세,상해없음,화물,남,48세,중상
2019072900100273,2019년 7월 29일 13시,월요일,부산광역시 동구 범일동,중상사고,0,1,0,0,차대사람 - 횡단중,보행자보호의무위반,건조,맑음,단일로 - 기타,승용,여,61세,상해없음,보행자,여,6세,중상
2019072900100274,2019년 7월 29일 13시,월요일,부산광역시 해운대구 반여동,부상신고사고,0,0,0,1,차대차 - 측면충돌,교차로운행방법위반,건조,맑음,교차로 - 교차로안,승용,남,65세,상해없음,이륜,남,64세,부상신고
2019072900100314,2019년 7월 29일 14시,월요일,부산광역시 수영구 광안동,경상사고,0,0,1,0,차대차 - 측면충돌,교차로운행방법위반,건조,맑음,교차로 - 교차로안,이륜,남,20세,경상,승용,여,28세,상해없음
2019072900100315,2019년 7월 29일 14시,월요일,부산광역시 북구 만덕동,경상사고,0,0,1,0,차대차 - 기타,안전거리미확보,건조,맑음,단일로 - 기타,화물,남,68세,상해없음,승용,남,59세,경상
2019072900100316,2019년 7월 29일 14시,월요일,부산광역시 연제구 연산동,중상사고,0,1,0,0,차대차 - 기타,안전운전불이행,건조,맑음,교차로 - 교차로부근,승용,여,42세,상해없음,이륜,남,43세,중상
2019072900100362,2019년 7월 29일 15시,월요일,부산광역시 해운대구 중동,경상사고,0,0,2,0,차대차 - 추돌,안전운전불이행,건조,맑음,단일로 - 기타,승용,남,43세,상해없음,승용,남,27세,경상
2019072900100363,2019년 7월 29일 15시,월요일,부산광역시 금정구 부곡동,경상사고,0,0,1,0,차대사람 - 횡단중,안전운전불이행,건조,맑음,교차로 - 교차로부근,승용,남,39세,상해없음,보행자,여,49세,경상
2019072900100364,2019년 7월 29일 15시,월요일,부산광역시 사상구 학장동,경상사고,0,0,4,0,차대차 - 측면충돌,교차로운행방법위반,건조,맑음,단일로 - 기타,승용,남,59세,상해없음,승용,여,33세,경상
2019072900100365,2019년 7월 29일 15시,월요일,부산광역시 기장군 정관읍,경상사고,0,0,1,0,차대차 - 측면충돌,안전운전불이행,건조,맑음,교차로 - 교차로부근,승용,여,32세,상해없음,자전거,남,10세,경상
2019072900100411,2019년 7월 29일 16시,월요일,부산광역시 남구 대연동,경상사고,0,0,1,0,차대차 - 추돌,안전운전불이행,건조,맑음,단일로 - 고가도로위,화물,남,51세,상해없음,승용,남,57세,경상
2019072900100412,2019년 7월 29일 16시,월요일,부산광역시 부산진구 전포동,경상사고,0,0,1,0,차대차 - 측면충돌,안전운전불이행,건조,맑음,교차로 - 교차로안,승합,남,71세,상해없음,승용,여,34세,경상
2019072900100413,2019년 7월 29일 16시,월요일,부산광역시 금정구 회동동,경상사고,0,0,2,0,차대차 - 추돌,안전거리미확보,건조,맑음,단일로 - 기타,승용,남,42세,상해없음,승용,남,53세,경상
2019072900100458,2019년 7월 29일 17시,월요일,부산광역시 서구 암남동,경상사고,0,0,1,0,차대차 - 추돌,기타,건조,맑음,단일로 - 기타,화물,남,56세,상해없음,화물,남,50세,기타불명
2019072900100459,2019년 7월 29일 17시,월요일,부산광역시 수영구 광안동,중상사고,0,1,0,0,차대사람 - 기타,안전운전불이행,건조,맑음,단일로 - 기타,이륜,남,28세,상해없음,보행자,남,76세,중상
2019072900100460,2019년 7월 29일 17시,월요일,부산광역시 남구 대연동,경상사고,0,0,1,0,차대차 - 추돌,안전운전불이행,건조,맑음,단일로 - 기타,화물,남,38세,상해없음,승용,여,46세,경상
2019072900100500,2019년 7월 29일 18시,월요일,부산광역시 남구 문현동,경상사고,0,0,1,0,차대사람 - 길가장자리구역통행중,안전운전불이행,건조,맑음,단일로 - 기타,승용,남,51세,상해없음,보행자,남,85세,경상
2019072900100501,2019년 7월 29일 18시,월요일,부산광역시 수영구 수영동,경상사고,0,0,1,0,차대사람 - 길가장자리구역통행중,안전운전불이행,건조,맑음,단일로 - 기타,승용,여,39세,상해없음,보행자,여,62세,경상
2019072900100558,2019년 7월 29일 19시,월요일,부산광역시 해운대구 우동,중상사고,0,1,0,0,차대차 - 측면충돌,신호위반,건조,맑음,단일로 - 기타,이륜,남,40세,상해없음,승용,남,47세,중상
2019072900100559,2019년 7월 29일 19시,월요일,부산광역시 강서구 대저2동,부상신고사고,0,0,0,2,차대차 - 기타,안전거리미확보,건조,맑음,단일로 - 기타,승합,남,48세,부상신고,화물,남,52세,상해없음
2019072900100614,2019년 7월 29일 21시,월요일,부산광역시 남구 대연동,경상사고,0,0,3,0,차대차 - 측면충돌,안전운전불이행,건조,맑음,단일로 - 기타,승용,남,68세,경상,승용,남,32세,경상
2019072900100651,2019년 7월 29일 22시,월요일,부산광역시 중구 부평동4가,중상사고,0,1,1,0,차대차 - 추돌,안전운전불이행,건조,맑음,단일로 - 기타,승용,남,47세,상해없음,승용,남,62세,경상
2019072900100663,2019년 7월 29일 23시,월요일,부산광역시 동구 초량동,경상사고,0,0,1,0,차대차 - 측면충돌,차로위반,젖음/습기,비,교차로 - 교차로부근,승용,여,29세,상해없음,승용,남,38세,경상
2019072900100664,2019년 7월 29일 23시,월요일,부산광역시 수영구 남천동,경상사고,0,0,1,0,차대차 - 측면충돌,차로위반,건조,맑음,교차로 - 교차로부근,승용,남,29세,상해없음,승용,남,64세,경상
2019073000100032,2019년 7월 30일 00시,화요일,부산광역시 남구 문현동,경상사고,0,0,1,0,차대차 - 기타,안전운전불이행,건조,맑음,교차로 - 교차로안,자전거,남,40세,경상,화물,남,49세,상해없음
2019073000100052,2019년 7월 30일 02시,화요일,부산광역시 부산진구 부전동,경상사고,0,0,1,0,차대사람 - 보도통행중,신호위반,건조,맑음,교차로 - 교차로안,승용,남,26세,상해없음,보행자,남,24세,경상
2019073000100053,2019년 7월 30일 02시,화요일,부산광역시 부산진구 부전동,사망사고,1,0,0,0,차대사람 - 횡단중,과속,건조,맑음,단일로 - 기타,승용,남,23세,상해없음,보행자,남,62세,사망
2019073000100065,2019년 7월 30일 04시,화요일,부산광역시 부산진구 부전동,중상사고,0,1,0,0,차대차 - 측면충돌,신호위반,건조,맑음,교차로 - 교차로안,이륜,남,26세,중상,승용,남,50세,상해없음
2019073000100089,2019년 7월 30일 07시,화요일,부산광역시 부산진구 범천동,중상사고,0,1,0,0,차대사람 - 횡단중,보행자보호의무위반,건조,맑음,교차로 - 교차로횡단보도내,승용,남,58세,상해없음,보행자,여,57세,중상
2019073000100119,2019년 7월 30일 08시,화요일,부산광역시 금정구 서동,중상사고,0,1,0,0,차대사람 - 기타,안전운전불이행,건조,맑음,단일로 - 기타,승용,남,29세,상해없음,보행자,남,59세,중상
2019073000100120,2019년 7월 30일 08시,화요일,부산광역시 강서구 신호동,경상사고,0,0,1,0,차대차 - 기타,안전운전불이행,건조,맑음,단일로 - 기타,화물,남,62세,상해없음,승용,남,57세,경상
2019073000100149,2019년 7월 30일 09시,화요일,부산광역시 연제구 거제동,경상사고,0,0,1,0,차대차 - 측면충돌,기타,건조,흐림,교차로 - 교차로안,승용,남,38세,상해없음,승용,남,25세,경상
2019073000100150,2019년 7월 30일 09시,화요일,부산광역시 기장군 일광면,경상사고,0,0,1,0,차대차 - 측면충돌,안전운전불이행,건조,맑음,교차로 - 교차로안,화물,여,41세,상해없음,승용,여,46세,경상
2019073000100184,2019년 7월 30일 10시,화요일,부산광역시 금정구 장전동,경상사고,0,0,1,0,차대사람 - 기타,안전운전불이행,건조,맑음,주차장 - 주차장,승합,남,63세,상해없음,보행자,남,12세,경상
2019073000100247,2019년 7월 30일 12시,화요일,부산광역시 동래구 온천동,중상사고,0,1,0,0,차량단독 - 기타,안전운전불이행,건조,맑음,단일로 - 기타,승합,남,52세,상해없음,,,,
2019073000100248,2019년 7월 30일 12시,화요일,부산광역시 금정구 부곡동,경상사고,0,0,1,0,차대사람 - 기타,안전운전불이행,건조,맑음,단일로 - 기타,화물,남,32세,상해없음,보행자,여,28세,경상
2019073000100249,2019년 7월 30일 12시,화요일,부산광역시 사하구 당리동,부상신고사고,0,0,0,1,차대차 - 기타,안전거리미확보,건조,맑음,단일로 - 기타,원동기,남,21세,부상신고,승용,남,48세,상해없음
2019073000100250,2019년 7월 30일 12시,화요일,부산광역시 사하구 괴정동,경상사고,0,0,1,0,차대차 - 측면충돌,안전거리미확보,건조,맑음,단일로 - 지하차도(도로)내,특수,남,59세,상해없음,승용,남,44세,경상
2019073000100251,2019년 7월 30일 12시,화요일,부산광역시 사상구 학장동,경상사고,0,0,2,0,차대차 - 기타,안전운전불이행,건조,맑음,단일로 - 기타,승용,여,66세,상해없음,승용,여,30세,경상
2019073000100288,2019년 7월 30일 13시,화요일,부산광역시 동래구 온천동,경상사고,0,0,1,0,차대차 - 측면충돌,안전운전불이행,건조,맑음,단일로 - 기타,승용,남,65세,상해없음,승용,여,27세,경상
2019073000100289,2019년 7월 30일 13시,화요일,부산광역시 부산진구 부전동,경상사고,0,0,1,0,차대사람 - 횡단중,안전운전불이행,건조,맑음,단일로 - 기타,이륜,남,51세,상해없음,보행자,남,26세,경상
2019073000100290,2019년 7월 30일 13시,화요일,부산광역시 금정구 장전동,경상사고,0,0,1,0,차대사람 - 횡단중,보행자보호의무위반,건조,맑음,교차로 - 교차로횡단보도내,승용,남,44세,상해없음,보행자,남,49세,경상
2019073000100334,2019년 7월 30일 14시,화요일,부산광역시 동구 초량동,경상사고,0,0,1,0,차대차 - 기타,기타,건조,맑음,단일로 - 기타,자전거,남,58세,경상,건설기계,남,65세,상해없음
2019073000100335,2019년 7월 30일 14시,화요일,부산광역시 서구 암남동,경상사고,0,0,2,0,차대차 - 추돌,안전운전불이행,건조,맑음,교차로 - 교차로안,승용,남,65세,상해없음,승용,남,63세,경상
2019073000100336,2019년 7월 30일 14시,화요일,부산광역시 서구 서대신동1가,중상사고,0,1,1,0,차대차 - 측면충돌,안전운전불이행,건조,맑음,교차로 - 교차로안,승용,여,28세,중상,승용,남,25세,경상
2019073000100337,2019년 7월 30일 14시,화요일,부산광역시 동래구 온천동,경상사고,0,0,1,1,차대사람 - 횡단중,신호위반,건조,맑음,단일로 - 기타,원동기,남,35세,부상신고,보행자,남,17세,경상
2019073000100338,2019년 7월 30일 14시,화요일,부산광역시 해운대구 송정동,중상사고,0,1,0,0,차대사람 - 횡단중,안전운전불이행,건조,맑음,단일로 - 기타,화물,남,68세,상해없음,보행자,여,87세,중상
2019073000100339,2019년 7월 30일 14시,화요일,부산광역시 부산진구 가야동,중상사고,0,1,0,0,차대차 - 기타,안전운전불이행,건조,맑음,교차로 - 교차로안,이륜,남,58세,중상,승용,여,27세,상해없음
2019073000100340,2019년 7월 30일 14시,화요일,부산광역시 사하구 당리동,경상사고,0,0,1,0,차대사람 - 횡단중,안전운전불이행,건조,맑음,교차로 - 교차로부근,승용,남,40세,상해없음,보행자,남,24세,경상
2019073000100341,2019년 7월 30일 14시,화요일,부산광역시 사상구 괘법동,경상사고,0,0,1,0,차대사람 - 차도통행중,안전운전불이행,건조,맑음,단일로 - 기타,이륜,남,53세,상해없음,보행자,여,81세,경상
2019073000100342,2019년 7월 30일 14시,화요일,부산광역시 사상구 엄궁동,부상신고사고,0,0,0,1,차대차 - 측면충돌,안전운전불이행,건조,맑음,단일로 - 기타,승용,남,68세,상해없음,승용,여,39세,부상신고
2019073000100377,2019년 7월 30일 15시,화요일,부산광역시 해운대구 중동,중상사고,0,1,0,0,차대사람 - 횡단중,보행자보호의무위반,건조,맑음,교차로 - 교차로횡단보도내,승합,남,66세,상해없음,보행자,여,17세,중상
2019073000100378,2019년 7월 30일 15시,화요일,부산광역시 사하구 당리동,경상사고,0,0,1,0,차대차 - 측면충돌,안전운전불이행,건조,맑음,교차로 - 교차로부근,건설기계,남,59세,상해없음,이륜,남,57세,경상
2019073000100417,2019년 7월 30일 16시,화요일,부산광역시 동구 범일동,중상사고,0,1,0,0,차대차 - 측면충돌,안전운전불이행,건조,맑음,단일로 - 기타,승용,남,67세,상해없음,승용,남,58세,중상
2019073000100418,2019년 7월 30일 16시,화요일,부산광역시 해운대구 반여동,경상사고,0,0,1,0,차대차 - 기타,안전운전불이행,건조,맑음,단일로 - 기타,승용,남,39세,상해없음,원동기,남,36세,경상
2019073000100419,2019년 7월 30일 16시,화요일,부산광역시 금정구 장전동,경상사고,0,0,1,0,차대사람 - 길가장자리구역통행중,안전운전불이행,건조,맑음,단일로 - 기타,승용,남,79세,상해없음,보행자,여,21세,경상
2019073000100466,2019년 7월 30일 17시,화요일,부산광역시 중구 대창동1가,중상사고,0,1,0,0,차대사람 - 횡단중,안전운전불이행,건조,맑음,교차로 - 교차로부근,승용,여,64세,상해없음,보행자,여,54세,중상
2019073000100467,2019년 7월 30일 17시,화요일,부산광역시 남구 문현동,경상사고,0,0,1,0,차대차 - 측면충돌,안전운전불이행,건조,맑음,단일로 - 기타,이륜,남,22세,경상,화물,남,70세,상해없음
2019073000100468,2019년 7월 30일 17시,화요일,부산광역시 부산진구 양정동,경상사고,0,0,2,0,차대차 - 기타,안전운전불이행,건조,맑음,교차로 - 교차로부근,화물,남,55세,상해없음,화물,남,37세,경상
2019073000100469,2019년 7월 30일 17시,화요일,부산광역시 사상구 모라동,경상사고,0,0,1,0,차대차 - 측면충돌,안전거리미확보,건조,맑음,단일로 - 기타,승용,남,54세,상해없음,승용,남,31세,경상
2019073000100470,2019년 7월 30일 17시,화요일,부산광역시 사상구 주례동,부상신고사고,0,0,0,1,차대차 - 측면충돌,안전운전불이행,건조,맑음,교차로 - 교차로부근,승용,여,47세,상해없음,승용,여,31세,부상신고
2019073000100471,2019년 7월 30일 17시,화요일,부산광역시 강서구 봉림동,중상사고,0,1,0,0,차대차 - 측면충돌,안전거리미확보,건조,맑음,단일로 - 기타,특수,남,61세,상해없음,승용,남,40세,중상
2019073000100510,2019년 7월 30일 18시,화요일,부산광역시 서구 암남동,경상사고,0,0,2,0,차대차 - 측면충돌,차로위반,건조,맑음,단일로 - 교량,승용,남,62세,상해없음,승용,남,72세,경상
2019073000100511,2019년 7월 30일 18시,화요일,부산광역시 해운대구 반여동,중상사고,0,1,0,0,차대사람 - 횡단중,보행자보호의무위반,건조,맑음,교차로 - 교차로안,원동기,남,34세,상해없음,보행자,여,59세,중상
2019073000100512,2019년 7월 30일 18시,화요일,부산광역시 부산진구 부전동,중상사고,0,1,1,0,차대차 - 기타,중앙선침범,건조,맑음,단일로 - 기타,승용,남,27세,상해없음,승용,남,68세,상해없음
2019073000100554,2019년 7월 30일 19시,화요일,부산광역시 연제구 거제동,중상사고,0,1,1,0,차대차 - 측면충돌,신호위반,건조,맑음,교차로 - 교차로안,승용,남,67세,기타불명,승용,남,70세,경상
2019073000100584,2019년 7월 30일 20시,화요일,부산광역시 부산진구 당감동,중상사고,0,1,0,0,차대차 - 기타,안전운전불이행,건조,맑음,교차로 - 교차로안,승용,남,46세,상해없음,이륜,남,20세,중상
2019073000100585,2019년 7월 30일 20시,화요일,부산광역시 금정구 서동,사망사고,1,0,0,0,차대사람 - 기타,안전운전불이행,건조,맑음,교차로 - 교차로부근,화물,남,65세,상해없음,보행자,남,64세,사망
2019073000100618,2019년 7월 30일 21시,화요일,부산광역시 기장군 기장읍,경상사고,0,0,2,0,차대차 - 측면충돌,안전운전불이행,건조,맑음,단일로 - 기타,승용,남,58세,상해없음,승용,여,46세,경상
2019073000100641,2019년 7월 30일 22시,화요일,부산광역시 부산진구 양정동,중상사고,0,1,0,0,차대사람 - 횡단중,신호위반,건조,맑음,단일로 - 기타,승합,남,52세,상해없음,보행자,남,21세,중상
2019073000100642,2019년 7월 30일 22시,화요일,부산광역시 사하구 구평동,경상사고,0,0,1,0,차대차 - 측면충돌,안전거리미확보,건조,맑음,단일로 - 기타,승용,남,72세,상해없음,승용,남,32세,경상
2019073000100665,2019년 7월 30일 23시,화요일,부산광역시 동구 수정동,중상사고,0,1,0,0,차대사람 - 차도통행중,안전운전불이행,건조,맑음,단일로 - 기타,승용,남,68세,상해없음,보행자,남,56세,중상
2019073100100027,2019년 7월 31일 00시,수요일,부산광역시 동구 좌천동,경상사고,0,0,2,1,차대차 - 추돌,안전거리미확보,건조,맑음,단일로 - 기타,승용,남,50세,부상신고,승용,남,54세,경상
2019073100100028,2019년 7월 31일 00시,수요일,부산광역시 사하구 하단동,경상사고,0,0,1,0,차대차 - 측면충돌,중앙선침범,건조,맑음,단일로 - 기타,승용,남,40세,상해없음,승용,여,48세,경상
2019073100100029,2019년 7월 31일 00시,수요일,부산광역시 사상구 학장동,경상사고,0,0,1,1,차대차 - 측면충돌,안전운전불이행,건조,맑음,교차로 - 교차로안,승용,남,20세,상해없음,승용,남,79세,부상신고
2019073100100041,2019년 7월 31일 01시,수요일,부산광역시 동래구 명륜동,경상사고,0,0,2,0,차대차 - 기타,신호위반,건조,맑음,교차로 - 교차로안,화물,남,28세,상해없음,승용,남,54세,경상
2019073100100064,2019년 7월 31일 05시,수요일,부산광역시 부산진구 양정동,중상사고,0,1,0,0,차대사람 - 기타,안전운전불이행,건조,맑음,기타 - 기타,승용,남,63세,상해없음,보행자,남,22세,중상