사고번호,사고일시,요일,시군구,사고내용,사망자수,중상자수,경상자수,부상신고자수,사고유형,법규위반,노면상태,기상상태,도로형태,가해운전자 차종,가해운전자 성별,가해운전자 연령,가해운전자 상해정도,피해운전자 차종,피해운전자 성별,피해운전자 연령,피해운전자 상해정도
2019073100100065,2019년 7월 31일 05시,수요일,부산광역시 부산진구 부전동,경상사고,0,0,1,0,차대사람 - 기타,안전운전불이행,건조,맑음,단일로 - 기타,승용,남,50세,상해없음,보행자,여,20세,경상
2019073100100091,2019년 7월 31일 07시,수요일,부산광역시 영도구 청학동,경상사고,0,0,1,0,차대차 - 추돌,안전운전불이행,건조,맑음,단일로 - 기타,승용,남,32세,상해없음,승용,남,19세,경상
2019073100100146,2019년 7월 31일 09시,수요일,부산광역시 중구 보수동3가,부상신고사고,0,0,0,1,차대사람 - 기타,안전운전불이행,건조,맑음,단일로 - 기타,건설기계,남,52세,상해없음,보행자,남,41세,부상신고
2019073100100147,2019년 7월 31일 09시,수요일,부산광역시 동래구 온천동,경상사고,0,0,1,0,차대차 - 기타,안전거리미확보,건조,맑음,단일로 - 기타,승용,여,47세,상해없음,승용,남,67세,경상
2019073100100148,2019년 7월 31일 09시,수요일,부산광역시 해운대구 송정동,경상사고,0,0,1,0,차량단독 - 기타,안전운전불이행,건조,맑음,교차로 - 교차로안,승합,남,59세,상해없음,,,,
2019073100100149,2019년 7월 31일 09시,수요일,부산광역시 사상구 주례동,경상사고,0,0,1,0,차대차 - 기타,안전운전불이행,건조,맑음,교차로 - 교차로부근,화물,남,36세,상해없음,승용,남,70세,경상
2019073100100175,2019년 7월 31일 10시,수요일,부산광역시 남구 대연동,중상사고,0,1,0,0,차대차 - 기타,안전운전불이행,건조,맑음,단일로 - 기타,승용,남,68세,상해없음,자전거,남,83세,중상
2019073100100176,2019년 7월 31일 10시,수요일,부산광역시 남구 우암동,경상사고,0,0,1,0,차대차 - 후진중충돌,안전운전불이행,건조,맑음,단일로 - 기타,건설기계,남,37세,상해없음,승용,남,62세,경상
2019073100100177,2019년 7월 31일 10시,수요일,부산광역시 남구 문현동,중상사고,0,2,1,0,차대차 - 측면충돌,교차로운행방법위반,건조,맑음,단일로 - 기타,승용,남,26세,상해없음,승용,남,35세,중상
2019073100100178,2019년 7월 31일 10시,수요일,부산광역시 해운대구 반여동,경상사고,0,0,1,0,차대차 - 측면충돌,신호위반,건조,맑음,교차로 - 교차로안,승용,남,64세,상해없음,승용,여,40세,경상
2019073100100215,2019년 7월 31일 11시,수요일,부산광역시 동구 수정동,중상사고,0,1,0,0,차대차 - 측면충돌,교차로운행방법위반,건조,맑음,교차로 - 교차로부근,승용,여,49세,상해없음,원동기,남,43세,중상
2019073100100216,2019년 7월 31일 11시,수요일,부산광역시 남구 대연동,중상사고,0,2,0,0,차대차 - 기타,안전운전불이행,건조,맑음,단일로 - 교량,특수,남,54세,상해없음,승용,여,30세,중상
2019073100100217,2019년 7월 31일 11시,수요일,부산광역시 연제구 연산동,경상사고,0,0,2,0,차대사람 - 기타,안전운전불이행,건조,맑음,단일로 - 기타,자전거,남,49세,경상,보행자,남,22세,경상
2019073100100264,2019년 7월 31일 12시,수요일,부산광역시 영도구 봉래동1가,경상사고,0,0,2,0,차대차 - 측면충돌,안전운전불이행,건조,맑음,단일로 - 기타,승용,여,33세,경상,승용,여,27세,경상
2019073100100265,2019년 7월 31일 12시,수요일,부산광역시 부산진구 초읍동,경상사고,0,0,1,0,차대차 - 측면충돌,안전거리미확보,건조,맑음,교차로 - 교차로안,승용,남,64세,상해없음,승용,남,51세,경상
2019073100100266,2019년 7월 31일 12시,수요일,부산광역시 연제구 연산동,경상사고,0,0,1,0,차대차 - 추돌,안전거리미확보,건조,맑음,교차로 - 교차로안,승용,남,33세,상해없음,승용,여,54세,경상
2019073100100297,2019년 7월 31일 13시,수요일,부산광역시 중구 부평동1가,경상사고,0,0,1,0,차대사람 - 차도통행중,안전운전불이행,건조,맑음,단일로 - 기타,승용,여,78세,상해없음,보행자,남,57세,경상
2019073100100298,2019년 7월 31일 13시,수요일,부산광역시 해운대구 송정동,사망사고,1,0,0,0,차대차 - 측면충돌,안전운전불이행,건조,맑음,단일로 - 기타,승합,남,50세,기타불명,이륜,여,72세,사망
2019073100100299,2019년 7월 31일 13시,수요일,부산광역시 금정구 노포동,경상사고,0,0,1,0,차대차 - 기타,안전운전불이행,건조,맑음,단일로 - 교량,승용,여,45세,상해없음,승용,여,56세,상해없음
2019073100100325,2019년 7월 31일 14시,수요일,부산광역시 서구 암남동,중상사고,0,1,0,0,차대사람 - 횡단중,신호위반,건조,맑음,단일로 - 기타,승용,남,39세,상해없음,보행자,여,6세,중상
2019073100100326,2019년 7월 31일 14시,수요일,부산광역시 강서구 송정동,중상사고,0,1,0,0,차대차 - 기타,안전운전불이행,건조,맑음,교차로 - 교차로안,화물,남,44세,상해없음,화물,남,61세,중상
2019073100100355,2019년 7월 31일 15시,수요일,부산광역시 동구 범일동,경상사고,0,0,1,0,차대차 - 추돌,안전거리미확보,건조,맑음,교차로 - 교차로부근,이륜,남,22세,경상,승용,남,48세,상해없음
2019073100100356,2019년 7월 31일 15시,수요일,부산광역시 부산진구 부전동,경상사고,0,0,1,0,차대차 - 추돌,안전거리미확보,건조,맑음,교차로 - 교차로부근,승용,남,44세,상해없음,승용,남,29세,경상
2019073100100392,2019년 7월 31일 16시,수요일,부산광역시 사상구 엄궁동,경상사고,0,0,1,0,차대차 - 측면충돌,교차로운행방법위반,건조,맑음,교차로 - 교차로안,승용,남,56세,상해없음,승용,남,68세,상해없음
2019073100100393,2019년 7월 31일 16시,수요일,부산광역시 사상구 덕포동,경상사고,0,0,1,0,차대차 - 측면충돌,안전거리미확보,건조,맑음,단일로 - 기타,화물,남,56세,상해없음,승합,남,60세,경상
2019073100100440,2019년 7월 31일 17시,수요일,부산광역시 서구 서대신동3가,경상사고,0,0,2,0,차대차 - 측면충돌,안전운전불이행,건조,맑음,단일로 - 기타,승용,여,48세,경상,승용,여,49세,경상
2019073100100441,2019년 7월 31일 17시,수요일,부산광역시 남구 대연동,경상사고,0,0,1,0,차대사람 - 기타,안전운전불이행,건조,맑음,단일로 - 기타,특수,남,43세,상해없음,보행자,여,75세,경상
2019073100100442,2019년 7월 31일 17시,수요일,부산광역시 연제구 연산동,경상사고,0,0,1,0,차대차 - 측면충돌,안전운전불이행,건조,맑음,교차로 - 교차로부근,이륜,남,23세,경상,승용,남,38세,상해없음
2019073100100478,2019년 7월 31일 18시,수요일,부산광역시 해운대구 좌동,중상사고,0,1,0,0,차대사람 - 횡단중,신호위반,건조,맑음,교차로 - 교차로횡단보도내,승용,여,38세,상해없음,보행자,여,75세,중상
2019073100100479,2019년 7월 31일 18시,수요일,부산광역시 해운대구 중동,경상사고,0,0,1,0,차대차 - 기타,안전운전불이행,건조,맑음,주차장 - 주차장,승용,남,35세,상해없음,승합,남,61세,경상
2019073100100480,2019년 7월 31일 18시,수요일,부산광역시 연제구 연산동,경상사고,0,0,1,0,차대사람 - 기타,안전운전불이행,건조,맑음,단일로 - 기타,기타불명,기타불명,미분류,기타불명,보행자,남,52세,경상
2019073100100521,2019년 7월 31일 19시,수요일,부산광역시 수영구 민락동,경상사고,0,0,1,0,차대사람 - 횡단중,안전운전불이행,건조,맑음,교차로 - 교차로안,이륜,남,59세,상해없음,보행자,남,57세,경상
2019073100100522,2019년 7월 31일 19시,수요일,부산광역시 강서구 명지동,중상사고,0,1,0,0,차량단독 - 기타,안전운전불이행,건조,맑음,단일로 - 기타,이륜,남,55세,중상,,,,
2019073100100523,2019년 7월 31일 19시,수요일,부산광역시 사상구 모라동,부상신고사고,0,0,0,1,차대차 - 측면충돌,중앙선침범,건조,맑음,교차로 - 교차로안,자전거,남,52세,부상신고,화물,남,66세,상해없음
2019073100100524,2019년 7월 31일 19시,수요일,부산광역시 기장군 일광면,경상사고,0,0,1,0,차대차 - 기타,교차로운행방법위반,건조,맑음,교차로 - 교차로안,승용,남,43세,상해없음,화물,남,38세,경상
2019073100100559,2019년 7월 31일 20시,수요일,부산광역시 해운대구 중동,부상신고사고,0,0,0,1,차대차 - 기타,안전운전불이행,건조,맑음,교차로 - 교차로부근,승용,여,63세,상해없음,승용,남,24세,부상신고
2019073100100560,2019년 7월 31일 20시,수요일,부산광역시 사상구 괘법동,경상사고,0,0,1,0,차대차 - 후진중충돌,안전운전불이행,건조,맑음,단일로 - 기타,승용,여,59세,상해없음,이륜,남,34세,경상
2019073100100602,2019년 7월 31일 21시,수요일,부산광역시 남구 대연동,중상사고,0,1,0,0,차대차 - 측면충돌,안전운전불이행,건조,맑음,단일로 - 기타,승용,여,26세,상해없음,승합,남,59세,상해없음
2019073100100640,2019년 7월 31일 22시,수요일,부산광역시 남구 용호동,경상사고,0,0,1,0,차대차 - 측면충돌,안전운전불이행,건조,맑음,교차로 - 교차로안,승용,남,56세,상해없음,승용,여,35세,경상
2019073100100641,2019년 7월 31일 22시,수요일,부산광역시 해운대구 우동,부상신고사고,0,0,0,1,차대차 - 측면충돌,신호위반,건조,맑음,교차로 - 교차로안,이륜,남,21세,부상신고,승합,남,64세,상해없음
2019073100100642,2019년 7월 31일 22시,수요일,부산광역시 연제구 연산동,경상사고,0,0,1,0,차대사람 - 횡단중,보행자보호의무위반,건조,맑음,단일로 - 기타,승용,남,49세,상해없음,보행자,남,67세,경상
2019073100100643,2019년 7월 31일 22시,수요일,부산광역시 사상구 감전동,경상사고,0,0,1,1,차대차 - 정면충돌,중앙선침범,건조,맑음,단일로 - 기타,자전거,남,52세,경상,원동기,남,21세,부상신고
2019073100100668,2019년 7월 31일 23시,수요일,부산광역시 부산진구 가야동,경상사고,0,0,1,0,차대차 - 정면충돌,신호위반,건조,맑음,교차로 - 교차로안,승용,남,54세,상해없음,이륜,남,46세,경상
2019073100100669,2019년 7월 31일 23시,수요일,부산광역시 부산진구 부암동,중상사고,0,1,1,0,차대차 - 추돌,안전운전불이행,건조,맑음,단일로 - 기타,승용,남,25세,상해없음,승용,남,73세,중상
2019073100100670,2019년 7월 31일 23시,수요일,부산광역시 부산진구 개금동,경상사고,0,0,2,0,차대차 - 추돌,안전운전불이행,건조,맑음,교차로 - 교차로부근,승용,남,75세,상해없음,승용,남,48세,경상
2019080100100043,2019년 8월 1일 01시,목요일,부산광역시 부산진구 부전동,경상사고,0,0,1,0,차대차 - 정면충돌,중앙선침범,건조,맑음,단일로 - 기타,원동기,남,29세,상해없음,승용,남,51세,경상
2019080100100090,2019년 8월 1일 06시,목요일,부산광역시 영도구 영선동2가,경상사고,0,0,1,0,차대차 - 측면충돌,신호위반,건조,맑음,교차로 - 교차로안,승용,남,23세,상해없음,승용,남,45세,경상
2019080100100129,2019년 8월 1일 08시,목요일,부산광역시 동구 범일동,경상사고,0,0,2,0,차대차 - 측면충돌,신호위반,건조,맑음,단일로 - 기타,승용,남,75세,경상,화물,남,61세,경상
2019080100100130,2019년 8월 1일 08시,목요일,부산광역시 부산진구 부암동,중상사고,0,1,0,0,차대사람 - 횡단중,안전운전불이행,건조,맑음,단일로 - 기타,화물,남,57세,상해없음,보행자,여,64세,중상
2019080100100160,2019년 8월 1일 09시,목요일,부산광역시 연제구 거제동,중상사고,0,1,1,0,차대차 - 측면충돌,안전거리미확보,건조,맑음,단일로 - 기타,승용,여,39세,경상,화물,남,50세,중상
2019080100100231,2019년 8월 1일 11시,목요일,부산광역시 수영구 광안동,경상사고,0,0,1,0,차대차 - 기타,안전운전불이행,건조,맑음,단일로 - 기타,이륜,남,22세,경상,승용,남,44세,상해없음
2019080100100232,2019년 8월 1일 11시,목요일,부산광역시 강서구 명지동,경상사고,0,0,1,0,차대차 - 기타,안전운전불이행,건조,맑음,교차로 - 교차로부근,승용,여,49세,상해없음,이륜,남,29세,경상
2019080100100233,2019년 8월 1일 11시,목요일,부산광역시 기장군 기장읍,경상사고,0,0,1,0,차대차 - 측면충돌,신호위반,건조,맑음,교차로 - 교차로안,승용,여,72세,상해없음,승용,여,47세,경상
2019080100100266,2019년 8월 1일 12시,목요일,부산광역시 남구 대연동,경상사고,0,0,1,0,차대차 - 기타,안전운전불이행,건조,맑음,단일로 - 기타,승용,남,54세,상해없음,이륜,남,44세,경상
2019080100100267,2019년 8월 1일 12시,목요일,부산광역시 동래구 안락동,경상사고,0,0,1,0,차대차 - 측면충돌,안전운전불이행,건조,맑음,단일로 - 기타,승용,남,72세,상해없음,승용,여,48세,경상
2019080100100268,2019년 8월 1일 12시,목요일,부산광역시 사하구 다대동,부상신고사고,0,0,0,1,차대차 - 측면충돌,안전운전불이행,건조,맑음,단일로 - 기타,이륜,남,45세,부상신고,승용,남,57세,상해없음
2019080100100311,2019년 8월 1일 13시,목요일,부산광역시 동래구 온천동,경상사고,0,0,1,0,차대차 - 측면충돌,안전운전불이행,건조,맑음,단일로 - 기타,승용,남,76세,경상,이륜,여,48세,기타불명
2019080100100312,2019년 8월 1일 13시,목요일,부산광역시 부산진구 부전동,중상사고,0,1,0,0,차대차 - 기타,안전운전불이행,건조,맑음,교차로 - 교차로안,승용,여,48세,상해없음,승합,남,53세,중상
2019080100100348,2019년 8월 1일 14시,목요일,부산광역시 동래구 명장동,중상사고,0,1,6,0,차대차 - 측면충돌,신호위반,건조,맑음,교차로 - 교차로안,승합,남,71세,상해없음,승용,남,45세,중상
2019080100100349,2019년 8월 1일 14시,목요일,부산광역시 금정구 구서동,경상사고,0,0,2,0,차대차 - 측면충돌,차로위반,건조,맑음,교차로 - 교차로부근,승용,남,53세,상해없음,승용,여,42세,경상
2019080100100350,2019년 8월 1일 14시,목요일,부산광역시 사하구 감천동,중상사고,0,3,2,0,차대차 - 추돌,안전운전불이행,건조,맑음,교차로 - 교차로부근,화물,남,71세,상해없음,승용,여,62세,경상
2019080100100384,2019년 8월 1일 15시,목요일,부산광역시 남구 대연동,경상사고,0,0,1,0,차대차 - 후진중충돌,안전운전불이행,건조,맑음,기타 - 기타,승용,남,28세,상해없음,승용,남,34세,경상
2019080100100385,2019년 8월 1일 15시,목요일,부산광역시 북구 화명동,중상사고,0,1,0,0,차대차 - 측면충돌,안전거리미확보,건조,맑음,단일로 - 지하차도(도로)내,승용,남,66세,상해없음,이륜,남,52세,중상
2019080100100386,2019년 8월 1일 15시,목요일,부산광역시 영도구 남항동1가,경상사고,0,0,1,0,차대사람 - 횡단중,안전운전불이행,건조,맑음,단일로 - 기타,승용,남,45세,상해없음,보행자,여,70세,경상
2019080100100422,2019년 8월 1일 16시,목요일,부산광역시 중구 중앙동4가,경상사고,0,0,2,0,차대차 - 측면충돌,신호위반,건조,맑음,교차로 - 교차로부근,승용,남,60세,상해없음,승용,남,22세,경상
2019080100100423,2019년 8월 1일 16시,목요일,부산광역시 수영구 남천동,중상사고,0,1,0,0,차대차 - 기타,안전운전불이행,건조,맑음,교차로 - 교차로부근,승용,여,40세,상해없음,이륜,남,59세,중상
2019080100100424,2019년 8월 1일 16시,목요일,부산광역시 북구 덕천동,경상사고,0,0,1,0,차대차 - 추돌,안전운전불이행,건조,맑음,단일로 - 기타,승용,남,37세,상해없음,승용,남,52세,경상
2019080100100425,2019년 8월 1일 16시,목요일,부산광역시 부산진구 범천동,경상사고,0,0,1,0,차대차 - 추돌,안전거리미확보,건조,맑음,단일로 - 기타,승용,남,32세,상해없음,승용,남,62세,경상
2019080100100426,2019년 8월 1일 16시,목요일,부산광역시 금정구 구서동,경상사고,0,0,2,0,차대차 - 기타,안전운전불이행,건조,맑음,교차로 - 교차로안,승용,남,33세,경상,승용,남,44세,경상
2019080100100427,2019년 8월 1일 16시,목요일,부산광역시 사하구 장림동,경상사고,0,0,1,0,차대차 - 기타,기타,건조,맑음,교차로 - 교차로안,화물,남,61세,상해없음,승용,남,63세,경상
2019080100100428,2019년 8월 1일 16시,목요일,부산광역시 기장군 기장읍,경상사고,0,0,1,1,차대차 - 기타,안전운전불이행,건조,맑음,단일로 - 기타,승용,남,38세,상해없음,승용,여,38세,부상신고
2019080100100507,2019년 8월 1일 18시,목요일,부산광역시 북구 덕천동,경상사고,0,0,1,0,차대사람 - 기타,안전운전불이행,건조,맑음,단일로 - 기타,승용,남,38세,상해없음,보행자,여,21세,경상
2019080100100508,2019년 8월 1일 18시,목요일,부산광역시 해운대구 재송동,중상사고,0,1,0,0,차대차 - 추돌,안전운전불이행,건조,맑음,단일로 - 기타,승용,남,28세,상해없음,화물,남,42세,중상
2019080100100509,2019년 8월 1일 18시,목요일,부산광역시 사하구 하단동,경상사고,0,0,1,0,차대사람 - 차도통행중,안전운전불이행,건조,맑음,단일로 - 지하차도(도로)내,승용,여,38세,상해없음,보행자,남,26세,경상
2019080100100510,2019년 8월 1일 18시,목요일,부산광역시 수영구 수영동,중상사고,0,1,0,0,차대사람 - 기타,안전운전불이행,건조,맑음,단일로 - 기타,승용,남,21세,상해없음,보행자,남,77세,중상
2019080100100552,2019년 8월 1일 19시,목요일,부산광역시 영도구 봉래동1가,중상사고,0,2,0,0,차대차 - 측면충돌,신호위반,건조,맑음,단일로 - 교량,원동기,남,39세,중상,승용,남,22세,상해없음
2019080100100553,2019년 8월 1일 19시,목요일,부산광역시 해운대구 재송동,중상사고,0,1,0,0,차대차 - 측면충돌,안전운전불이행,건조,맑음,교차로 - 교차로안,승용,남,50세,상해없음,이륜,남,60세,중상
2019080100100554,2019년 8월 1일 19시,목요일,부산광역시 해운대구 우동,중상사고,0,1,0,0,차대사람 - 기타,기타,건조,맑음,단일로 - 기타,승합,기타불명,미분류,기타불명,보행자,남,61세,중상
2019080100100555,2019년 8월 1일 19시,목요일,부산광역시 부산진구 개금동,경상사고,0,0,1,0,차대차 - 추돌,안전운전불이행,건조,맑음,단일로 - 기타,승용,남,43세,상해없음,승용,남,38세,경상
2019080100100582,2019년 8월 1일 20시,목요일,부산광역시 서구 충무동1가,부상신고사고,0,0,0,1,차대차 - 추돌,안전운전불이행,건조,맑음,단일로 - 기타,이륜,남,32세,부상신고,승용,남,63세,상해없음
2019080100100583,2019년 8월 1일 20시,목요일,부산광역시 남구 문현동,경상사고,0,0,1,0,차량단독 - 기타,안전운전불이행,건조,맑음,단일로 - 기타,승합,남,55세,상해없음,,,,
2019080100100584,2019년 8월 1일 20시,목요일,부산광역시 부산진구 부암동,경상사고,0,0,1,0,차대차 - 측면충돌,교차로운행방법위반,건조,맑음,교차로 - 교차로부근,승합,남,55세,기타불명,승용,남,66세,경상
2019080100100585,2019년 8월 1일 20시,목요일,부산광역시 사하구 괴정동,경상사고,0,0,2,0,차대차 - 측면충돌,신호위반,건조,맑음,교차로 - 교차로안,승용,남,69세,상해없음,승용,남,71세,경상
2019080100100586,2019년 8월 1일 20시,목요일,부산광역시 사상구 주례동,중상사고,0,1,0,1,차대사람 - 횡단중,신호위반,건조,맑음,교차로 - 교차로안,이륜,남,22세,부상신고,보행자,여,69세,중상
2019080100100626,2019년 8월 1일 21시,목요일,부산광역시 북구 만덕동,중상사고,0,1,3,0,차대차 - 기타,신호위반,건조,맑음,교차로 - 교차로안,승용,남,28세,상해없음,승용,남,29세,경상
2019080100100627,2019년 8월 1일 21시,목요일,부산광역시 부산진구 개금동,경상사고,0,0,2,0,차대차 - 추돌,안전운전불이행,건조,맑음,단일로 - 기타,이륜,남,32세,경상,승용,남,55세,상해없음
2019080100100628,2019년 8월 1일 21시,목요일,부산광역시 사하구 신평동,부상신고사고,0,0,0,1,차대차 - 기타,안전운전불이행,건조,맑음,단일로 - 기타,자전거,남,36세,부상신고,승용,남,49세,상해없음
2019080100100652,2019년 8월 1일 22시,목요일,부산광역시 북구 덕천동,경상사고,0,0,1,0,차대사람 - 횡단중,신호위반,건조,맑음,교차로 - 교차로횡단보도내,이륜,남,43세,상해없음,보행자,남,55세,경상
2019080200100062,2019년 8월 2일 03시,금요일,부산광역시 수영구 광안동,경상사고,0,0,1,0,차대차 - 기타,안전운전불이행,건조,맑음,교차로 - 교차로안,이륜,남,50세,경상,승용,남,24세,상해없음
2019080200100087,2019년 8월 2일 06시,금요일,부산광역시 북구 덕천동,경상사고,0,0,1,0,차대차 - 측면충돌,신호위반,건조,맑음,교차로 - 교차로안,승용,남,68세,상해없음,승용,남,62세,경상
2019080200100110,2019년 8월 2일 08시,금요일,부산광역시 수영구 망미동,중상사고,0,1,0,0,차대사람 - 기타,안전운전불이행,건조,맑음,단일로 - 기타,승용,여,48세,상해없음,보행자,남,63세,중상
2019080200100136,2019년 8월 2일 09시,금요일,부산광역시 남구 문현동,중상사고,0,1,0,0,차대차 - 측면충돌,안전운전불이행,건조,맑음,교차로 - 교차로횡단보도내,승용,남,32세,상해없음,자전거,남,72세,중상
2019080200100137,2019년 8월 2일 09시,금요일,부산광역시 해운대구 재송동,경상사고,0,0,1,0,차대사람 - 길가장자리구역통행중,안전운전불이행,건조,맑음,교차로 - 교차로안,화물,남,44세,상해없음,보행자,여,43세,경상
2019080200100168,2019년 8월 2일 10시,금요일,부산광역시 북구 만덕동,중상사고,0,1,0,0,차대차 - 기타,안전거리미확보,건조,맑음,기타 - 기타,승용,남,48세,상해없음,승용,여,54세,중상
2019080200100169,2019년 8월 2일 10시,금요일,부산광역시 해운대구 재송동,경상사고,0,0,1,0,차량단독 - 기타,안전운전불이행,건조,맑음,단일로 - 기타,승합,남,52세,상해없음,,,,
2019080200100170,2019년 8월 2일 10시,금요일,부산광역시 연제구 연산동,중상사고,0,1,0,0,차대사람 - 기타,안전운전불이행,건조,맑음,교차로 - 교차로안,화물,남,74세,상해없음,보행자,여,66세,중상
2019080200100199,2019년 8월 2일 11시,금요일,부산광역시 부산진구 부전동,중상사고,0,1,0,0,차대차 - 기타,신호위반,건조,맑음,교차로 - 교차로안,승합,여,41세,기타불명,이륜,남,42세,중상
2019080200100200,2019년 8월 2일 11시,금요일,부산광역시 사상구 덕포동,경상사고,0,0,1,0,차대사람 - 기타,안전운전불이행,건조,맑음,단일로 - 기타,승용,여,56세,상해없음,보행자,남,66세,경상
2019080200100244,2019년 8월 2일 12시,금요일,부산광역시 남구 대연동,경상사고,0,0,1,0,차대차 - 추돌,안전운전불이행,건조,맑음,교차로 - 교차로안,승용,남,68세,상해없음,승용,남,32세,경상
2019080200100245,2019년 8월 2일 12시,금요일,부산광역시 금정구 서동,경상사고,0,0,1,0,차대사람 - 기타,보행자보호의무위반,건조,맑음,교차로 - 교차로부근,화물,남,52세,상해없음,보행자,남,65세,경상
2019080200100277,2019년 8월 2일 13시,금요일,부산광역시 부산진구 부전동,경상사고,0,0,1,0,차대차 - 측면충돌,안전거리미확보,건조,맑음,단일로 - 기타,승용,남,67세,상해없음,화물,남,23세,경상
2019080200100326,2019년 8월 2일 14시,금요일,부산광역시 동래구 사직동,중상사고,0,1,0,0,차대차 - 측면충돌,안전운전불이행,건조,맑음,교차로 - 교차로안,승용,여,49세,상해없음,승용,여,57세,중상
2019080200100327,2019년 8월 2일 14시,금요일,부산광역시 해운대구 재송동,중상사고,0,2,1,0,차대차 - 추돌,안전운전불이행,건조,맑음,단일로 - 기타,승용,남,23세,상해없음,승용,남,65세,중상
2019080200100328,2019년 8월 2일 14시,금요일,부산광역시 강서구 대저1동,경상사고,0,0,1,0,차대차 - 측면충돌,안전운전불이행,건조,맑음,단일로 - 기타,승용,남,63세,상해없음,승용,남,54세,경상
2019080200100329,2019년 8월 2일 14시,금요일,부산광역시 사상구 모라동,경상사고,0,0,1,0,차대차 - 추돌,교차로운행방법위반,건조,맑음,교차로 - 교차로안,승용,여,39세,기타불명,승용,남,53세,경상
2019080200100405,2019년 8월 2일 16시,금요일,부산광역시 북구 덕천동,경상사고,0,0,2,0,차대차 - 측면충돌,안전거리미확보,건조,맑음,단일로 - 지하차도(도로)내,승용,여,49세,상해없음,승용,남,36세,경상
2019080200100448,2019년 8월 2일 17시,금요일,부산광역시 북구 덕천동,경상사고,0,0,2,0,차대차 - 기타,안전거리미확보,건조,맑음,단일로 - 기타,화물,남,58세,상해없음,승합,남,45세,상해없음
2019080200100449,2019년 8월 2일 17시,금요일,부산광역시 부산진구 부전동,경상사고,0,0,1,0,차대사람 - 기타,안전운전불이행,건조,맑음,단일로 - 기타,승용,남,19세,상해없음,보행자,여,38세,경상
2019080200100450,2019년 8월 2일 17시,금요일,부산광역시 부산진구 개금동,경상사고,0,0,1,0,차대차 - 측면충돌,차로위반,건조,맑음,단일로 - 기타,승용,여,30세,상해없음,화물,남,37세,경상
2019080200100513,2019년 8월 2일 18시,금요일,부산광역시 남구 대연동,경상사고,0,0,5,0,차대차 - 측면충돌,안전운전불이행,건조,맑음,교차로 - 교차로안,화물,남,46세,상해없음,승용,남,48세,경상
2019080200100514,2019년 8월 2일 18시,금요일,부산광역시 북구 구포동,부상신고사고,0,0,0,1,차대차 - 측면충돌,안전운전불이행,건조,맑음,교차로 - 교차로안,이륜,남,39세,부상신고,승용,여,51세,상해없음
2019080200100515,2019년 8월 2일 18시,금요일,부산광역시 영도구 대교동2가,경상사고,0,0,3,0,차대차 - 추돌,안전거리미확보,건조,맑음,단일로 - 기타,승용,남,32세,상해없음,승용,남,61세,경상
2019080200100516,2019년 8월 2일 18시,금요일,부산광역시 부산진구 부전동,중상사고,0,1,0,0,차대사람 - 보도통행중,보행자보호의무위반,건조,맑음,단일로 - 기타,이륜,남,43세,상해없음,보행자,여,45세,중상
2019080200100517,2019년 8월 2일 18시,금요일,부산광역시 수영구 수영동,부상신고사고,0,0,0,1,차대차 - 측면충돌,직진우회전진행방해,건조,맑음,교차로 - 교차로안,승용,남,36세,상해없음,원동기,남,25세,부상신고
2019080200100518,2019년 8월 2일 18시,금요일,부산광역시 기장군 기장읍,경상사고,0,0,1,0,차대차 - 측면충돌,안전운전불이행,건조,맑음,교차로 - 교차로부근,승용,남,42세,상해없음,승용,남,26세,경상
2019080200100556,2019년 8월 2일 19시,금요일,부산광역시 서구 남부민동,경상사고,0,0,1,0,차대차 - 추돌,안전운전불이행,건조,맑음,단일로 - 기타,이륜,남,34세,경상,화물,남,43세,상해없음
2019080200100557,2019년 8월 2일 19시,금요일,부산광역시 부산진구 전포동,중상사고,0,1,0,0,차대차 - 측면충돌,안전운전불이행,건조,맑음,교차로 - 교차로안,화물,남,45세,상해없음,승용,남,32세,중상
2019080200100558,2019년 8월 2일 19시,금요일,부산광역시 강서구 명지동,경상사고,0,0,2,0,차대차 - 기타,신호위반,건조,맑음,교차로 - 교차로안,승용,남,33세,기타불명,승용,남,48세,경상
2019080200100597,2019년 8월 2일 20시,금요일,부산광역시 북구 구포동,경상사고,0,0,1,0,차대사람 - 보도통행중,안전운전불이행,건조,맑음,단일로 - 지하차도(도로)내,승용,남,68세,상해없음,보행자,남,41세,경상
2019080200100598,2019년 8월 2일 20시,금요일,부산광역시 사상구 괘법동,경상사고,0,0,1,0,차대사람 - 횡단중,안전운전불이행,건조,맑음,교차로 - 교차로횡단보도내,이륜,남,23세,상해없음,보행자,남,56세,경상
2019080200100632,2019년 8월 2일 21시,금요일,부산광역시 동구 범일동,경상사고,0,0,1,0,차대사람 - 기타,안전운전불이행,건조,맑음,단일로 - 기타,승합,남,34세,상해없음,보행자,여,37세,경상
2019080200100633,2019년 8월 2일 21시,금요일,부산광역시 연제구 거제동,경상사고,0,0,2,0,차대차 - 측면충돌,교차로운행방법위반,건조,맑음,교차로 - 교차로안,승용,남,45세,상해없음,승용,여,29세,경상
2019080200100634,2019년 8월 2일 21시,금요일,부산광역시 기장군 정관읍,경상사고,0,0,1,0,차대차 - 기타,안전운전불이행,건조,맑음,단일로 - 기타,승용,여,62세,상해없음,이륜,남,20세,경상
2019080200100667,2019년 8월 2일 22시,금요일,부산광역시 북구 금곡동,경상사고,0,0,2,0,차대차 - 측면충돌,신호위반,건조,맑음,교차로 - 교차로안,승용,남,55세,상해없음,승용,여,59세,경상