사고번호,사고일시,요일,시군구,사고내용,사망자수,중상자수,경상자수,부상신고자수,사고유형,법규위반,노면상태,기상상태,도로형태,가해운전자 차종,가해운전자 성별,가해운전자 연령,가해운전자 상해정도,피해운전자 차종,피해운전자 성별,피해운전자 연령,피해운전자 상해정도
2019080600100487,2019년 8월 6일 18시,화요일,부산광역시 북구 구포동,경상사고,0,0,1,0,차대사람 - 길가장자리구역통행중,안전운전불이행,젖음/습기,비,교차로 - 교차로부근,화물,남,55세,상해없음,보행자,남,51세,경상
2019080600100488,2019년 8월 6일 18시,화요일,부산광역시 동래구 온천동,경상사고,0,0,1,0,차대사람 - 길가장자리구역통행중,안전운전불이행,젖음/습기,비,단일로 - 기타,승용,남,65세,상해없음,보행자,여,61세,경상
2019080600100489,2019년 8월 6일 18시,화요일,부산광역시 해운대구 반송동,경상사고,0,0,1,0,차대차 - 측면충돌,차로위반,젖음/습기,비,단일로 - 기타,화물,남,67세,기타불명,승용,남,68세,경상
2019080600100490,2019년 8월 6일 18시,화요일,부산광역시 사상구 덕포동,경상사고,0,0,1,0,차대차 - 추돌,안전운전불이행,젖음/습기,비,교차로 - 교차로부근,승용,남,46세,상해없음,승용,여,38세,경상
2019080600100536,2019년 8월 6일 19시,화요일,부산광역시 해운대구 재송동,중상사고,0,1,1,0,차대차 - 측면충돌,안전거리미확보,건조,맑음,단일로 - 기타,승용,남,46세,경상,승용,남,46세,중상
2019080600100537,2019년 8월 6일 19시,화요일,부산광역시 금정구 부곡동,중상사고,0,1,0,0,차대차 - 기타,신호위반,젖음/습기,비,단일로 - 기타,승용,남,61세,상해없음,이륜,남,58세,중상
2019080600100538,2019년 8월 6일 19시,화요일,부산광역시 사하구 하단동,경상사고,0,0,1,0,차대차 - 측면충돌,안전운전불이행,젖음/습기,비,교차로 - 교차로안,승용,남,68세,상해없음,승용,남,38세,경상
2019080600100539,2019년 8월 6일 19시,화요일,부산광역시 기장군 정관읍,중상사고,0,1,0,0,차대차 - 기타,안전운전불이행,젖음/습기,비,교차로 - 교차로안,이륜,남,39세,상해없음,원동기,남,53세,중상
2019080600100540,2019년 8월 6일 19시,화요일,부산광역시 기장군 정관읍,경상사고,0,0,1,0,차대차 - 기타,안전운전불이행,젖음/습기,비,교차로 - 교차로안,화물,남,51세,상해없음,승용,남,41세,경상
2019080600100619,2019년 8월 6일 21시,화요일,부산광역시 동래구 명륜동,경상사고,0,0,1,0,차대차 - 측면충돌,신호위반,젖음/습기,비,단일로 - 기타,승용,남,61세,상해없음,승용,여,39세,경상
2019080600100620,2019년 8월 6일 21시,화요일,부산광역시 부산진구 양정동,경상사고,0,0,2,0,차대차 - 정면충돌,중앙선침범,젖음/습기,비,기타 - 기타,승용,남,40세,상해없음,승용,남,50세,경상
2019080600100656,2019년 8월 6일 22시,화요일,부산광역시 사하구 하단동,경상사고,0,0,1,0,차대차 - 추돌,안전거리미확보,건조,맑음,단일로 - 지하차도(도로)내,승용,남,53세,상해없음,승합,남,30세,경상
2019080600100657,2019년 8월 6일 22시,화요일,부산광역시 기장군 기장읍,경상사고,0,0,2,0,차대차 - 기타,직진우회전진행방해,건조,맑음,교차로 - 교차로안,이륜,남,18세,경상,이륜,남,23세,경상
2019080600100676,2019년 8월 6일 23시,화요일,부산광역시 해운대구 우동,경상사고,0,0,2,0,차대차 - 측면충돌,안전운전불이행,젖음/습기,흐림,교차로 - 교차로안,승용,여,34세,상해없음,승용,남,28세,경상
2019080700100027,2019년 8월 7일 00시,수요일,부산광역시 연제구 연산동,경상사고,0,0,1,0,차대사람 - 횡단중,신호위반,건조,맑음,단일로 - 기타,승용,남,65세,기타불명,보행자,남,18세,경상
2019080700100078,2019년 8월 7일 05시,수요일,부산광역시 해운대구 중동,경상사고,0,0,2,0,차대차 - 측면충돌,안전운전불이행,건조,맑음,기타 - 기타,기타불명,기타불명,미분류,기타불명,승용,여,26세,경상
2019080700100153,2019년 8월 7일 09시,수요일,부산광역시 수영구 민락동,경상사고,0,0,2,0,차대차 - 추돌,안전운전불이행,건조,맑음,단일로 - 기타,승용,남,69세,상해없음,승용,남,68세,경상
2019080700100154,2019년 8월 7일 09시,수요일,부산광역시 동래구 명륜동,경상사고,0,0,1,0,차대사람 - 횡단중,보행자보호의무위반,건조,맑음,단일로 - 기타,승용,남,79세,상해없음,보행자,여,60세,경상
2019080700100256,2019년 8월 7일 12시,수요일,부산광역시 동구 초량동,경상사고,0,0,1,0,차대사람 - 기타,기타,건조,맑음,단일로 - 기타,승용,남,69세,상해없음,보행자,남,22세,경상
2019080700100257,2019년 8월 7일 12시,수요일,부산광역시 강서구 명지동,중상사고,0,1,0,0,차대차 - 측면충돌,신호위반,건조,맑음,교차로 - 교차로안,승용,남,29세,상해없음,승용,남,62세,중상
2019080700100296,2019년 8월 7일 13시,수요일,부산광역시 동래구 명장동,경상사고,0,0,1,0,차대차 - 측면충돌,신호위반,건조,맑음,교차로 - 교차로안,승용,여,62세,상해없음,승용,여,30세,경상
2019080700100297,2019년 8월 7일 13시,수요일,부산광역시 사상구 덕포동,경상사고,0,0,1,0,차대차 - 추돌,안전운전불이행,건조,맑음,교차로 - 교차로안,승용,여,32세,상해없음,승용,남,24세,경상
2019080700100338,2019년 8월 7일 14시,수요일,부산광역시 동래구 온천동,경상사고,0,0,1,0,차대차 - 측면충돌,교차로운행방법위반,건조,맑음,교차로 - 교차로안,승용,남,52세,기타불명,승용,남,63세,경상
2019080700100339,2019년 8월 7일 14시,수요일,부산광역시 사하구 신평동,중상사고,0,1,3,0,차대차 - 측면충돌,신호위반,건조,맑음,교차로 - 교차로안,승용,여,71세,중상,화물,남,26세,경상
2019080700100340,2019년 8월 7일 14시,수요일,부산광역시 연제구 연산동,경상사고,0,0,1,0,차대차 - 추돌,안전거리미확보,건조,맑음,단일로 - 기타,승용,남,50세,상해없음,승용,여,38세,경상
2019080700100375,2019년 8월 7일 15시,수요일,부산광역시 동구 범일동,경상사고,0,0,1,0,차대차 - 기타,차로위반,건조,맑음,단일로 - 기타,이륜,남,24세,경상,승용,여,46세,상해없음
2019080700100376,2019년 8월 7일 15시,수요일,부산광역시 동구 초량동,경상사고,0,0,1,0,차대차 - 기타,안전운전불이행,건조,맑음,단일로 - 기타,승용,여,35세,상해없음,승용,남,65세,경상
2019080700100410,2019년 8월 7일 16시,수요일,부산광역시 동래구 낙민동,중상사고,0,1,0,0,차대사람 - 차도통행중,안전운전불이행,건조,맑음,단일로 - 기타,승합,여,59세,상해없음,보행자,여,9세,중상
2019080700100411,2019년 8월 7일 16시,수요일,부산광역시 영도구 봉래동1가,경상사고,0,0,1,1,차대차 - 측면충돌,직진우회전진행방해,건조,맑음,교차로 - 교차로안,승용,남,47세,부상신고,승용,남,68세,경상
2019080700100412,2019년 8월 7일 16시,수요일,부산광역시 부산진구 부전동,중상사고,0,1,0,0,차대차 - 측면충돌,신호위반,건조,맑음,교차로 - 교차로안,승용,남,58세,상해없음,이륜,남,24세,중상
2019080700100413,2019년 8월 7일 16시,수요일,부산광역시 부산진구 전포동,경상사고,0,0,1,0,차대차 - 기타,신호위반,건조,맑음,교차로 - 교차로안,이륜,남,33세,상해없음,이륜,남,24세,경상
2019080700100414,2019년 8월 7일 16시,수요일,부산광역시 사상구 감전동,중상사고,0,1,0,0,차대차 - 측면충돌,안전운전불이행,건조,맑음,단일로 - 기타,화물,남,61세,상해없음,자전거,남,84세,중상
2019080700100448,2019년 8월 7일 17시,수요일,부산광역시 남구 용당동,경상사고,0,0,1,0,차대차 - 기타,안전운전불이행,건조,맑음,단일로 - 기타,특수,남,49세,상해없음,특수,남,64세,경상
2019080700100449,2019년 8월 7일 17시,수요일,부산광역시 수영구 광안동,경상사고,0,0,1,0,차대차 - 측면충돌,안전운전불이행,건조,맑음,교차로 - 교차로부근,승용,여,51세,상해없음,이륜,남,23세,경상
2019080700100450,2019년 8월 7일 17시,수요일,부산광역시 수영구 남천동,중상사고,0,1,0,0,차대사람 - 길가장자리구역통행중,안전운전불이행,건조,맑음,단일로 - 기타,승용,여,44세,상해없음,보행자,여,20세,중상
2019080700100451,2019년 8월 7일 17시,수요일,부산광역시 부산진구 범천동,경상사고,0,0,1,0,차대차 - 측면충돌,교차로운행방법위반,건조,맑음,교차로 - 교차로안,화물,남,39세,상해없음,이륜,남,64세,경상
2019080700100500,2019년 8월 7일 18시,수요일,부산광역시 수영구 광안동,중상사고,0,1,1,0,차대사람 - 횡단중,안전운전불이행,건조,맑음,교차로 - 교차로안,화물,남,46세,상해없음,보행자,여,65세,중상
2019080700100501,2019년 8월 7일 18시,수요일,부산광역시 남구 대연동,경상사고,0,0,1,0,차대사람 - 횡단중,신호위반,건조,맑음,기타 - 기타,승용,여,61세,상해없음,보행자,여,64세,경상
2019080700100502,2019년 8월 7일 18시,수요일,부산광역시 북구 덕천동,경상사고,0,0,2,0,차대차 - 기타,기타,건조,맑음,교차로 - 교차로안,승용,남,58세,상해없음,승용,남,34세,경상
2019080700100503,2019년 8월 7일 18시,수요일,부산광역시 해운대구 재송동,경상사고,0,0,3,0,차대차 - 추돌,안전운전불이행,건조,맑음,단일로 - 기타,승용,남,63세,상해없음,승용,여,55세,경상
2019080700100504,2019년 8월 7일 18시,수요일,부산광역시 사하구 다대동,경상사고,0,0,1,0,차대차 - 측면충돌,안전운전불이행,건조,맑음,교차로 - 교차로안,승용,여,34세,상해없음,승용,남,54세,경상
2019080700100541,2019년 8월 7일 19시,수요일,부산광역시 동구 범일동,경상사고,0,0,1,0,차대차 - 측면충돌,신호위반,건조,맑음,단일로 - 기타,이륜,남,40세,상해없음,자전거,남,24세,경상
2019080700100542,2019년 8월 7일 19시,수요일,부산광역시 금정구 구서동,중상사고,0,1,1,0,차대차 - 측면충돌,신호위반,건조,맑음,교차로 - 교차로안,원동기,남,44세,중상,승용,남,38세,경상
2019080700100543,2019년 8월 7일 19시,수요일,부산광역시 연제구 거제동,경상사고,0,0,1,0,차대차 - 측면충돌,신호위반,건조,맑음,교차로 - 교차로안,승용,여,58세,상해없음,승용,남,42세,경상
2019080700100566,2019년 8월 7일 20시,수요일,부산광역시 영도구 동삼동,중상사고,0,2,0,0,차대차 - 후진중충돌,안전운전불이행,건조,맑음,단일로 - 기타,승용,여,56세,상해없음,승용,여,41세,중상
2019080700100567,2019년 8월 7일 20시,수요일,부산광역시 해운대구 우동,경상사고,0,0,1,0,차대사람 - 차도통행중,안전운전불이행,건조,맑음,교차로 - 교차로안,승용,남,41세,상해없음,보행자,남,68세,경상
2019080700100568,2019년 8월 7일 20시,수요일,부산광역시 금정구 부곡동,경상사고,0,0,1,0,차대사람 - 횡단중,안전운전불이행,건조,맑음,단일로 - 기타,승용,남,61세,상해없음,보행자,여,52세,경상
2019080700100569,2019년 8월 7일 20시,수요일,부산광역시 사하구 장림동,경상사고,0,0,1,0,차대사람 - 차도통행중,안전운전불이행,건조,맑음,단일로 - 지하차도(도로)내,화물,남,41세,상해없음,보행자,남,65세,경상
2019080700100608,2019년 8월 7일 21시,수요일,부산광역시 기장군 정관읍,경상사고,0,0,1,0,차대사람 - 횡단중,기타,건조,맑음,단일로 - 기타,승용,남,55세,상해없음,보행자,여,40세,경상
2019080700100656,2019년 8월 7일 23시,수요일,부산광역시 금정구 장전동,경상사고,0,0,1,0,차대사람 - 횡단중,기타,건조,맑음,교차로 - 교차로안,승용,남,19세,상해없음,보행자,남,45세,경상
2019080800100030,2019년 8월 8일 01시,목요일,부산광역시 동래구 명륜동,중상사고,0,1,0,0,차대사람 - 기타,안전운전불이행,건조,맑음,단일로 - 기타,승용,남,32세,상해없음,보행자,남,28세,중상
2019080800100042,2019년 8월 8일 02시,목요일,부산광역시 수영구 남천동,중상사고,0,1,0,0,차대차 - 기타,신호위반,건조,맑음,교차로 - 교차로안,승용,남,70세,상해없음,승용,남,27세,중상
2019080800100043,2019년 8월 8일 02시,목요일,부산광역시 수영구 광안동,경상사고,0,0,1,0,차대사람 - 횡단중,안전운전불이행,건조,맑음,단일로 - 기타,승용,남,59세,상해없음,보행자,남,24세,경상
2019080800100143,2019년 8월 8일 09시,목요일,부산광역시 강서구 송정동,경상사고,0,0,1,0,차대차 - 측면충돌,안전운전불이행,건조,맑음,교차로 - 교차로안,승용,여,51세,상해없음,승용,남,35세,경상
2019080800100188,2019년 8월 8일 10시,목요일,부산광역시 동구 좌천동,경상사고,0,0,1,0,차대차 - 기타,안전운전불이행,건조,맑음,단일로 - 기타,원동기,남,52세,경상,승용,남,56세,상해없음
2019080800100189,2019년 8월 8일 10시,목요일,부산광역시 동래구 명륜동,경상사고,0,0,2,0,차대차 - 기타,교차로운행방법위반,건조,맑음,교차로 - 교차로안,승용,남,50세,상해없음,승용,남,47세,경상
2019080800100190,2019년 8월 8일 10시,목요일,부산광역시 해운대구 반여동,부상신고사고,0,0,0,1,차대사람 - 횡단중,안전운전불이행,건조,맑음,교차로 - 교차로부근,승합,남,54세,상해없음,보행자,남,74세,부상신고
2019080800100191,2019년 8월 8일 10시,목요일,부산광역시 사하구 장림동,경상사고,0,0,1,0,차대차 - 측면충돌,안전운전불이행,건조,맑음,교차로 - 교차로안,이륜,남,59세,경상,승용,여,27세,상해없음
2019080800100192,2019년 8월 8일 10시,목요일,부산광역시 연제구 연산동,중상사고,0,1,0,0,차대차 - 추돌,신호위반,건조,맑음,교차로 - 교차로안,승용,여,60세,상해없음,이륜,남,69세,중상
2019080800100231,2019년 8월 8일 11시,목요일,부산광역시 해운대구 반송동,중상사고,0,1,1,0,차대차 - 추돌,안전운전불이행,건조,맑음,교차로 - 교차로부근,승용,여,74세,중상,승용,남,70세,경상
2019080800100232,2019년 8월 8일 11시,목요일,부산광역시 부산진구 부전동,중상사고,0,1,0,0,차대차 - 측면충돌,안전거리미확보,건조,맑음,교차로 - 교차로부근,승용,남,44세,상해없음,이륜,남,78세,중상
2019080800100233,2019년 8월 8일 11시,목요일,부산광역시 기장군 정관읍,경상사고,0,0,1,0,차대차 - 기타,안전운전불이행,건조,맑음,기타 - 기타,승용,여,60세,상해없음,승용,남,27세,경상
2019080800100270,2019년 8월 8일 12시,목요일,부산광역시 북구 구포동,중상사고,0,1,0,0,차대사람 - 횡단중,신호위반,건조,맑음,교차로 - 교차로횡단보도내,이륜,남,63세,상해없음,보행자,여,65세,중상
2019080800100271,2019년 8월 8일 12시,목요일,부산광역시 해운대구 우동,경상사고,0,0,1,0,차대차 - 기타,안전운전불이행,기타,맑음,단일로 - 기타,이륜,남,35세,경상,승용,남,43세,상해없음
2019080800100301,2019년 8월 8일 13시,목요일,부산광역시 사하구 다대동,경상사고,0,0,1,0,차량단독 - 기타,안전운전불이행,젖음/습기,맑음,단일로 - 기타,이륜,남,34세,경상,,,,
2019080800100333,2019년 8월 8일 14시,목요일,부산광역시 강서구 대저1동,중상사고,0,2,0,0,차대차 - 기타,중앙선침범,건조,맑음,교차로 - 교차로부근,자전거,남,68세,중상,승용,남,46세,중상
2019080800100364,2019년 8월 8일 15시,목요일,부산광역시 동래구 사직동,경상사고,0,0,1,0,차대사람 - 횡단중,보행자보호의무위반,건조,맑음,교차로 - 교차로횡단보도내,승합,남,48세,상해없음,보행자,남,22세,경상
2019080800100395,2019년 8월 8일 16시,목요일,부산광역시 남구 대연동,경상사고,0,0,2,0,차대차 - 정면충돌,신호위반,건조,맑음,교차로 - 교차로안,승용,여,44세,상해없음,승용,남,35세,경상
2019080800100438,2019년 8월 8일 17시,목요일,부산광역시 남구 대연동,중상사고,0,1,0,0,차대사람 - 차도통행중,안전운전불이행,건조,맑음,단일로 - 기타,승용,남,61세,상해없음,보행자,여,56세,중상
2019080800100439,2019년 8월 8일 17시,목요일,부산광역시 사하구 신평동,경상사고,0,0,1,1,차대차 - 기타,안전운전불이행,건조,맑음,단일로 - 지하차도(도로)내,승용,여,41세,상해없음,승용,여,59세,경상
2019080800100440,2019년 8월 8일 17시,목요일,부산광역시 사하구 구평동,경상사고,0,0,1,0,차대차 - 측면충돌,안전운전불이행,건조,맑음,단일로 - 기타,승용,남,42세,상해없음,승합,남,66세,상해없음
2019080800100441,2019년 8월 8일 17시,목요일,부산광역시 사상구 괘법동,경상사고,0,0,1,0,차대사람 - 기타,안전운전불이행,건조,맑음,단일로 - 기타,승용,여,50세,상해없음,보행자,남,23세,경상
2019080800100490,2019년 8월 8일 18시,목요일,부산광역시 남구 대연동,경상사고,0,0,2,0,차대차 - 측면충돌,교차로운행방법위반,건조,맑음,기타 - 기타,승용,여,58세,경상,승용,여,32세,경상
2019080800100491,2019년 8월 8일 18시,목요일,부산광역시 기장군 정관읍,경상사고,0,0,1,0,차대차 - 측면충돌,안전운전불이행,건조,맑음,교차로 - 교차로안,승용,기타불명,미분류,기타불명,승용,남,49세,경상
2019080800100492,2019년 8월 8일 18시,목요일,부산광역시 기장군 기장읍,경상사고,0,0,2,1,차대차 - 기타,교차로운행방법위반,건조,맑음,교차로 - 교차로부근,승용,여,46세,상해없음,승용,남,42세,경상
2019080800100554,2019년 8월 8일 20시,목요일,부산광역시 수영구 광안동,경상사고,0,0,1,0,차대차 - 정면충돌,교차로운행방법위반,건조,맑음,교차로 - 교차로안,이륜,남,17세,상해없음,승용,남,49세,상해없음
2019080800100555,2019년 8월 8일 20시,목요일,부산광역시 해운대구 우동,경상사고,0,0,1,0,차대사람 - 기타,안전운전불이행,건조,맑음,단일로 - 기타,승합,남,58세,상해없음,보행자,여,66세,경상
2019080800100556,2019년 8월 8일 20시,목요일,부산광역시 해운대구 재송동,경상사고,0,0,1,0,차대차 - 측면충돌,중앙선침범,건조,맑음,교차로 - 교차로부근,승용,남,65세,상해없음,승용,남,29세,상해없음
2019080800100589,2019년 8월 8일 21시,목요일,부산광역시 부산진구 개금동,경상사고,0,0,1,0,차대사람 - 기타,안전운전불이행,건조,맑음,단일로 - 기타,승용,남,64세,상해없음,보행자,남,54세,경상
2019080800100636,2019년 8월 8일 23시,목요일,부산광역시 사하구 다대동,중상사고,0,1,0,0,차대사람 - 횡단중,보행자보호의무위반,건조,맑음,교차로 - 교차로부근,승합,남,65세,상해없음,보행자,남,38세,중상
2019080900100030,2019년 8월 9일 00시,금요일,부산광역시 동래구 안락동,경상사고,0,0,1,0,차대차 - 측면충돌,신호위반,건조,맑음,교차로 - 교차로안,승용,여,61세,상해없음,승용,여,52세,경상
2019080900100031,2019년 8월 9일 00시,금요일,부산광역시 사상구 엄궁동,경상사고,0,0,1,0,차대차 - 측면충돌,신호위반,건조,맑음,교차로 - 교차로안,화물,남,61세,상해없음,화물,남,60세,경상
2019080900100057,2019년 8월 9일 02시,금요일,부산광역시 수영구 남천동,중상사고,0,1,0,0,차대사람 - 횡단중,안전운전불이행,건조,맑음,단일로 - 기타,승용,남,63세,상해없음,보행자,여,13세,중상
2019080900100077,2019년 8월 9일 04시,금요일,부산광역시 해운대구 우동,경상사고,0,0,2,0,차대차 - 측면충돌,신호위반,건조,맑음,교차로 - 교차로안,승용,여,20세,상해없음,승용,남,49세,상해없음
2019080900100078,2019년 8월 9일 04시,금요일,부산광역시 부산진구 가야동,중상사고,0,1,2,0,차대차 - 추돌,안전운전불이행,건조,맑음,교차로 - 교차로부근,승용,남,25세,상해없음,승용,남,49세,경상
2019080900100107,2019년 8월 9일 07시,금요일,부산광역시 강서구 대저2동,경상사고,0,0,1,0,차대사람 - 기타,안전운전불이행,건조,맑음,단일로 - 기타,승용,남,62세,상해없음,보행자,남,70세,경상
2019080900100108,2019년 8월 9일 07시,금요일,부산광역시 사상구 괘법동,경상사고,0,0,1,0,차대사람 - 기타,안전운전불이행,건조,맑음,단일로 - 기타,승용,남,61세,상해없음,보행자,남,49세,경상
2019080900100145,2019년 8월 9일 08시,금요일,부산광역시 사상구 괘법동,경상사고,0,0,1,0,차대차 - 측면충돌,신호위반,건조,맑음,교차로 - 교차로안,자전거,남,76세,경상,승용,여,33세,상해없음
2019080900100171,2019년 8월 9일 09시,금요일,부산광역시 연제구 연산동,중상사고,0,1,1,0,차대차 - 추돌,교차로운행방법위반,건조,맑음,교차로 - 교차로안,화물,남,53세,경상,승용,여,52세,중상
2019080900100172,2019년 8월 9일 09시,금요일,부산광역시 강서구 죽동동,중상사고,0,1,1,0,차대차 - 기타,안전운전불이행,건조,맑음,교차로 - 교차로안,승용,여,45세,상해없음,승용,남,58세,경상
2019080900100212,2019년 8월 9일 10시,금요일,부산광역시 남구 문현동,중상사고,0,1,0,0,차대사람 - 횡단중,보행자보호의무위반,건조,맑음,단일로 - 기타,화물,남,50세,상해없음,보행자,여,39세,중상
2019080900100213,2019년 8월 9일 10시,금요일,부산광역시 연제구 거제동,중상사고,0,1,0,0,차대차 - 추돌,안전운전불이행,건조,맑음,단일로 - 기타,승용,남,25세,상해없음,이륜,남,29세,중상
2019080900100242,2019년 8월 9일 11시,금요일,부산광역시 동구 초량동,중상사고,0,1,0,0,차대차 - 추돌,안전운전불이행,건조,맑음,단일로 - 기타,화물,남,58세,상해없음,이륜,남,22세,중상
2019080900100243,2019년 8월 9일 11시,금요일,부산광역시 연제구 연산동,사망사고,1,0,0,0,차대사람 - 기타,안전운전불이행,건조,맑음,단일로 - 기타,승용,남,62세,상해없음,보행자,여,78세,사망
2019080900100244,2019년 8월 9일 11시,금요일,부산광역시 강서구 송정동,경상사고,0,0,1,0,차대사람 - 기타,안전운전불이행,건조,맑음,단일로 - 기타,승용,남,40세,상해없음,보행자,남,28세,경상
2019080900100283,2019년 8월 9일 12시,금요일,부산광역시 동래구 온천동,경상사고,0,0,1,0,차대사람 - 기타,안전운전불이행,건조,맑음,단일로 - 기타,승합,남,63세,상해없음,보행자,남,23세,경상
2019080900100334,2019년 8월 9일 13시,금요일,부산광역시 해운대구 재송동,중상사고,0,1,0,0,차대사람 - 횡단중,보행자보호의무위반,건조,맑음,교차로 - 교차로부근,이륜,남,23세,상해없음,보행자,여,77세,중상
2019080900100373,2019년 8월 9일 14시,금요일,부산광역시 사상구 주례동,경상사고,0,0,1,0,차대차 - 추돌,안전거리미확보,건조,맑음,단일로 - 기타,화물,여,59세,상해없음,화물,남,31세,경상
2019080900100406,2019년 8월 9일 15시,금요일,부산광역시 부산진구 개금동,경상사고,0,0,2,0,차대차 - 기타,안전거리미확보,건조,맑음,기타 - 기타,승합,남,38세,상해없음,승용,남,67세,경상
2019080900100434,2019년 8월 9일 16시,금요일,부산광역시 영도구 동삼동,경상사고,0,0,1,0,차대사람 - 차도통행중,안전운전불이행,건조,맑음,단일로 - 기타,승용,남,63세,상해없음,보행자,여,69세,경상
2019080900100486,2019년 8월 9일 17시,금요일,부산광역시 금정구 남산동,중상사고,0,1,1,0,차대차 - 기타,신호위반,건조,맑음,단일로 - 기타,승용,남,71세,상해없음,화물,남,50세,중상
2019080900100487,2019년 8월 9일 17시,금요일,부산광역시 강서구 송정동,경상사고,0,0,1,0,차대차 - 정면충돌,기타,건조,맑음,교차로 - 교차로안,승용,남,59세,상해없음,이륜,남,22세,경상
2019080900100542,2019년 8월 9일 18시,금요일,부산광역시 해운대구 재송동,중상사고,0,1,0,0,차대차 - 측면충돌,안전운전불이행,건조,맑음,교차로 - 교차로안,승용,여,61세,상해없음,이륜,남,18세,중상
2019080900100543,2019년 8월 9일 18시,금요일,부산광역시 수영구 망미동,경상사고,0,0,1,0,차대사람 - 기타,안전운전불이행,건조,맑음,단일로 - 기타,이륜,남,23세,상해없음,보행자,남,24세,경상
2019080900100544,2019년 8월 9일 18시,금요일,부산광역시 기장군 기장읍,경상사고,0,0,1,0,차대사람 - 길가장자리구역통행중,안전운전불이행,건조,맑음,단일로 - 기타,승용,여,46세,상해없음,보행자,남,51세,경상
2019080900100598,2019년 8월 9일 19시,금요일,부산광역시 서구 동대신동2가,경상사고,0,0,1,0,차대차 - 추돌,안전운전불이행,건조,맑음,단일로 - 기타,화물,남,64세,상해없음,화물,남,45세,경상
2019080900100599,2019년 8월 9일 19시,금요일,부산광역시 영도구 동삼동,중상사고,0,2,1,0,차량단독 - 공작물충돌,안전운전불이행,건조,맑음,단일로 - 기타,승용,남,54세,경상,,,,
2019080900100634,2019년 8월 9일 20시,금요일,부산광역시 영도구 영선동4가,중상사고,0,1,0,0,차대사람 - 횡단중,보행자보호의무위반,건조,맑음,교차로 - 교차로횡단보도내,승용,남,58세,상해없음,보행자,여,67세,중상
2019080900100635,2019년 8월 9일 20시,금요일,부산광역시 연제구 거제동,경상사고,0,0,1,0,차대차 - 추돌,신호위반,건조,맑음,단일로 - 기타,이륜,남,27세,경상,승용,남,30세,상해없음
2019080900100636,2019년 8월 9일 20시,금요일,부산광역시 사상구 학장동,경상사고,0,0,1,0,차대사람 - 길가장자리구역통행중,안전운전불이행,건조,맑음,교차로 - 교차로부근,승용,남,46세,상해없음,보행자,남,56세,경상
2019080900100677,2019년 8월 9일 21시,금요일,부산광역시 해운대구 중동,중상사고,0,1,0,0,차대사람 - 횡단중,보행자보호의무위반,건조,맑음,교차로 - 교차로부근,승합,남,40세,상해없음,보행자,남,78세,중상
2019080900100732,2019년 8월 9일 23시,금요일,부산광역시 사하구 하단동,경상사고,0,0,1,0,차대사람 - 기타,안전운전불이행,건조,맑음,단일로 - 기타,승용,남,49세,상해없음,보행자,남,33세,경상
2019081000100031,2019년 8월 10일 00시,토요일,부산광역시 부산진구 개금동,경상사고,0,0,2,0,차대차 - 기타,차로위반,건조,맑음,단일로 - 기타,승용,남,72세,상해없음,승용,남,44세,경상
2019081000100056,2019년 8월 10일 01시,토요일,부산광역시 영도구 봉래동3가,중상사고,0,1,0,0,차대차 - 측면충돌,안전운전불이행,건조,맑음,교차로 - 교차로부근,승용,남,57세,상해없음,승용,남,49세,중상
2019081000100057,2019년 8월 10일 01시,토요일,부산광역시 금정구 장전동,경상사고,0,0,1,0,차대차 - 측면충돌,안전운전불이행,건조,맑음,기타 - 기타,승용,남,25세,상해없음,승용,남,29세,경상
2019081000100074,2019년 8월 10일 02시,토요일,부산광역시 동구 수정동,중상사고,0,1,2,0,차대차 - 추돌,안전운전불이행,건조,맑음,단일로 - 터널,승용,남,39세,상해없음,화물,남,33세,경상
2019081000100075,2019년 8월 10일 02시,토요일,부산광역시 서구 서대신동3가,경상사고,0,0,2,0,차대차 - 측면충돌,차로위반,건조,맑음,단일로 - 기타,승용,남,59세,상해없음,승용,남,34세,경상
2019081000100082,2019년 8월 10일 03시,토요일,부산광역시 금정구 장전동,경상사고,0,0,1,0,차대차 - 기타,안전운전불이행,건조,맑음,단일로 - 기타,승용,남,37세,상해없음,승용,남,66세,경상
2019081000100083,2019년 8월 10일 03시,토요일,부산광역시 금정구 부곡동,경상사고,0,0,1,0,차량단독 - 기타,안전운전불이행,건조,맑음,교차로 - 교차로안,이륜,남,35세,경상,,,,
2019081000100093,2019년 8월 10일 04시,토요일,부산광역시 중구 부평동1가,경상사고,0,0,1,0,차대사람 - 차도통행중,안전운전불이행,건조,맑음,단일로 - 기타,승용,남,77세,상해없음,보행자,남,49세,경상
2019081000100094,2019년 8월 10일 04시,토요일,부산광역시 수영구 남천동,사망사고,1,0,0,0,차대사람 - 기타,안전운전불이행,건조,맑음,단일로 - 기타,승용,남,67세,상해없음,보행자,남,29세,사망
2019081000100110,2019년 8월 10일 05시,토요일,부산광역시 해운대구 중동,경상사고,0,0,1,0,차대사람 - 보도통행중,안전운전불이행,건조,맑음,단일로 - 기타,승합,남,50세,상해없음,보행자,여,58세,경상
2019081000100150,2019년 8월 10일 08시,토요일,부산광역시 북구 덕천동,경상사고,0,0,1,0,차대차 - 측면충돌,신호위반,건조,맑음,교차로 - 교차로안,승용,여,42세,상해없음,이륜,남,61세,경상
2019081000100180,2019년 8월 10일 09시,토요일,부산광역시 남구 대연동,경상사고,0,0,2,0,차대차 - 측면충돌,안전운전불이행,건조,맑음,단일로 - 기타,승용,여,56세,경상,승용,여,65세,경상