사고번호,사고일시,요일,시군구,사고내용,사망자수,중상자수,경상자수,부상신고자수,사고유형,법규위반,노면상태,기상상태,도로형태,가해운전자 차종,가해운전자 성별,가해운전자 연령,가해운전자 상해정도,피해운전자 차종,피해운전자 성별,피해운전자 연령,피해운전자 상해정도
2019081000100181,2019년 8월 10일 09시,토요일,부산광역시 북구 금곡동,중상사고,0,1,0,0,차대사람 - 횡단중,안전운전불이행,건조,맑음,교차로 - 교차로안,승용,여,58세,상해없음,보행자,여,85세,중상
2019081000100226,2019년 8월 10일 10시,토요일,부산광역시 서구 암남동,중상사고,0,1,1,0,차대차 - 측면충돌,안전운전불이행,건조,맑음,단일로 - 기타,승용,여,49세,상해없음,승용,남,69세,중상
2019081000100227,2019년 8월 10일 10시,토요일,부산광역시 동래구 수안동,경상사고,0,0,1,0,차대사람 - 횡단중,보행자보호의무위반,건조,맑음,단일로 - 기타,승용,남,42세,상해없음,보행자,남,48세,경상
2019081000100228,2019년 8월 10일 10시,토요일,부산광역시 영도구 청학동,경상사고,0,0,1,0,차대사람 - 길가장자리구역통행중,안전운전불이행,건조,맑음,단일로 - 기타,기타불명,기타불명,미분류,기타불명,보행자,여,74세,경상
2019081000100229,2019년 8월 10일 10시,토요일,부산광역시 부산진구 부전동,중상사고,0,1,0,0,차대차 - 측면충돌,교차로운행방법위반,건조,맑음,교차로 - 교차로안,승용,남,65세,상해없음,이륜,남,35세,중상
2019081000100230,2019년 8월 10일 10시,토요일,부산광역시 금정구 부곡동,경상사고,0,0,2,0,차대차 - 측면충돌,안전운전불이행,건조,맑음,교차로 - 교차로부근,승용,남,64세,상해없음,승용,남,38세,경상
2019081000100231,2019년 8월 10일 10시,토요일,부산광역시 강서구 송정동,중상사고,0,1,0,0,차대차 - 측면충돌,안전운전불이행,건조,맑음,교차로 - 교차로안,화물,남,48세,상해없음,승용,남,52세,중상
2019081000100268,2019년 8월 10일 11시,토요일,부산광역시 부산진구 전포동,경상사고,0,0,1,0,차대차 - 측면충돌,안전운전불이행,건조,맑음,단일로 - 기타,승용,여,58세,상해없음,이륜,남,34세,경상
2019081000100269,2019년 8월 10일 11시,토요일,부산광역시 사상구 모라동,중상사고,0,1,0,0,차대차 - 측면충돌,차로위반,건조,맑음,단일로 - 기타,승용,남,37세,상해없음,이륜,남,41세,중상
2019081000100308,2019년 8월 10일 12시,토요일,부산광역시 수영구 남천동,경상사고,0,0,1,0,차대차 - 측면충돌,안전운전불이행,건조,맑음,단일로 - 기타,승용,남,47세,상해없음,승용,남,29세,상해없음
2019081000100309,2019년 8월 10일 12시,토요일,부산광역시 부산진구 부전동,경상사고,0,0,1,0,차대사람 - 길가장자리구역통행중,안전운전불이행,건조,맑음,단일로 - 기타,화물,남,79세,상해없음,보행자,여,68세,경상
2019081000100355,2019년 8월 10일 13시,토요일,부산광역시 부산진구 부전동,경상사고,0,0,1,0,차대사람 - 횡단중,안전운전불이행,건조,맑음,단일로 - 기타,이륜,남,20세,상해없음,보행자,여,5세,경상
2019081000100356,2019년 8월 10일 13시,토요일,부산광역시 사상구 모라동,중상사고,0,1,0,0,차대사람 - 횡단중,보행자보호의무위반,건조,맑음,기타 - 기타,승용,남,50세,상해없음,보행자,남,52세,중상
2019081000100398,2019년 8월 10일 14시,토요일,부산광역시 부산진구 전포동,중상사고,0,1,0,0,차대차 - 추돌,직진우회전진행방해,건조,맑음,교차로 - 교차로안,승용,여,26세,상해없음,이륜,남,28세,중상
2019081000100399,2019년 8월 10일 14시,토요일,부산광역시 금정구 서동,중상사고,0,1,0,0,차대사람 - 길가장자리구역통행중,안전운전불이행,건조,맑음,단일로 - 기타,이륜,남,17세,상해없음,보행자,여,74세,중상
2019081000100400,2019년 8월 10일 14시,토요일,부산광역시 사상구 덕포동,부상신고사고,0,0,0,1,차대차 - 추돌,안전운전불이행,건조,맑음,단일로 - 기타,승용,남,65세,상해없음,승용,여,53세,부상신고
2019081000100401,2019년 8월 10일 14시,토요일,부산광역시 기장군 철마면,경상사고,0,0,4,1,차대차 - 추돌,안전거리미확보,건조,맑음,단일로 - 기타,승용,남,57세,상해없음,승용,여,56세,경상
2019081000100430,2019년 8월 10일 15시,토요일,부산광역시 수영구 민락동,중상사고,0,1,0,0,차대차 - 기타,안전운전불이행,건조,맑음,기타 - 기타,자전거,남,62세,기타불명,자전거,여,56세,중상
2019081000100431,2019년 8월 10일 15시,토요일,부산광역시 해운대구 좌동,중상사고,0,1,2,0,차대차 - 측면충돌,안전거리미확보,건조,맑음,교차로 - 교차로부근,승용,남,67세,상해없음,승용,남,29세,경상
2019081000100432,2019년 8월 10일 15시,토요일,부산광역시 부산진구 양정동,부상신고사고,0,0,0,1,차량단독 - 기타,안전운전불이행,건조,맑음,교차로 - 교차로안,이륜,남,26세,부상신고,,,,
2019081000100433,2019년 8월 10일 15시,토요일,부산광역시 강서구 송정동,경상사고,0,0,1,0,차대차 - 기타,안전운전불이행,건조,맑음,교차로 - 교차로안,승용,남,34세,상해없음,승용,남,51세,경상
2019081000100462,2019년 8월 10일 16시,토요일,부산광역시 사하구 하단동,중상사고,0,1,1,0,차대차 - 추돌,안전운전불이행,건조,맑음,교차로 - 교차로부근,승용,남,20세,상해없음,승용,남,40세,중상
2019081000100463,2019년 8월 10일 16시,토요일,부산광역시 연제구 연산동,부상신고사고,0,0,0,1,차량단독 - 기타,안전운전불이행,건조,맑음,교차로 - 교차로부근,이륜,남,22세,부상신고,,,,
2019081000100464,2019년 8월 10일 16시,토요일,부산광역시 기장군 기장읍,경상사고,0,0,1,0,차대차 - 측면충돌,안전운전불이행,건조,맑음,교차로 - 교차로안,화물,남,60세,상해없음,승용,남,50세,상해없음
2019081000100492,2019년 8월 10일 17시,토요일,부산광역시 부산진구 전포동,경상사고,0,0,2,0,차대차 - 기타,기타,건조,맑음,교차로 - 교차로부근,승용,남,59세,상해없음,이륜,남,19세,경상
2019081000100493,2019년 8월 10일 17시,토요일,부산광역시 부산진구 개금동,경상사고,0,0,1,0,차대사람 - 기타,중앙선침범,건조,맑음,단일로 - 기타,이륜,남,19세,상해없음,보행자,남,20세,경상
2019081000100494,2019년 8월 10일 17시,토요일,부산광역시 사하구 구평동,경상사고,0,0,2,2,차대차 - 측면충돌,안전거리미확보,건조,맑음,교차로 - 교차로부근,승용,여,49세,상해없음,승용,남,45세,경상
2019081000100588,2019년 8월 10일 20시,토요일,부산광역시 해운대구 우동,경상사고,0,0,1,0,차대차 - 측면충돌,차로위반,건조,맑음,단일로 - 기타,승용,남,30세,경상,승용,남,24세,기타불명
2019081000100589,2019년 8월 10일 20시,토요일,부산광역시 부산진구 부전동,경상사고,0,0,2,0,차대차 - 기타,신호위반,건조,맑음,교차로 - 교차로부근,승용,남,44세,상해없음,승용,남,56세,경상
2019081000100590,2019년 8월 10일 20시,토요일,부산광역시 부산진구 당감동,경상사고,0,0,4,0,차대차 - 측면충돌,교차로운행방법위반,건조,맑음,단일로 - 기타,승용,여,62세,상해없음,승용,여,58세,경상
2019081000100591,2019년 8월 10일 20시,토요일,부산광역시 기장군 일광면,중상사고,0,1,0,0,차대사람 - 횡단중,보행자보호의무위반,건조,맑음,단일로 - 기타,승용,남,20세,상해없음,보행자,여,50세,중상
2019081000100620,2019년 8월 10일 21시,토요일,부산광역시 수영구 망미동,중상사고,0,1,1,0,차대차 - 기타,안전운전불이행,건조,맑음,교차로 - 교차로안,승용,여,57세,상해없음,승용,남,56세,경상
2019081000100657,2019년 8월 10일 22시,토요일,부산광역시 중구 동광동5가,경상사고,0,0,5,0,차대차 - 측면충돌,안전운전불이행,건조,맑음,단일로 - 기타,승용,남,69세,상해없음,승용,남,61세,경상
2019081000100658,2019년 8월 10일 22시,토요일,부산광역시 수영구 민락동,부상신고사고,0,0,0,1,차대차 - 기타,안전운전불이행,건조,맑음,단일로 - 기타,승용,남,67세,상해없음,승용,남,29세,부상신고
2019081000100659,2019년 8월 10일 22시,토요일,부산광역시 사하구 다대동,경상사고,0,0,1,0,차대차 - 추돌,안전거리미확보,건조,맑음,단일로 - 기타,승용,남,71세,상해없음,승용,남,59세,상해없음
2019081100100034,2019년 8월 11일 01시,일요일,부산광역시 북구 구포동,경상사고,0,0,1,0,차대사람 - 횡단중,안전운전불이행,건조,맑음,교차로 - 교차로횡단보도내,승용,남,35세,상해없음,보행자,남,31세,경상
2019081100100035,2019년 8월 11일 01시,일요일,부산광역시 사하구 하단동,경상사고,0,0,1,0,차대차 - 기타,안전거리미확보,건조,맑음,단일로 - 지하차도(도로)내,승용,남,40세,상해없음,승용,여,30세,경상
2019081100100088,2019년 8월 11일 07시,일요일,부산광역시 사하구 감천동,중상사고,0,1,0,0,차대사람 - 기타,안전운전불이행,건조,맑음,교차로 - 교차로안,승용,남,68세,상해없음,보행자,남,50세,중상
2019081100100103,2019년 8월 11일 08시,일요일,부산광역시 사하구 하단동,경상사고,0,0,1,0,차대사람 - 횡단중,신호위반,건조,맑음,단일로 - 기타,승용,여,55세,상해없음,보행자,남,78세,경상
2019081100100116,2019년 8월 11일 09시,일요일,부산광역시 연제구 연산동,경상사고,0,0,1,0,차대차 - 측면충돌,안전거리미확보,건조,맑음,교차로 - 교차로안,승용,남,68세,기타불명,승용,남,59세,경상
2019081100100131,2019년 8월 11일 10시,일요일,부산광역시 남구 대연동,중상사고,0,1,0,1,차대차 - 측면충돌,신호위반,건조,맑음,교차로 - 교차로안,이륜,남,20세,부상신고,승용,남,37세,상해없음
2019081100100132,2019년 8월 11일 10시,일요일,부산광역시 남구 대연동,경상사고,0,0,1,0,차대차 - 추돌,안전운전불이행,건조,맑음,단일로 - 기타,승용,남,43세,상해없음,승용,여,39세,경상
2019081100100152,2019년 8월 11일 11시,일요일,부산광역시 북구 구포동,경상사고,0,0,1,0,차대차 - 정면충돌,안전운전불이행,건조,맑음,단일로 - 기타,승용,남,57세,상해없음,이륜,남,26세,경상
2019081100100153,2019년 8월 11일 11시,일요일,부산광역시 해운대구 재송동,경상사고,0,0,1,0,차대차 - 기타,안전운전불이행,건조,맑음,교차로 - 교차로안,승용,남,55세,상해없음,이륜,남,26세,경상
2019081100100154,2019년 8월 11일 11시,일요일,부산광역시 사상구 학장동,중상사고,0,1,0,0,차대차 - 측면충돌,안전운전불이행,건조,맑음,교차로 - 교차로안,화물,남,29세,상해없음,원동기,남,35세,중상
2019081100100184,2019년 8월 11일 12시,일요일,부산광역시 해운대구 우동,경상사고,0,0,1,0,차대차 - 측면충돌,안전거리미확보,건조,맑음,단일로 - 기타,화물,남,55세,상해없음,승용,여,48세,경상
2019081100100185,2019년 8월 11일 12시,일요일,부산광역시 부산진구 전포동,경상사고,0,0,3,0,차대차 - 측면충돌,신호위반,건조,맑음,교차로 - 교차로안,이륜,남,19세,상해없음,승용,남,44세,경상
2019081100100186,2019년 8월 11일 12시,일요일,부산광역시 사하구 신평동,경상사고,0,0,1,0,차대차 - 기타,안전운전불이행,건조,맑음,교차로 - 교차로부근,자전거,남,41세,경상,승용,남,69세,상해없음
2019081100100213,2019년 8월 11일 13시,일요일,부산광역시 부산진구 범천동,경상사고,0,0,3,0,차대차 - 측면충돌,안전거리미확보,건조,맑음,단일로 - 기타,승용,여,49세,상해없음,승용,남,33세,경상
2019081100100214,2019년 8월 11일 13시,일요일,부산광역시 사상구 모라동,중상사고,0,1,0,0,차대차 - 정면충돌,중앙선침범,건조,맑음,단일로 - 기타,승용,남,77세,상해없음,원동기,남,43세,중상
2019081100100239,2019년 8월 11일 14시,일요일,부산광역시 북구 만덕동,경상사고,0,0,1,0,차대차 - 기타,안전거리미확보,건조,맑음,단일로 - 기타,승용,남,35세,상해없음,승용,남,60세,경상
2019081100100240,2019년 8월 11일 14시,일요일,부산광역시 해운대구 반여동,경상사고,0,0,2,0,차대차 - 측면충돌,안전거리미확보,건조,맑음,교차로 - 교차로부근,승용,남,75세,상해없음,승용,남,30세,경상
2019081100100241,2019년 8월 11일 14시,일요일,부산광역시 사하구 당리동,경상사고,0,0,1,0,차대차 - 기타,직진우회전진행방해,건조,맑음,교차로 - 교차로안,승용,남,69세,상해없음,승용,남,34세,경상
2019081100100273,2019년 8월 11일 15시,일요일,부산광역시 중구 영주동,부상신고사고,0,0,0,1,차량단독 - 공작물충돌,중앙선침범,건조,맑음,교차로 - 교차로부근,이륜,남,26세,부상신고,,,,
2019081100100274,2019년 8월 11일 15시,일요일,부산광역시 북구 만덕동,경상사고,0,0,1,0,차대차 - 측면충돌,교차로운행방법위반,건조,맑음,교차로 - 교차로안,승합,남,69세,상해없음,승용,남,52세,상해없음
2019081100100275,2019년 8월 11일 15시,일요일,부산광역시 해운대구 반여동,중상사고,0,1,0,0,차대차 - 추돌,안전운전불이행,건조,맑음,교차로 - 교차로안,화물,남,56세,상해없음,승용,여,28세,중상
2019081100100276,2019년 8월 11일 15시,일요일,부산광역시 기장군 정관읍,경상사고,0,0,1,0,차대사람 - 길가장자리구역통행중,안전운전불이행,건조,맑음,단일로 - 기타,승용,남,55세,상해없음,보행자,남,35세,경상
2019081100100326,2019년 8월 11일 17시,일요일,부산광역시 서구 암남동,경상사고,0,0,1,0,차대차 - 후진중충돌,안전운전불이행,건조,맑음,교차로 - 교차로부근,승용,남,20세,상해없음,승용,남,59세,경상
2019081100100327,2019년 8월 11일 17시,일요일,부산광역시 해운대구 우동,경상사고,0,0,2,0,차대차 - 추돌,안전운전불이행,건조,맑음,단일로 - 기타,화물,남,79세,상해없음,승용,남,29세,경상
2019081100100328,2019년 8월 11일 17시,일요일,부산광역시 금정구 구서동,부상신고사고,0,0,0,1,차대차 - 기타,신호위반,건조,맑음,교차로 - 교차로안,이륜,남,55세,상해없음,이륜,남,18세,부상신고
2019081100100356,2019년 8월 11일 18시,일요일,부산광역시 북구 덕천동,경상사고,0,0,1,0,차대차 - 기타,안전거리미확보,건조,맑음,단일로 - 기타,승용,남,43세,상해없음,승합,남,31세,상해없음
2019081100100357,2019년 8월 11일 18시,일요일,부산광역시 사하구 감천동,중상사고,0,1,0,0,차대사람 - 차도통행중,안전운전불이행,건조,맑음,단일로 - 기타,승용,남,45세,상해없음,보행자,여,83세,중상
2019081100100387,2019년 8월 11일 19시,일요일,부산광역시 동래구 사직동,중상사고,0,1,0,0,차대차 - 기타,신호위반,건조,맑음,교차로 - 교차로안,승용,여,53세,상해없음,이륜,남,30세,중상
2019081100100388,2019년 8월 11일 19시,일요일,부산광역시 사상구 모라동,경상사고,0,0,2,0,차대차 - 기타,안전거리미확보,건조,맑음,교차로 - 교차로부근,원동기,남,41세,상해없음,승용,남,31세,경상
2019081100100415,2019년 8월 11일 20시,일요일,부산광역시 동구 초량동,경상사고,0,0,1,0,차대차 - 측면충돌,안전거리미확보,건조,맑음,단일로 - 기타,화물,남,71세,상해없음,승용,남,28세,경상
2019081100100416,2019년 8월 11일 20시,일요일,부산광역시 서구 남부민동,중상사고,0,1,0,0,차대차 - 측면충돌,신호위반,건조,맑음,교차로 - 교차로안,이륜,남,51세,중상,승용,여,49세,상해없음
2019081100100417,2019년 8월 11일 20시,일요일,부산광역시 수영구 망미동,중상사고,0,1,0,0,차대차 - 측면충돌,기타,건조,맑음,교차로 - 교차로안,승용,남,54세,상해없음,이륜,여,61세,중상
2019081100100458,2019년 8월 11일 21시,일요일,부산광역시 수영구 수영동,중상사고,0,1,0,0,차대차 - 측면충돌,기타,건조,맑음,교차로 - 교차로안,이륜,남,38세,중상,승용,남,66세,상해없음
2019081100100508,2019년 8월 11일 23시,일요일,부산광역시 사하구 다대동,경상사고,0,0,1,0,차대차 - 측면충돌,신호위반,건조,맑음,교차로 - 교차로안,승합,남,51세,상해없음,승용,남,33세,경상
2019081200100035,2019년 8월 12일 00시,월요일,부산광역시 해운대구 우동,부상신고사고,0,0,0,1,차대차 - 측면충돌,교차로운행방법위반,건조,맑음,교차로 - 교차로안,이륜,남,18세,부상신고,승용,남,50세,상해없음
2019081200100036,2019년 8월 12일 00시,월요일,부산광역시 해운대구 좌동,중상사고,0,1,0,0,차대차 - 측면충돌,중앙선침범,건조,맑음,교차로 - 교차로부근,승용,남,51세,상해없음,이륜,남,21세,중상
2019081200100048,2019년 8월 12일 01시,월요일,부산광역시 부산진구 부전동,경상사고,0,0,1,0,차대사람 - 보도통행중,기타,건조,맑음,기타 - 기타,승용,남,21세,상해없음,보행자,남,51세,경상
2019081200100058,2019년 8월 12일 03시,월요일,부산광역시 영도구 동삼동,중상사고,0,1,0,0,차량단독 - 공작물충돌,안전운전불이행,건조,맑음,교차로 - 교차로부근,승용,남,22세,상해없음,,,,
2019081200100064,2019년 8월 12일 04시,월요일,부산광역시 해운대구 우동,경상사고,0,0,1,0,차대사람 - 기타,안전운전불이행,건조,맑음,단일로 - 기타,승용,남,41세,상해없음,보행자,남,23세,경상
2019081200100081,2019년 8월 12일 06시,월요일,부산광역시 남구 문현동,중상사고,0,1,0,0,차대사람 - 차도통행중,안전운전불이행,건조,맑음,교차로 - 교차로안,승용,여,57세,상해없음,보행자,여,62세,중상
2019081200100082,2019년 8월 12일 06시,월요일,부산광역시 연제구 연산동,경상사고,0,0,1,0,차대사람 - 기타,교차로운행방법위반,건조,맑음,교차로 - 교차로안,승용,남,56세,상해없음,보행자,남,74세,경상
2019081200100102,2019년 8월 12일 07시,월요일,부산광역시 연제구 연산동,경상사고,0,0,1,0,차대차 - 추돌,안전운전불이행,건조,맑음,교차로 - 교차로부근,승용,여,36세,상해없음,승합,남,46세,경상
2019081200100137,2019년 8월 12일 08시,월요일,부산광역시 부산진구 범천동,경상사고,0,0,2,0,차대차 - 추돌,안전운전불이행,건조,맑음,단일로 - 기타,건설기계,남,55세,상해없음,승용,남,55세,경상
2019081200100138,2019년 8월 12일 08시,월요일,부산광역시 사하구 괴정동,경상사고,0,0,1,0,차대차 - 측면충돌,안전운전불이행,건조,맑음,단일로 - 기타,승용,여,54세,상해없음,승용,남,72세,경상
2019081200100139,2019년 8월 12일 08시,월요일,부산광역시 사상구 엄궁동,경상사고,0,0,2,0,차대차 - 측면충돌,차로위반,건조,맑음,교차로 - 교차로부근,승용,남,66세,경상,승용,남,32세,경상
2019081200100183,2019년 8월 12일 09시,월요일,부산광역시 동구 범일동,경상사고,0,0,1,0,차대차 - 측면충돌,안전거리미확보,건조,흐림,교차로 - 교차로부근,승용,여,39세,상해없음,승용,여,57세,경상
2019081200100184,2019년 8월 12일 09시,월요일,부산광역시 수영구 남천동,경상사고,0,0,1,0,차대사람 - 횡단중,안전운전불이행,건조,맑음,단일로 - 기타,승용,여,58세,상해없음,보행자,여,59세,경상
2019081200100185,2019년 8월 12일 09시,월요일,부산광역시 영도구 영선동3가,중상사고,0,1,0,0,차대사람 - 횡단중,안전운전불이행,건조,맑음,단일로 - 기타,이륜,남,56세,상해없음,보행자,여,79세,중상
2019081200100212,2019년 8월 12일 10시,월요일,부산광역시 동구 좌천동,경상사고,0,0,1,0,차대차 - 추돌,안전운전불이행,건조,맑음,단일로 - 기타,승합,남,61세,상해없음,승용,여,55세,경상
2019081200100213,2019년 8월 12일 10시,월요일,부산광역시 강서구 대저1동,중상사고,0,1,0,0,차대차 - 기타,신호위반,건조,맑음,교차로 - 교차로부근,이륜,남,39세,상해없음,이륜,남,72세,중상
2019081200100250,2019년 8월 12일 11시,월요일,부산광역시 금정구 구서동,경상사고,0,0,1,0,차대차 - 추돌,안전운전불이행,건조,맑음,단일로 - 기타,화물,남,68세,상해없음,승용,남,43세,경상
2019081200100295,2019년 8월 12일 12시,월요일,부산광역시 동구 범일동,사망사고,1,2,0,0,차대사람 - 기타,안전운전불이행,건조,맑음,단일로 - 기타,승용,여,54세,상해없음,보행자,남,56세,사망
2019081200100296,2019년 8월 12일 12시,월요일,부산광역시 수영구 민락동,중상사고,0,1,0,0,차대차 - 기타,안전운전불이행,건조,맑음,교차로 - 교차로안,승용,여,45세,상해없음,승용,남,65세,중상
2019081200100297,2019년 8월 12일 12시,월요일,부산광역시 부산진구 가야동,중상사고,0,1,0,0,차대사람 - 기타,안전운전불이행,건조,맑음,단일로 - 기타,승합,남,29세,상해없음,보행자,여,61세,중상
2019081200100340,2019년 8월 12일 13시,월요일,부산광역시 해운대구 우동,경상사고,0,0,1,0,차대차 - 추돌,안전운전불이행,건조,맑음,교차로 - 교차로부근,승용,남,29세,상해없음,승용,남,31세,경상
2019081200100341,2019년 8월 12일 13시,월요일,부산광역시 사상구 엄궁동,부상신고사고,0,0,0,1,차대사람 - 기타,안전운전불이행,건조,맑음,단일로 - 기타,승용,여,61세,상해없음,보행자,남,22세,부상신고
2019081200100384,2019년 8월 12일 14시,월요일,부산광역시 서구 남부민동,경상사고,0,0,3,0,차대차 - 정면충돌,중앙선침범,건조,맑음,단일로 - 기타,이륜,남,29세,상해없음,승용,남,68세,경상
2019081200100385,2019년 8월 12일 14시,월요일,부산광역시 영도구 봉래동5가,경상사고,0,0,4,0,차대차 - 정면충돌,신호위반,건조,맑음,단일로 - 기타,화물,남,57세,상해없음,승용,남,47세,경상
2019081200100386,2019년 8월 12일 14시,월요일,부산광역시 해운대구 좌동,경상사고,0,0,2,0,차대차 - 측면충돌,안전거리미확보,건조,맑음,교차로 - 교차로횡단보도내,승용,남,31세,상해없음,승용,여,46세,경상
2019081200100387,2019년 8월 12일 14시,월요일,부산광역시 부산진구 부전동,중상사고,0,1,0,0,차대차 - 기타,신호위반,건조,맑음,교차로 - 교차로안,승용,여,63세,상해없음,이륜,남,39세,중상
2019081200100429,2019년 8월 12일 15시,월요일,부산광역시 해운대구 반여동,중상사고,0,1,0,0,차대차 - 측면충돌,중앙선침범,건조,맑음,단일로 - 기타,승용,여,50세,상해없음,승용,여,56세,중상
2019081200100430,2019년 8월 12일 15시,월요일,부산광역시 해운대구 좌동,중상사고,0,1,0,0,차대사람 - 횡단중,안전운전불이행,기타,맑음,단일로 - 기타,승합,남,48세,상해없음,보행자,여,84세,중상
2019081200100431,2019년 8월 12일 15시,월요일,부산광역시 부산진구 전포동,경상사고,0,0,1,1,차량단독 - 공작물충돌,안전운전불이행,건조,맑음,단일로 - 고가도로위,승용,남,73세,부상신고,,,,
2019081200100432,2019년 8월 12일 15시,월요일,부산광역시 사상구 모라동,중상사고,0,1,0,0,차대차 - 기타,교차로운행방법위반,건조,맑음,교차로 - 교차로안,승용,남,56세,상해없음,이륜,남,51세,중상
2019081200100433,2019년 8월 12일 15시,월요일,부산광역시 기장군 기장읍,경상사고,0,0,1,0,차대사람 - 기타,신호위반,건조,맑음,교차로 - 교차로안,화물,남,60세,상해없음,보행자,여,59세,경상
2019081200100478,2019년 8월 12일 16시,월요일,부산광역시 남구 대연동,경상사고,0,0,1,0,차대차 - 기타,안전운전불이행,건조,맑음,교차로 - 교차로안,자전거,남,41세,경상,승합,남,48세,상해없음
2019081200100479,2019년 8월 12일 16시,월요일,부산광역시 사하구 괴정동,경상사고,0,0,2,0,차대차 - 측면충돌,안전거리미확보,건조,맑음,단일로 - 기타,화물,남,37세,경상,승용,남,67세,경상
2019081200100521,2019년 8월 12일 17시,월요일,부산광역시 북구 만덕동,경상사고,0,0,3,1,차대차 - 기타,기타,건조,맑음,단일로 - 기타,승합,남,45세,상해없음,승용,여,39세,상해없음
2019081200100563,2019년 8월 12일 18시,월요일,부산광역시 중구 부평동3가,경상사고,0,0,1,0,차대차 - 측면충돌,교차로운행방법위반,건조,맑음,교차로 - 교차로안,개인형이동수단(PM),남,31세,상해없음,승용,남,63세,상해없음
2019081200100564,2019년 8월 12일 18시,월요일,부산광역시 사상구 모라동,경상사고,0,0,1,1,차대차 - 측면충돌,차로위반,건조,맑음,단일로 - 기타,승용,남,48세,상해없음,승용,여,45세,경상
2019081200100604,2019년 8월 12일 19시,월요일,부산광역시 연제구 연산동,경상사고,0,0,1,1,차대차 - 측면충돌,신호위반,건조,맑음,교차로 - 교차로안,승용,남,77세,상해없음,승용,남,25세,부상신고
2019081200100635,2019년 8월 12일 20시,월요일,부산광역시 북구 만덕동,중상사고,0,1,0,0,차대사람 - 기타,안전운전불이행,건조,맑음,단일로 - 기타,승용,여,27세,상해없음,보행자,남,32세,중상
2019081200100636,2019년 8월 12일 20시,월요일,부산광역시 부산진구 개금동,경상사고,0,0,1,0,차대사람 - 횡단중,안전운전불이행,건조,맑음,단일로 - 기타,승용,여,51세,상해없음,보행자,여,48세,경상
2019081200100637,2019년 8월 12일 20시,월요일,부산광역시 연제구 연산동,중상사고,0,1,0,0,차대차 - 후진중충돌,안전운전불이행,건조,맑음,단일로 - 기타,화물,남,54세,상해없음,자전거,남,65세,중상
2019081200100671,2019년 8월 12일 21시,월요일,부산광역시 사하구 구평동,경상사고,0,0,1,0,차대차 - 기타,안전운전불이행,건조,맑음,교차로 - 교차로부근,승용,남,37세,경상,승용,남,59세,상해없음
2019081200100711,2019년 8월 12일 23시,월요일,부산광역시 수영구 민락동,경상사고,0,0,1,0,차대차 - 측면충돌,안전운전불이행,기타,맑음,교차로 - 교차로부근,승용,남,21세,상해없음,승용,남,63세,경상
2019081200100712,2019년 8월 12일 23시,월요일,부산광역시 영도구 봉래동1가,중상사고,0,1,0,0,차대사람 - 길가장자리구역통행중,안전운전불이행,건조,맑음,교차로 - 교차로안,승용,여,34세,상해없음,보행자,여,57세,중상
2019081200100713,2019년 8월 12일 23시,월요일,부산광역시 부산진구 부전동,경상사고,0,0,3,0,차대차 - 측면충돌,차로위반,건조,맑음,단일로 - 기타,승용,남,46세,상해없음,승용,남,56세,경상
2019081200100714,2019년 8월 12일 23시,월요일,부산광역시 사상구 주례동,부상신고사고,0,0,0,1,차대차 - 측면충돌,안전운전불이행,건조,맑음,교차로 - 교차로안,이륜,남,66세,부상신고,승합,남,47세,상해없음
2019081300100042,2019년 8월 13일 01시,화요일,부산광역시 영도구 봉래동3가,부상신고사고,0,0,0,1,차량단독 - 전도전복 - 전도,안전운전불이행,건조,맑음,단일로 - 기타,이륜,남,39세,부상신고,,,,
2019081300100052,2019년 8월 13일 03시,화요일,부산광역시 수영구 광안동,경상사고,0,0,1,0,차대차 - 추돌,차로위반,건조,맑음,단일로 - 기타,승용,남,52세,상해없음,이륜,남,22세,경상
2019081300100073,2019년 8월 13일 06시,화요일,부산광역시 강서구 명지동,경상사고,0,0,2,0,차대차 - 후진중충돌,안전운전불이행,건조,맑음,교차로 - 교차로부근,화물,남,21세,상해없음,승용,남,35세,경상
2019081300100087,2019년 8월 13일 07시,화요일,부산광역시 사하구 하단동,경상사고,0,0,1,0,차대사람 - 기타,안전운전불이행,건조,맑음,단일로 - 지하차도(도로)내,승용,남,59세,상해없음,보행자,남,24세,경상
2019081300100088,2019년 8월 13일 07시,화요일,부산광역시 강서구 대저1동,경상사고,0,0,1,0,차대차 - 측면충돌,안전거리미확보,건조,맑음,단일로 - 기타,화물,남,63세,상해없음,승용,남,40세,경상
2019081300100114,2019년 8월 13일 08시,화요일,부산광역시 사상구 덕포동,경상사고,0,0,1,0,차대차 - 측면충돌,교차로운행방법위반,건조,맑음,교차로 - 교차로안,승용,남,56세,상해없음,개인형이동수단(PM),여,24세,경상
2019081300100115,2019년 8월 13일 08시,화요일,부산광역시 사상구 학장동,중상사고,0,1,0,0,차대사람 - 차도통행중,안전운전불이행,건조,맑음,단일로 - 기타,화물,남,61세,상해없음,보행자,남,36세,중상
2019081300100150,2019년 8월 13일 09시,화요일,부산광역시 사하구 구평동,경상사고,0,0,1,1,차대차 - 측면충돌,안전거리미확보,건조,맑음,단일로 - 지하차도(도로)내,승용,남,49세,부상신고,승용,여,36세,경상