사고번호,사고일시,요일,시군구,사고내용,사망자수,중상자수,경상자수,부상신고자수,사고유형,법규위반,노면상태,기상상태,도로형태,가해운전자 차종,가해운전자 성별,가해운전자 연령,가해운전자 상해정도,피해운전자 차종,피해운전자 성별,피해운전자 연령,피해운전자 상해정도
2019081600100194,2019년 8월 16일 10시,금요일,부산광역시 서구 암남동,경상사고,0,0,2,0,차대차 - 측면충돌,교차로운행방법위반,건조,맑음,교차로 - 교차로부근,화물,남,42세,경상,화물,남,62세,경상
2019081600100195,2019년 8월 16일 10시,금요일,부산광역시 남구 문현동,경상사고,0,0,1,0,차대차 - 측면충돌,안전거리미확보,건조,맑음,단일로 - 기타,승용,여,56세,상해없음,승용,여,28세,경상
2019081600100196,2019년 8월 16일 10시,금요일,부산광역시 부산진구 당감동,경상사고,0,0,1,0,차대차 - 추돌,안전운전불이행,건조,맑음,단일로 - 기타,승용,남,37세,상해없음,승용,남,53세,경상
2019081600100197,2019년 8월 16일 10시,금요일,부산광역시 기장군 기장읍,경상사고,0,0,1,0,차대차 - 기타,안전운전불이행,건조,맑음,교차로 - 교차로부근,특수,남,55세,상해없음,승용,여,55세,경상
2019081600100230,2019년 8월 16일 11시,금요일,부산광역시 남구 대연동,경상사고,0,0,1,0,차대사람 - 보도통행중,기타,건조,맑음,단일로 - 기타,화물,남,35세,상해없음,보행자,여,31세,경상
2019081600100231,2019년 8월 16일 11시,금요일,부산광역시 해운대구 재송동,경상사고,0,0,1,0,차대사람 - 기타,보행자보호의무위반,건조,맑음,단일로 - 기타,승용,남,62세,상해없음,보행자,여,27세,경상
2019081600100232,2019년 8월 16일 11시,금요일,부산광역시 사상구 덕포동,중상사고,0,1,1,0,차대차 - 측면충돌,교차로운행방법위반,건조,맑음,교차로 - 교차로안,화물,남,39세,경상,이륜,남,54세,중상
2019081600100269,2019년 8월 16일 12시,금요일,부산광역시 기장군 장안읍,경상사고,0,0,1,0,차대차 - 기타,교차로운행방법위반,건조,맑음,교차로 - 교차로안,승용,남,36세,상해없음,승용,남,37세,경상
2019081600100307,2019년 8월 16일 13시,금요일,부산광역시 부산진구 전포동,경상사고,0,0,2,0,차대차 - 측면충돌,차로위반,건조,맑음,단일로 - 기타,승용,남,77세,상해없음,승용,남,38세,경상
2019081600100308,2019년 8월 16일 13시,금요일,부산광역시 연제구 연산동,경상사고,0,0,1,0,차대차 - 추돌,안전거리미확보,건조,맑음,단일로 - 기타,승용,여,26세,상해없음,승용,남,65세,경상
2019081600100385,2019년 8월 16일 15시,금요일,부산광역시 동래구 온천동,중상사고,0,1,0,0,차대차 - 기타,직진우회전진행방해,건조,맑음,교차로 - 교차로안,승용,여,60세,상해없음,승용,여,68세,중상
2019081600100386,2019년 8월 16일 15시,금요일,부산광역시 해운대구 우동,경상사고,0,0,1,0,차대차 - 측면충돌,교차로운행방법위반,건조,맑음,교차로 - 교차로부근,건설기계,남,32세,상해없음,승용,남,71세,경상
2019081600100460,2019년 8월 16일 17시,금요일,부산광역시 수영구 민락동,경상사고,0,0,2,0,차대차 - 기타,안전거리미확보,건조,맑음,교차로 - 교차로부근,승용,남,52세,상해없음,승용,여,35세,경상
2019081600100461,2019년 8월 16일 17시,금요일,부산광역시 해운대구 우동,경상사고,0,0,4,0,차대차 - 기타,신호위반,기타,맑음,단일로 - 기타,승합,남,64세,상해없음,승용,여,35세,경상
2019081600100462,2019년 8월 16일 17시,금요일,부산광역시 부산진구 부전동,경상사고,0,0,2,0,차대차 - 기타,직진우회전진행방해,건조,맑음,교차로 - 교차로안,승용,남,30세,상해없음,이륜,남,77세,경상
2019081600100463,2019년 8월 16일 17시,금요일,부산광역시 금정구 금사동,경상사고,0,0,1,0,차대차 - 측면충돌,교차로운행방법위반,건조,맑음,교차로 - 교차로안,승용,남,62세,기타불명,이륜,남,42세,경상
2019081600100464,2019년 8월 16일 17시,금요일,부산광역시 사하구 다대동,경상사고,0,0,1,0,차대차 - 측면충돌,안전운전불이행,건조,맑음,단일로 - 기타,이륜,남,57세,경상,화물,남,49세,상해없음
2019081600100465,2019년 8월 16일 17시,금요일,부산광역시 연제구 거제동,경상사고,0,0,1,0,차대차 - 추돌,안전거리미확보,건조,맑음,단일로 - 기타,승용,여,54세,상해없음,승용,남,26세,경상
2019081600100509,2019년 8월 16일 18시,금요일,부산광역시 남구 대연동,경상사고,0,0,1,0,차대차 - 기타,신호위반,건조,맑음,교차로 - 교차로안,자전거,남,47세,경상,승용,남,22세,상해없음
2019081600100510,2019년 8월 16일 18시,금요일,부산광역시 사상구 모라동,경상사고,0,0,1,0,차대차 - 추돌,기타,건조,맑음,단일로 - 기타,승용,남,71세,상해없음,이륜,남,39세,경상
2019081600100567,2019년 8월 16일 19시,금요일,부산광역시 남구 용호동,경상사고,0,0,1,0,차대사람 - 횡단중,보행자보호의무위반,건조,맑음,교차로 - 교차로횡단보도내,승용,여,31세,상해없음,보행자,남,13세,경상
2019081600100568,2019년 8월 16일 19시,금요일,부산광역시 남구 대연동,경상사고,0,0,2,0,차대차 - 추돌,안전운전불이행,건조,맑음,교차로 - 교차로부근,승합,남,44세,상해없음,승용,남,50세,경상
2019081600100569,2019년 8월 16일 19시,금요일,부산광역시 북구 금곡동,경상사고,0,0,1,0,차대차 - 기타,안전거리미확보,건조,맑음,단일로 - 기타,화물,남,44세,상해없음,승용,여,34세,경상
2019081600100570,2019년 8월 16일 19시,금요일,부산광역시 사하구 하단동,중상사고,0,1,4,0,차대차 - 추돌,직진우회전진행방해,건조,맑음,교차로 - 교차로안,승용,여,56세,상해없음,승용,남,46세,경상
2019081600100608,2019년 8월 16일 20시,금요일,부산광역시 연제구 연산동,중상사고,0,2,0,0,차대차 - 측면충돌,안전운전불이행,건조,맑음,교차로 - 교차로부근,승용,남,44세,상해없음,이륜,남,24세,중상
2019081600100636,2019년 8월 16일 21시,금요일,부산광역시 사상구 감전동,경상사고,0,0,2,0,차대차 - 측면충돌,안전운전불이행,건조,맑음,단일로 - 기타,승합,남,64세,상해없음,승용,여,25세,경상
2019081600100666,2019년 8월 16일 22시,금요일,부산광역시 서구 서대신동3가,경상사고,0,0,1,0,차대차 - 측면충돌,신호위반,건조,맑음,교차로 - 교차로안,승용,남,27세,상해없음,승용,남,56세,경상
2019081600100684,2019년 8월 16일 23시,금요일,부산광역시 수영구 광안동,경상사고,0,0,2,0,차대차 - 측면충돌,안전운전불이행,건조,맑음,교차로 - 교차로부근,승용,남,42세,상해없음,승용,남,38세,경상
2019081600100685,2019년 8월 16일 23시,금요일,부산광역시 사상구 학장동,경상사고,0,0,2,0,차대차 - 추돌,안전운전불이행,건조,맑음,단일로 - 기타,승용,남,33세,상해없음,승용,남,49세,경상
2019081700100021,2019년 8월 17일 00시,토요일,부산광역시 연제구 연산동,경상사고,0,0,3,0,차대차 - 측면충돌,안전운전불이행,건조,맑음,단일로 - 기타,승용,남,64세,상해없음,승용,남,31세,상해없음
2019081700100039,2019년 8월 17일 01시,토요일,부산광역시 사상구 학장동,경상사고,0,0,1,0,차대차 - 추돌,안전운전불이행,건조,맑음,단일로 - 기타,승용,남,24세,상해없음,승용,남,37세,경상
2019081700100054,2019년 8월 17일 02시,토요일,부산광역시 사하구 하단동,중상사고,0,1,0,0,차량단독 - 공작물충돌,안전운전불이행,건조,기타,단일로 - 교량,화물,남,68세,중상,,,,
2019081700100055,2019년 8월 17일 02시,토요일,부산광역시 사하구 괴정동,경상사고,0,0,1,1,차대차 - 측면충돌,안전거리미확보,건조,기타,단일로 - 지하차도(도로)내,이륜,남,18세,부상신고,화물,남,56세,상해없음
2019081700100056,2019년 8월 17일 02시,토요일,부산광역시 기장군 정관읍,중상사고,0,1,0,0,차대사람 - 횡단중,신호위반,건조,맑음,교차로 - 교차로횡단보도내,이륜,남,53세,상해없음,보행자,남,33세,중상
2019081700100057,2019년 8월 17일 02시,토요일,부산광역시 기장군 기장읍,경상사고,0,0,3,0,차대차 - 측면충돌,교차로운행방법위반,건조,맑음,교차로 - 교차로안,승용,남,66세,상해없음,승용,남,54세,경상
2019081700100085,2019년 8월 17일 05시,토요일,부산광역시 연제구 연산동,중상사고,0,1,0,0,차량단독 - 전도전복 - 전복,안전운전불이행,건조,맑음,단일로 - 기타,승용,여,45세,중상,,,,
2019081700100129,2019년 8월 17일 08시,토요일,부산광역시 부산진구 부암동,부상신고사고,0,0,0,1,차대차 - 측면충돌,차로위반,건조,맑음,기타 - 기타,승용,남,29세,부상신고,특수,남,61세,상해없음
2019081700100187,2019년 8월 17일 11시,토요일,부산광역시 수영구 민락동,경상사고,0,0,1,0,차대차 - 측면충돌,교차로운행방법위반,건조,맑음,교차로 - 교차로안,승용,여,75세,상해없음,승용,여,29세,경상
2019081700100188,2019년 8월 17일 11시,토요일,부산광역시 동래구 명장동,경상사고,0,0,1,0,차대차 - 기타,안전운전불이행,건조,맑음,교차로 - 교차로안,화물,남,48세,상해없음,승용,남,46세,경상
2019081700100267,2019년 8월 17일 13시,토요일,부산광역시 수영구 광안동,경상사고,0,0,1,0,차대사람 - 횡단중,보행자보호의무위반,건조,맑음,단일로 - 기타,승용,남,47세,상해없음,보행자,남,4세,경상
2019081700100268,2019년 8월 17일 13시,토요일,부산광역시 수영구 망미동,경상사고,0,0,1,0,차대사람 - 횡단중,보행자보호의무위반,기타,기타,단일로 - 기타,승용,남,53세,상해없음,보행자,남,52세,경상
2019081700100312,2019년 8월 17일 14시,토요일,부산광역시 중구 부평동2가,중상사고,0,1,0,0,차대차 - 측면충돌,안전운전불이행,건조,맑음,단일로 - 고가도로위,승용,남,65세,상해없음,이륜,남,69세,중상
2019081700100313,2019년 8월 17일 14시,토요일,부산광역시 남구 문현동,경상사고,0,0,1,0,차량단독 - 기타,안전운전불이행,건조,맑음,단일로 - 기타,승합,남,62세,상해없음,,,,
2019081700100314,2019년 8월 17일 14시,토요일,부산광역시 사상구 주례동,경상사고,0,0,1,0,차대사람 - 차도통행중,안전운전불이행,건조,맑음,교차로 - 교차로부근,화물,남,51세,상해없음,보행자,여,42세,경상
2019081700100393,2019년 8월 17일 16시,토요일,부산광역시 해운대구 우동,경상사고,0,0,1,0,차대차 - 기타,안전거리미확보,건조,맑음,교차로 - 교차로부근,승용,남,30세,상해없음,승용,남,39세,경상
2019081700100394,2019년 8월 17일 16시,토요일,부산광역시 사상구 학장동,경상사고,0,0,2,0,차대차 - 측면충돌,차로위반,건조,맑음,단일로 - 기타,건설기계,남,51세,상해없음,승용,남,30세,경상
2019081700100434,2019년 8월 17일 17시,토요일,부산광역시 북구 화명동,경상사고,0,0,1,1,차대차 - 기타,신호위반,건조,맑음,교차로 - 교차로부근,이륜,남,45세,부상신고,이륜,남,29세,경상
2019081700100435,2019년 8월 17일 17시,토요일,부산광역시 해운대구 좌동,중상사고,0,1,0,0,차대사람 - 기타,안전운전불이행,건조,맑음,단일로 - 기타,승용,남,22세,상해없음,보행자,여,72세,중상
2019081700100436,2019년 8월 17일 17시,토요일,부산광역시 수영구 망미동,경상사고,0,0,1,0,차대사람 - 기타,안전운전불이행,건조,맑음,단일로 - 기타,이륜,남,28세,상해없음,보행자,남,50세,경상
2019081700100479,2019년 8월 17일 18시,토요일,부산광역시 동래구 온천동,경상사고,0,0,1,0,차대차 - 추돌,안전운전불이행,건조,맑음,단일로 - 기타,승용,남,62세,상해없음,승용,남,29세,경상
2019081700100480,2019년 8월 17일 18시,토요일,부산광역시 해운대구 중동,경상사고,0,0,4,0,차대차 - 측면충돌,신호위반,건조,맑음,교차로 - 교차로안,승용,여,49세,상해없음,승용,남,36세,경상
2019081700100518,2019년 8월 17일 19시,토요일,부산광역시 북구 구포동,경상사고,0,0,1,0,차량단독 - 기타,안전운전불이행,젖음/습기,맑음,단일로 - 기타,이륜,남,25세,경상,,,,
2019081700100519,2019년 8월 17일 19시,토요일,부산광역시 영도구 동삼동,중상사고,0,1,1,0,차대차 - 측면충돌,안전운전불이행,건조,맑음,단일로 - 기타,이륜,남,43세,상해없음,승합,남,58세,상해없음
2019081700100520,2019년 8월 17일 19시,토요일,부산광역시 해운대구 중동,중상사고,0,1,0,0,차대사람 - 횡단중,안전운전불이행,건조,맑음,교차로 - 교차로횡단보도내,화물,남,49세,상해없음,보행자,여,56세,중상
2019081700100521,2019년 8월 17일 19시,토요일,부산광역시 강서구 범방동,경상사고,0,0,1,0,차대차 - 기타,안전운전불이행,건조,맑음,교차로 - 교차로부근,승용,여,53세,상해없음,승용,여,21세,경상
2019081700100565,2019년 8월 17일 20시,토요일,부산광역시 수영구 광안동,경상사고,0,0,1,0,차대사람 - 횡단중,안전운전불이행,건조,맑음,단일로 - 기타,자전거,남,15세,상해없음,보행자,남,61세,경상
2019081700100566,2019년 8월 17일 20시,토요일,부산광역시 해운대구 중동,경상사고,0,0,3,0,차대차 - 기타,안전운전불이행,건조,맑음,기타 - 기타,승용,남,55세,상해없음,승용,남,46세,경상
2019081700100643,2019년 8월 17일 23시,토요일,부산광역시 부산진구 개금동,중상사고,0,1,1,0,차대차 - 추돌,안전운전불이행,건조,맑음,교차로 - 교차로부근,승용,남,50세,상해없음,승합,남,50세,중상
2019081800100024,2019년 8월 18일 00시,일요일,부산광역시 중구 부평동3가,경상사고,0,0,2,0,차대차 - 측면충돌,신호위반,건조,맑음,교차로 - 교차로안,승용,남,63세,상해없음,승용,남,62세,상해없음
2019081800100025,2019년 8월 18일 00시,일요일,부산광역시 남구 대연동,중상사고,0,1,0,0,차대사람 - 횡단중,안전운전불이행,건조,맑음,단일로 - 기타,승용,남,24세,상해없음,보행자,남,27세,중상
2019081800100026,2019년 8월 18일 00시,일요일,부산광역시 사상구 괘법동,부상신고사고,0,0,0,1,차대사람 - 기타,안전운전불이행,건조,맑음,기타 - 기타,승용,여,47세,상해없음,보행자,남,33세,부상신고
2019081800100038,2019년 8월 18일 01시,일요일,부산광역시 부산진구 부전동,중상사고,0,1,0,0,차대사람 - 횡단중,안전운전불이행,건조,맑음,단일로 - 기타,승용,남,25세,상해없음,보행자,남,28세,중상
2019081800100039,2019년 8월 18일 01시,일요일,부산광역시 사상구 괘법동,경상사고,0,0,1,0,차대사람 - 기타,안전운전불이행,건조,맑음,교차로 - 교차로부근,이륜,남,21세,기타불명,보행자,남,32세,경상
2019081800100054,2019년 8월 18일 02시,일요일,부산광역시 북구 덕천동,중상사고,0,1,0,0,차대사람 - 횡단중,안전운전불이행,건조,맑음,교차로 - 교차로부근,승용,남,46세,상해없음,보행자,남,54세,중상
2019081800100055,2019년 8월 18일 02시,일요일,부산광역시 부산진구 부전동,부상신고사고,0,0,0,1,차대차 - 기타,안전운전불이행,건조,맑음,단일로 - 기타,이륜,남,32세,부상신고,승용,남,61세,상해없음
2019081800100056,2019년 8월 18일 02시,일요일,부산광역시 연제구 연산동,중상사고,0,1,0,0,차대사람 - 기타,안전운전불이행,건조,맑음,교차로 - 교차로안,승합,남,53세,상해없음,보행자,여,58세,중상
2019081800100065,2019년 8월 18일 03시,일요일,부산광역시 남구 문현동,중상사고,0,1,4,0,차대차 - 추돌,안전운전불이행,건조,맑음,단일로 - 기타,승합,남,49세,상해없음,승용,여,44세,경상
2019081800100066,2019년 8월 18일 03시,일요일,부산광역시 사하구 신평동,경상사고,0,0,1,0,차대차 - 측면충돌,신호위반,건조,맑음,교차로 - 교차로안,승용,남,40세,상해없음,승용,남,38세,경상
2019081800100076,2019년 8월 18일 04시,일요일,부산광역시 남구 대연동,경상사고,0,0,1,0,차대차 - 측면충돌,교차로운행방법위반,건조,맑음,교차로 - 교차로안,승용,남,27세,상해없음,승용,남,56세,경상
2019081800100196,2019년 8월 18일 13시,일요일,부산광역시 동구 초량동,경상사고,0,0,4,1,차대차 - 기타,안전운전불이행,건조,맑음,교차로 - 교차로안,승용,남,59세,상해없음,승용,남,64세,경상
2019081800100229,2019년 8월 18일 14시,일요일,부산광역시 해운대구 중동,경상사고,0,0,1,0,차대차 - 측면충돌,안전운전불이행,건조,맑음,교차로 - 교차로안,승용,남,40세,상해없음,이륜,남,33세,경상
2019081800100230,2019년 8월 18일 14시,일요일,부산광역시 해운대구 반송동,중상사고,0,1,0,1,차대차 - 측면충돌,안전운전불이행,건조,맑음,단일로 - 기타,이륜,남,19세,부상신고,이륜,남,54세,중상
2019081800100231,2019년 8월 18일 14시,일요일,부산광역시 사상구 주례동,경상사고,0,0,1,0,차대사람 - 기타,안전운전불이행,건조,맑음,단일로 - 기타,승용,여,27세,상해없음,보행자,남,46세,경상
2019081800100284,2019년 8월 18일 16시,일요일,부산광역시 남구 용호동,경상사고,0,0,1,0,차대차 - 측면충돌,안전운전불이행,건조,맑음,교차로 - 교차로안,승용,남,68세,상해없음,자전거,남,46세,경상
2019081800100311,2019년 8월 18일 17시,일요일,부산광역시 서구 서대신동3가,경상사고,0,0,1,0,차대사람 - 횡단중,신호위반,건조,맑음,교차로 - 교차로안,이륜,남,28세,상해없음,보행자,여,12세,경상
2019081800100312,2019년 8월 18일 17시,일요일,부산광역시 부산진구 범천동,중상사고,0,1,3,0,차대차 - 측면충돌,신호위반,건조,맑음,교차로 - 교차로안,승용,남,67세,상해없음,승용,여,65세,경상
2019081800100341,2019년 8월 18일 18시,일요일,부산광역시 연제구 거제동,경상사고,0,0,1,0,차대차 - 후진중충돌,안전운전불이행,건조,맑음,단일로 - 기타,승합,남,74세,상해없음,승용,남,44세,경상
2019081800100402,2019년 8월 18일 20시,일요일,부산광역시 동구 초량동,중상사고,0,1,0,0,차대사람 - 차도통행중,안전운전불이행,건조,맑음,단일로 - 기타,승용,남,64세,상해없음,보행자,남,60세,중상
2019081800100403,2019년 8월 18일 20시,일요일,부산광역시 남구 대연동,중상사고,0,1,3,0,차대차 - 추돌,안전운전불이행,건조,맑음,단일로 - 기타,승용,남,50세,상해없음,승용,남,32세,경상
2019081800100428,2019년 8월 18일 21시,일요일,부산광역시 중구 남포동5가,경상사고,0,0,1,0,차대사람 - 차도통행중,안전운전불이행,건조,맑음,교차로 - 교차로부근,승용,남,45세,상해없음,보행자,남,71세,경상
2019081800100453,2019년 8월 18일 22시,일요일,부산광역시 영도구 청학동,경상사고,0,0,1,0,차대차 - 기타,중앙선침범,건조,맑음,교차로 - 교차로부근,승용,남,23세,상해없음,이륜,남,20세,경상
2019081800100454,2019년 8월 18일 22시,일요일,부산광역시 사하구 괴정동,부상신고사고,0,0,0,1,차대사람 - 기타,안전운전불이행,건조,맑음,단일로 - 기타,승용,남,45세,상해없음,보행자,남,32세,부상신고
2019081800100469,2019년 8월 18일 23시,일요일,부산광역시 북구 덕천동,경상사고,0,0,1,0,차대사람 - 기타,기타,건조,맑음,단일로 - 기타,승용,남,55세,상해없음,보행자,남,29세,경상
2019081800100470,2019년 8월 18일 23시,일요일,부산광역시 부산진구 부암동,경상사고,0,0,2,0,차대차 - 정면충돌,신호위반,건조,맑음,교차로 - 교차로안,승용,남,25세,상해없음,승용,남,66세,경상
2019081900100034,2019년 8월 19일 01시,월요일,부산광역시 서구 서대신동3가,중상사고,0,1,0,0,차량단독 - 공작물충돌,안전운전불이행,건조,맑음,단일로 - 기타,승용,여,44세,중상,,,,
2019081900100045,2019년 8월 19일 02시,월요일,부산광역시 사하구 괴정동,경상사고,0,0,1,0,차대차 - 기타,안전운전불이행,건조,맑음,단일로 - 기타,승용,남,58세,상해없음,원동기,남,64세,경상
2019081900100046,2019년 8월 19일 02시,월요일,부산광역시 강서구 송정동,경상사고,0,0,1,0,차대차 - 정면충돌,안전거리미확보,건조,맑음,교차로 - 교차로부근,승용,남,29세,상해없음,승용,남,49세,경상
2019081900100050,2019년 8월 19일 03시,월요일,부산광역시 금정구 남산동,부상신고사고,0,0,0,1,차대사람 - 횡단중,안전운전불이행,건조,맑음,단일로 - 기타,기타불명,기타불명,미분류,기타불명,보행자,남,63세,부상신고
2019081900100063,2019년 8월 19일 06시,월요일,부산광역시 금정구 금사동,경상사고,0,0,1,0,차대차 - 측면충돌,안전운전불이행,건조,맑음,교차로 - 교차로부근,승용,남,59세,상해없음,승용,남,45세,경상
2019081900100076,2019년 8월 19일 07시,월요일,부산광역시 남구 용당동,중상사고,0,1,0,0,차대사람 - 보도통행중,안전운전불이행,건조,맑음,단일로 - 기타,승용,여,70세,상해없음,보행자,여,18세,중상
2019081900100077,2019년 8월 19일 07시,월요일,부산광역시 금정구 장전동,부상신고사고,0,0,0,1,차대사람 - 기타,안전운전불이행,건조,맑음,기타 - 기타,화물,남,53세,상해없음,보행자,남,16세,부상신고
2019081900100078,2019년 8월 19일 07시,월요일,부산광역시 강서구 화전동,중상사고,0,1,0,0,차대차 - 기타,불법유턴,건조,맑음,단일로 - 기타,승용,남,51세,상해없음,자전거,남,41세,중상
2019081900100112,2019년 8월 19일 08시,월요일,부산광역시 북구 덕천동,중상사고,0,1,0,0,차대사람 - 횡단중,보행자보호의무위반,건조,맑음,기타 - 기타,승용,남,68세,상해없음,보행자,여,67세,중상
2019081900100113,2019년 8월 19일 08시,월요일,부산광역시 강서구 명지동,경상사고,0,0,1,0,차대차 - 기타,안전운전불이행,건조,맑음,주차장 - 주차장,승용,여,34세,상해없음,승용,남,66세,경상
2019081900100114,2019년 8월 19일 08시,월요일,부산광역시 강서구 명지동,경상사고,0,0,1,0,차대차 - 기타,안전거리미확보,건조,맑음,단일로 - 기타,승용,여,25세,상해없음,승합,남,22세,경상
2019081900100115,2019년 8월 19일 08시,월요일,부산광역시 사상구 엄궁동,경상사고,0,0,2,0,차대차 - 측면충돌,직진우회전진행방해,건조,맑음,교차로 - 교차로안,화물,남,71세,상해없음,승용,남,65세,경상
2019081900100155,2019년 8월 19일 09시,월요일,부산광역시 수영구 광안동,경상사고,0,0,1,1,차대차 - 측면충돌,직진우회전진행방해,건조,맑음,교차로 - 교차로안,승용,남,71세,상해없음,승용,여,52세,부상신고
2019081900100156,2019년 8월 19일 09시,월요일,부산광역시 북구 금곡동,경상사고,0,0,1,0,차대차 - 기타,안전운전불이행,건조,맑음,교차로 - 교차로안,승용,여,71세,상해없음,승합,남,60세,상해없음
2019081900100193,2019년 8월 19일 10시,월요일,부산광역시 동구 초량동,중상사고,0,1,0,0,차대차 - 기타,교차로운행방법위반,건조,맑음,교차로 - 교차로안,승용,남,35세,상해없음,이륜,남,61세,중상
2019081900100194,2019년 8월 19일 10시,월요일,부산광역시 해운대구 반송동,부상신고사고,0,0,0,1,차대사람 - 기타,안전운전불이행,건조,맑음,단일로 - 기타,자전거,여,61세,부상신고,보행자,여,56세,상해없음
2019081900100195,2019년 8월 19일 10시,월요일,부산광역시 연제구 연산동,중상사고,0,1,2,0,차대차 - 추돌,안전운전불이행,건조,맑음,교차로 - 교차로부근,승용,남,72세,경상,승용,남,38세,경상
2019081900100220,2019년 8월 19일 11시,월요일,부산광역시 기장군 정관읍,경상사고,0,0,1,0,차대사람 - 횡단중,신호위반,건조,맑음,교차로 - 교차로횡단보도내,승용,여,46세,상해없음,보행자,남,8세,경상
2019081900100260,2019년 8월 19일 12시,월요일,부산광역시 중구 중앙동4가,부상신고사고,0,0,0,1,차대차 - 측면충돌,교차로운행방법위반,건조,맑음,교차로 - 교차로안,승용,남,36세,상해없음,승용,남,65세,부상신고
2019081900100283,2019년 8월 19일 13시,월요일,부산광역시 동구 범일동,중상사고,0,1,0,0,차대사람 - 보도통행중,기타,건조,맑음,단일로 - 기타,승용,남,72세,상해없음,보행자,여,32세,중상
2019081900100347,2019년 8월 19일 15시,월요일,부산광역시 동래구 명륜동,경상사고,0,0,1,0,차대차 - 측면충돌,신호위반,건조,맑음,단일로 - 기타,화물,남,61세,상해없음,화물,남,37세,경상
2019081900100348,2019년 8월 19일 15시,월요일,부산광역시 해운대구 중동,경상사고,0,0,1,0,차대차 - 측면충돌,교차로운행방법위반,건조,맑음,교차로 - 교차로안,승용,남,51세,상해없음,이륜,남,53세,경상
2019081900100349,2019년 8월 19일 15시,월요일,부산광역시 기장군 정관읍,경상사고,0,0,1,0,차대차 - 측면충돌,신호위반,건조,맑음,교차로 - 교차로안,승용,여,38세,상해없음,승용,남,46세,경상
2019081900100388,2019년 8월 19일 16시,월요일,부산광역시 금정구 구서동,경상사고,0,0,1,0,차대사람 - 횡단중,보행자보호의무위반,건조,맑음,교차로 - 교차로안,승용,여,65세,상해없음,보행자,여,13세,경상
2019081900100389,2019년 8월 19일 16시,월요일,부산광역시 사상구 감전동,경상사고,0,0,1,0,차대사람 - 기타,안전운전불이행,건조,맑음,단일로 - 기타,승용,남,68세,상해없음,보행자,여,50세,경상
2019081900100420,2019년 8월 19일 17시,월요일,부산광역시 부산진구 범천동,경상사고,0,0,1,0,차대차 - 기타,중앙선침범,건조,맑음,단일로 - 기타,승용,남,51세,상해없음,원동기,남,32세,경상
2019081900100421,2019년 8월 19일 17시,월요일,부산광역시 사상구 모라동,중상사고,0,1,0,0,차대사람 - 기타,안전운전불이행,건조,맑음,교차로 - 교차로횡단보도내,이륜,남,54세,상해없음,보행자,남,54세,중상
2019081900100422,2019년 8월 19일 17시,월요일,부산광역시 사상구 감전동,경상사고,0,0,2,0,차대차 - 측면충돌,안전운전불이행,건조,맑음,단일로 - 기타,화물,남,31세,경상,승용,남,52세,경상
2019081900100462,2019년 8월 19일 18시,월요일,부산광역시 연제구 연산동,경상사고,0,0,1,0,차대차 - 측면충돌,안전운전불이행,건조,맑음,교차로 - 교차로안,승용,남,70세,상해없음,승용,여,48세,경상
2019081900100509,2019년 8월 19일 19시,월요일,부산광역시 동구 수정동,중상사고,0,1,0,0,차대사람 - 기타,보행자보호의무위반,건조,맑음,교차로 - 교차로안,화물,남,39세,상해없음,보행자,여,47세,중상
2019081900100510,2019년 8월 19일 19시,월요일,부산광역시 수영구 민락동,경상사고,0,0,1,0,차대차 - 측면충돌,안전운전불이행,건조,맑음,교차로 - 교차로안,승용,남,51세,상해없음,승용,남,63세,경상
2019081900100511,2019년 8월 19일 19시,월요일,부산광역시 북구 화명동,중상사고,0,1,0,0,차대사람 - 횡단중,신호위반,건조,맑음,교차로 - 교차로횡단보도내,이륜,남,23세,상해없음,보행자,남,16세,중상
2019081900100512,2019년 8월 19일 19시,월요일,부산광역시 기장군 정관읍,경상사고,0,0,1,0,차대차 - 측면충돌,신호위반,건조,맑음,교차로 - 교차로안,원동기,남,63세,상해없음,승용,여,36세,경상
2019081900100513,2019년 8월 19일 19시,월요일,부산광역시 기장군 기장읍,중상사고,0,1,0,0,차대사람 - 횡단중,안전운전불이행,건조,맑음,단일로 - 기타,승용,남,40세,상해없음,보행자,남,75세,중상
2019081900100565,2019년 8월 19일 21시,월요일,부산광역시 수영구 광안동,경상사고,0,0,1,0,차대차 - 측면충돌,안전운전불이행,건조,맑음,단일로 - 기타,이륜,남,16세,경상,승용,남,53세,상해없음
2019081900100566,2019년 8월 19일 21시,월요일,부산광역시 동래구 온천동,경상사고,0,0,1,0,차대차 - 측면충돌,안전운전불이행,건조,맑음,단일로 - 기타,승용,여,63세,상해없음,화물,남,56세,경상
2019081900100567,2019년 8월 19일 21시,월요일,부산광역시 강서구 송정동,중상사고,0,1,0,0,차대차 - 추돌,안전운전불이행,젖음/습기,흐림,단일로 - 기타,화물,남,43세,상해없음,승용,남,62세,기타불명
2019081900100594,2019년 8월 19일 22시,월요일,부산광역시 기장군 정관읍,경상사고,0,0,1,0,차대차 - 정면충돌,중앙선침범,건조,맑음,단일로 - 기타,승용,남,42세,상해없음,이륜,남,42세,경상