사고번호,사고일시,요일,시군구,사고내용,사망자수,중상자수,경상자수,부상신고자수,사고유형,법규위반,노면상태,기상상태,도로형태,가해운전자 차종,가해운전자 성별,가해운전자 연령,가해운전자 상해정도,피해운전자 차종,피해운전자 성별,피해운전자 연령,피해운전자 상해정도
2019082300100453,2019년 8월 23일 17시,금요일,부산광역시 금정구 남산동,중상사고,0,1,0,0,차대사람 - 횡단중,안전운전불이행,건조,맑음,단일로 - 기타,승용,남,57세,상해없음,보행자,남,8세,중상
2019082300100454,2019년 8월 23일 17시,금요일,부산광역시 금정구 청룡동,경상사고,0,0,1,0,차대차 - 정면충돌,안전운전불이행,건조,맑음,단일로 - 기타,이륜,남,49세,상해없음,승용,여,28세,경상
2019082300100515,2019년 8월 23일 18시,금요일,부산광역시 중구 부평동2가,경상사고,0,0,2,0,차대차 - 추돌,안전거리미확보,건조,맑음,교차로 - 교차로부근,승용,남,53세,상해없음,승용,여,44세,경상
2019082300100516,2019년 8월 23일 18시,금요일,부산광역시 수영구 남천동,경상사고,0,0,1,0,차대차 - 추돌,안전운전불이행,건조,맑음,교차로 - 교차로안,승용,남,59세,상해없음,승용,남,46세,경상
2019082300100517,2019년 8월 23일 18시,금요일,부산광역시 북구 화명동,중상사고,0,1,0,0,차대차 - 기타,안전운전불이행,건조,맑음,교차로 - 교차로안,화물,남,55세,상해없음,자전거,남,55세,중상
2019082300100518,2019년 8월 23일 18시,금요일,부산광역시 동래구 사직동,중상사고,0,1,0,0,차대사람 - 횡단중,안전운전불이행,건조,맑음,교차로 - 교차로안,승용,남,52세,상해없음,보행자,여,59세,중상
2019082300100519,2019년 8월 23일 18시,금요일,부산광역시 사하구 장림동,중상사고,0,1,0,0,차대사람 - 차도통행중,안전운전불이행,건조,맑음,교차로 - 교차로부근,이륜,남,22세,상해없음,보행자,남,19세,중상
2019082300100520,2019년 8월 23일 18시,금요일,부산광역시 수영구 망미동,경상사고,0,0,1,0,차대차 - 기타,안전운전불이행,건조,맑음,단일로 - 기타,승용,남,48세,상해없음,승용,남,27세,경상
2019082300100572,2019년 8월 23일 19시,금요일,부산광역시 동래구 명륜동,경상사고,0,0,1,0,차대차 - 기타,교차로운행방법위반,건조,맑음,교차로 - 교차로안,승용,남,52세,상해없음,승용,남,52세,상해없음
2019082300100573,2019년 8월 23일 19시,금요일,부산광역시 해운대구 우동,중상사고,0,1,0,0,차대사람 - 기타,안전운전불이행,건조,맑음,교차로 - 교차로안,승용,여,57세,상해없음,보행자,여,36세,중상
2019082300100610,2019년 8월 23일 20시,금요일,부산광역시 동구 초량동,경상사고,0,0,1,0,차대사람 - 차도통행중,신호위반,건조,맑음,교차로 - 교차로안,승용,남,60세,상해없음,보행자,남,21세,경상
2019082300100611,2019년 8월 23일 20시,금요일,부산광역시 기장군 정관읍,경상사고,0,0,1,0,차대차 - 측면충돌,교차로운행방법위반,건조,맑음,교차로 - 교차로안,승용,남,45세,상해없음,이륜,남,41세,경상
2019082300100645,2019년 8월 23일 21시,금요일,부산광역시 금정구 장전동,경상사고,0,0,1,0,차대차 - 측면충돌,신호위반,건조,맑음,교차로 - 교차로부근,승용,남,29세,상해없음,승용,남,27세,경상
2019082300100646,2019년 8월 23일 21시,금요일,부산광역시 연제구 연산동,중상사고,0,1,0,0,차대사람 - 기타,안전운전불이행,건조,맑음,교차로 - 교차로안,승용,여,27세,상해없음,보행자,남,47세,중상
2019082300100647,2019년 8월 23일 21시,금요일,부산광역시 연제구 연산동,중상사고,0,1,2,0,차대차 - 측면충돌,안전거리미확보,건조,맑음,교차로 - 교차로안,승용,여,37세,경상,승용,남,65세,중상
2019082300100648,2019년 8월 23일 21시,금요일,부산광역시 사상구 모라동,중상사고,0,1,0,0,차대사람 - 횡단중,안전운전불이행,건조,맑음,단일로 - 기타,승용,남,33세,상해없음,보행자,여,60세,중상
2019082300100675,2019년 8월 23일 22시,금요일,부산광역시 사상구 덕포동,중상사고,0,1,0,0,차대사람 - 횡단중,안전운전불이행,건조,맑음,단일로 - 기타,승용,남,45세,상해없음,보행자,여,63세,중상
2019082300100706,2019년 8월 23일 23시,금요일,부산광역시 부산진구 양정동,부상신고사고,0,0,0,1,차대사람 - 차도통행중,안전운전불이행,건조,맑음,교차로 - 교차로안,이륜,남,24세,상해없음,보행자,남,53세,부상신고
2019082300100707,2019년 8월 23일 23시,금요일,부산광역시 부산진구 양정동,경상사고,0,0,1,0,차대차 - 추돌,안전운전불이행,건조,맑음,단일로 - 기타,이륜,남,22세,상해없음,승용,남,27세,경상
2019082400100034,2019년 8월 24일 00시,토요일,부산광역시 연제구 연산동,경상사고,0,0,1,0,차대차 - 기타,안전운전불이행,건조,맑음,단일로 - 기타,승용,남,64세,상해없음,승용,남,51세,경상
2019082400100067,2019년 8월 24일 02시,토요일,부산광역시 해운대구 반송동,경상사고,0,0,3,0,차대차 - 추돌,안전운전불이행,건조,맑음,단일로 - 기타,승용,남,58세,상해없음,승용,남,52세,경상
2019082400100086,2019년 8월 24일 03시,토요일,부산광역시 서구 암남동,경상사고,0,0,1,0,차대차 - 추돌,안전운전불이행,건조,맑음,단일로 - 기타,화물,남,58세,경상,화물,남,61세,상해없음
2019082400100087,2019년 8월 24일 03시,토요일,부산광역시 남구 대연동,중상사고,0,1,1,0,차대차 - 측면충돌,안전운전불이행,건조,맑음,단일로 - 기타,승용,남,57세,상해없음,승용,남,60세,중상
2019082400100088,2019년 8월 24일 03시,토요일,부산광역시 부산진구 부전동,중상사고,0,1,0,0,차량단독 - 기타,안전운전불이행,건조,맑음,교차로 - 교차로안,승용,남,61세,상해없음,,,,
2019082400100098,2019년 8월 24일 04시,토요일,부산광역시 동구 범일동,중상사고,0,1,0,0,차대사람 - 기타,안전운전불이행,건조,맑음,단일로 - 기타,승용,남,22세,상해없음,보행자,남,25세,중상
2019082400100110,2019년 8월 24일 05시,토요일,부산광역시 수영구 남천동,중상사고,0,1,0,0,차대차 - 추돌,안전운전불이행,건조,맑음,단일로 - 기타,이륜,남,71세,중상,승용,남,30세,상해없음
2019082400100130,2019년 8월 24일 07시,토요일,부산광역시 강서구 천성동,중상사고,0,1,0,0,차대차 - 측면충돌,안전거리미확보,건조,맑음,단일로 - 기타,승용,남,36세,상해없음,승용,남,43세,중상
2019082400100152,2019년 8월 24일 08시,토요일,부산광역시 북구 구포동,경상사고,0,0,2,0,차대사람 - 차도통행중,안전운전불이행,건조,맑음,단일로 - 기타,승용,남,63세,상해없음,보행자,남,26세,경상
2019082400100195,2019년 8월 24일 10시,토요일,부산광역시 수영구 민락동,경상사고,0,0,1,0,차대차 - 측면충돌,안전운전불이행,건조,맑음,단일로 - 기타,승용,남,43세,상해없음,승합,남,47세,경상
2019082400100196,2019년 8월 24일 10시,토요일,부산광역시 사하구 신평동,부상신고사고,0,0,0,1,차대차 - 추돌,안전운전불이행,건조,맑음,단일로 - 기타,승용,여,68세,상해없음,화물,남,35세,부상신고
2019082400100197,2019년 8월 24일 10시,토요일,부산광역시 연제구 연산동,중상사고,0,1,0,0,차대사람 - 횡단중,보행자보호의무위반,건조,맑음,교차로 - 교차로횡단보도내,승용,남,34세,상해없음,보행자,남,69세,중상
2019082400100233,2019년 8월 24일 11시,토요일,부산광역시 사상구 괘법동,부상신고사고,0,0,0,1,차대차 - 기타,안전운전불이행,건조,맑음,교차로 - 교차로안,자전거,남,66세,부상신고,건설기계,남,58세,상해없음
2019082400100270,2019년 8월 24일 12시,토요일,부산광역시 남구 대연동,경상사고,0,0,1,0,차대차 - 기타,안전운전불이행,건조,맑음,단일로 - 기타,승용,여,50세,상해없음,승용,남,30세,상해없음
2019082400100271,2019년 8월 24일 12시,토요일,부산광역시 북구 구포동,중상사고,0,1,0,0,차대사람 - 기타,안전운전불이행,건조,맑음,교차로 - 교차로부근,화물,남,54세,상해없음,보행자,여,82세,중상
2019082400100272,2019년 8월 24일 12시,토요일,부산광역시 해운대구 재송동,경상사고,0,0,3,0,차대차 - 추돌,안전거리미확보,건조,맑음,단일로 - 기타,승용,남,51세,경상,화물,남,52세,경상
2019082400100347,2019년 8월 24일 14시,토요일,부산광역시 금정구 부곡동,중상사고,0,1,0,0,차대사람 - 기타,기타,건조,맑음,단일로 - 기타,화물,남,63세,상해없음,보행자,남,7세,중상
2019082400100348,2019년 8월 24일 14시,토요일,부산광역시 사상구 엄궁동,경상사고,0,0,1,0,차대차 - 측면충돌,차로위반,건조,맑음,단일로 - 기타,건설기계,남,58세,상해없음,승용,남,53세,경상
2019082400100372,2019년 8월 24일 15시,토요일,부산광역시 사하구 장림동,경상사고,0,0,1,0,차대차 - 기타,안전운전불이행,건조,맑음,교차로 - 교차로부근,승용,남,50세,상해없음,이륜,남,18세,경상
2019082400100373,2019년 8월 24일 15시,토요일,부산광역시 강서구 대저2동,경상사고,0,0,1,0,차대차 - 추돌,안전운전불이행,건조,맑음,단일로 - 기타,승용,남,53세,상해없음,승용,여,57세,경상
2019082400100406,2019년 8월 24일 16시,토요일,부산광역시 동구 수정동,중상사고,0,1,0,0,차대차 - 기타,안전운전불이행,건조,맑음,기타 - 기타,화물,남,65세,중상,승용,남,35세,기타불명
2019082400100407,2019년 8월 24일 16시,토요일,부산광역시 사하구 당리동,경상사고,0,0,4,0,차대차 - 기타,안전거리미확보,건조,맑음,단일로 - 기타,승용,여,43세,상해없음,승용,남,53세,경상
2019082400100440,2019년 8월 24일 17시,토요일,부산광역시 동구 초량동,경상사고,0,0,1,0,차대차 - 측면충돌,안전운전불이행,건조,맑음,단일로 - 기타,승용,남,72세,상해없음,승용,여,55세,경상
2019082400100441,2019년 8월 24일 17시,토요일,부산광역시 동래구 명장동,부상신고사고,0,0,0,1,차대차 - 측면충돌,교차로운행방법위반,건조,맑음,교차로 - 교차로안,승용,남,60세,상해없음,원동기,남,59세,부상신고
2019082400100483,2019년 8월 24일 18시,토요일,부산광역시 사상구 주례동,중상사고,0,1,0,0,차대사람 - 기타,안전운전불이행,건조,맑음,단일로 - 지하차도(도로)내,승용,남,70세,상해없음,보행자,남,76세,중상
2019082400100514,2019년 8월 24일 19시,토요일,부산광역시 서구 토성동5가,중상사고,0,1,0,0,차대차 - 정면충돌,신호위반,건조,맑음,교차로 - 교차로안,원동기,남,22세,상해없음,개인형이동수단(PM),여,35세,중상
2019082400100515,2019년 8월 24일 19시,토요일,부산광역시 부산진구 범천동,중상사고,0,1,0,0,차대사람 - 횡단중,안전운전불이행,건조,기타,교차로 - 교차로안,이륜,남,25세,기타불명,보행자,여,57세,중상
2019082400100548,2019년 8월 24일 20시,토요일,부산광역시 수영구 망미동,중상사고,0,1,0,0,차대사람 - 횡단중,보행자보호의무위반,건조,맑음,교차로 - 교차로횡단보도내,승용,여,65세,상해없음,보행자,여,85세,중상
2019082400100618,2019년 8월 24일 22시,토요일,부산광역시 부산진구 전포동,경상사고,0,0,2,0,차량단독 - 기타,안전운전불이행,건조,맑음,교차로 - 교차로안,승용,남,23세,상해없음,,,,
2019082400100646,2019년 8월 24일 23시,토요일,부산광역시 동래구 온천동,경상사고,0,0,1,0,차대사람 - 기타,안전운전불이행,건조,맑음,교차로 - 교차로부근,승용,여,63세,상해없음,보행자,남,59세,경상
2019082500100015,2019년 8월 25일 00시,일요일,부산광역시 수영구 민락동,중상사고,0,1,0,0,차대사람 - 횡단중,안전운전불이행,건조,맑음,교차로 - 교차로안,화물,남,45세,상해없음,보행자,남,37세,중상
2019082500100016,2019년 8월 25일 00시,일요일,부산광역시 부산진구 부전동,중상사고,0,1,1,0,차대차 - 측면충돌,신호위반,건조,맑음,교차로 - 교차로안,승용,남,61세,상해없음,승용,남,52세,중상
2019082500100017,2019년 8월 25일 00시,일요일,부산광역시 부산진구 부전동,경상사고,0,0,1,0,차대사람 - 길가장자리구역통행중,신호위반,건조,맑음,단일로 - 기타,승용,여,25세,상해없음,보행자,여,22세,경상
2019082500100063,2019년 8월 25일 04시,일요일,부산광역시 부산진구 부전동,경상사고,0,0,2,0,차대차 - 측면충돌,안전운전불이행,건조,흐림,단일로 - 기타,승용,남,68세,상해없음,승용,남,63세,상해없음
2019082500100074,2019년 8월 25일 05시,일요일,부산광역시 연제구 연산동,중상사고,0,1,0,0,차량단독 - 공작물충돌,안전운전불이행,건조,맑음,교차로 - 교차로부근,이륜,남,28세,중상,,,,
2019082500100090,2019년 8월 25일 07시,일요일,부산광역시 동래구 수안동,경상사고,0,0,1,0,차대차 - 추돌,안전운전불이행,건조,맑음,단일로 - 기타,승용,남,68세,상해없음,자전거,남,65세,경상
2019082500100115,2019년 8월 25일 09시,일요일,부산광역시 중구 보수동3가,경상사고,0,0,1,0,차대차 - 측면충돌,교차로운행방법위반,건조,맑음,교차로 - 교차로안,승용,남,28세,상해없음,승합,남,58세,경상
2019082500100116,2019년 8월 25일 09시,일요일,부산광역시 사상구 엄궁동,경상사고,0,0,1,0,차대사람 - 횡단중,보행자보호의무위반,건조,맑음,교차로 - 교차로부근,화물,남,43세,상해없음,보행자,남,53세,경상
2019082500100155,2019년 8월 25일 11시,일요일,부산광역시 동구 초량동,중상사고,0,2,0,0,차대차 - 기타,안전운전불이행,건조,맑음,단일로 - 기타,승용,남,27세,상해없음,이륜,남,39세,중상
2019082500100222,2019년 8월 25일 13시,일요일,부산광역시 연제구 연산동,부상신고사고,0,0,0,1,차대사람 - 횡단중,안전운전불이행,건조,맑음,단일로 - 기타,승용,남,51세,상해없음,보행자,여,64세,부상신고
2019082500100223,2019년 8월 25일 13시,일요일,부산광역시 사상구 주례동,부상신고사고,0,0,0,2,차대차 - 추돌,안전운전불이행,건조,맑음,단일로 - 기타,승용,남,50세,상해없음,승용,남,43세,부상신고
2019082500100253,2019년 8월 25일 14시,일요일,부산광역시 강서구 성북동,경상사고,0,0,2,0,차대차 - 측면충돌,안전거리미확보,건조,맑음,단일로 - 기타,승용,남,36세,상해없음,승용,남,36세,경상
2019082500100284,2019년 8월 25일 15시,일요일,부산광역시 남구 용호동,부상신고사고,0,0,0,1,차대차 - 측면충돌,안전운전불이행,건조,맑음,단일로 - 기타,원동기,남,61세,상해없음,자전거,남,44세,부상신고
2019082500100285,2019년 8월 25일 15시,일요일,부산광역시 해운대구 반송동,중상사고,0,1,0,0,차대사람 - 횡단중,보행자보호의무위반,건조,맑음,교차로 - 교차로횡단보도내,화물,남,65세,상해없음,보행자,남,79세,중상
2019082500100286,2019년 8월 25일 15시,일요일,부산광역시 해운대구 우동,경상사고,0,0,1,0,차대차 - 추돌,안전운전불이행,건조,맑음,교차로 - 교차로부근,승용,여,45세,상해없음,승용,여,37세,경상
2019082500100325,2019년 8월 25일 16시,일요일,부산광역시 해운대구 우동,경상사고,0,0,1,0,차대차 - 측면충돌,신호위반,건조,맑음,단일로 - 기타,승용,남,29세,상해없음,이륜,남,27세,경상
2019082500100357,2019년 8월 25일 17시,일요일,부산광역시 기장군 정관읍,중상사고,0,1,0,0,차대차 - 기타,신호위반,건조,맑음,교차로 - 교차로안,승용,여,64세,상해없음,이륜,남,34세,중상
2019082500100384,2019년 8월 25일 18시,일요일,부산광역시 부산진구 부암동,중상사고,0,1,1,2,차대차 - 측면충돌,신호위반,건조,맑음,교차로 - 교차로안,화물,남,68세,부상신고,승용,남,37세,중상
2019082500100420,2019년 8월 25일 19시,일요일,부산광역시 동래구 사직동,부상신고사고,0,0,0,1,차대차 - 측면충돌,안전운전불이행,건조,맑음,교차로 - 교차로안,이륜,남,27세,부상신고,승용,남,66세,상해없음
2019082500100458,2019년 8월 25일 20시,일요일,부산광역시 남구 대연동,중상사고,0,1,0,0,차대사람 - 횡단중,보행자보호의무위반,건조,맑음,교차로 - 교차로횡단보도내,승용,남,57세,상해없음,보행자,남,63세,중상
2019082500100459,2019년 8월 25일 20시,일요일,부산광역시 남구 용호동,경상사고,0,0,1,0,차대차 - 측면충돌,안전운전불이행,건조,맑음,단일로 - 기타,승용,남,75세,기타불명,승용,여,46세,경상
2019082500100460,2019년 8월 25일 20시,일요일,부산광역시 해운대구 중동,부상신고사고,0,0,0,1,차대차 - 측면충돌,교차로운행방법위반,건조,맑음,교차로 - 교차로안,승용,남,63세,상해없음,승용,남,49세,부상신고
2019082500100461,2019년 8월 25일 20시,일요일,부산광역시 부산진구 당감동,중상사고,0,1,0,0,차대사람 - 횡단중,보행자보호의무위반,건조,맑음,단일로 - 기타,승합,남,61세,상해없음,보행자,남,65세,중상
2019082500100462,2019년 8월 25일 20시,일요일,부산광역시 사하구 구평동,경상사고,0,0,4,0,차대차 - 기타,안전거리미확보,건조,맑음,교차로 - 교차로부근,승용,남,52세,상해없음,승용,남,43세,경상
2019082500100463,2019년 8월 25일 20시,일요일,부산광역시 강서구 대저2동,경상사고,0,0,1,1,차대차 - 추돌,안전운전불이행,건조,맑음,단일로 - 기타,승용,여,60세,상해없음,승용,여,58세,부상신고
2019082500100497,2019년 8월 25일 21시,일요일,부산광역시 강서구 명지동,사망사고,1,0,0,0,차대차 - 측면충돌,안전운전불이행,건조,맑음,단일로 - 기타,승용,남,25세,상해없음,이륜,남,45세,사망
2019082600100031,2019년 8월 26일 00시,월요일,부산광역시 해운대구 반여동,경상사고,0,0,2,0,차대차 - 추돌,안전운전불이행,건조,맑음,교차로 - 교차로부근,승용,남,30세,상해없음,승용,여,27세,경상
2019082600100068,2019년 8월 26일 05시,월요일,부산광역시 동구 초량동,경상사고,0,0,4,0,차대차 - 측면충돌,안전거리미확보,건조,맑음,단일로 - 기타,승용,남,64세,상해없음,승용,남,67세,상해없음
2019082600100069,2019년 8월 26일 05시,월요일,부산광역시 금정구 서동,경상사고,0,0,1,0,차대차 - 기타,안전운전불이행,건조,맑음,교차로 - 교차로부근,승합,남,24세,상해없음,자전거,남,67세,경상
2019082600100083,2019년 8월 26일 06시,월요일,부산광역시 동구 범일동,중상사고,0,2,0,0,차대차 - 측면충돌,교차로운행방법위반,건조,맑음,교차로 - 교차로안,승용,남,46세,상해없음,승용,남,24세,중상
2019082600100110,2019년 8월 26일 07시,월요일,부산광역시 서구 동대신동2가,경상사고,0,0,2,0,차대차 - 측면충돌,차로위반,건조,맑음,단일로 - 기타,특수,남,53세,상해없음,승용,남,33세,경상
2019082600100111,2019년 8월 26일 07시,월요일,부산광역시 남구 대연동,중상사고,0,1,0,0,차대차 - 측면충돌,안전운전불이행,건조,맑음,단일로 - 기타,이륜,남,43세,중상,화물,남,45세,상해없음
2019082600100112,2019년 8월 26일 07시,월요일,부산광역시 해운대구 재송동,경상사고,0,0,1,0,차대차 - 측면충돌,신호위반,건조,맑음,교차로 - 교차로안,승용,여,47세,기타불명,승용,남,31세,경상
2019082600100113,2019년 8월 26일 07시,월요일,부산광역시 부산진구 당감동,경상사고,0,0,1,0,차대사람 - 길가장자리구역통행중,안전운전불이행,건조,맑음,단일로 - 기타,화물,남,58세,상해없음,보행자,남,81세,경상
2019082600100142,2019년 8월 26일 08시,월요일,부산광역시 동래구 온천동,경상사고,0,0,1,0,차대사람 - 횡단중,보행자보호의무위반,건조,맑음,교차로 - 교차로부근,승용,여,57세,상해없음,보행자,여,13세,경상
2019082600100182,2019년 8월 26일 09시,월요일,부산광역시 부산진구 부전동,경상사고,0,0,1,0,차대차 - 기타,안전운전불이행,건조,맑음,교차로 - 교차로부근,승용,여,29세,상해없음,승용,여,28세,경상
2019082600100183,2019년 8월 26일 09시,월요일,부산광역시 사상구 학장동,중상사고,0,1,0,1,차량단독 - 공작물충돌,안전운전불이행,건조,맑음,단일로 - 기타,승합,남,67세,부상신고,,,,
2019082600100229,2019년 8월 26일 10시,월요일,부산광역시 동구 범일동,중상사고,0,1,0,0,차대사람 - 보도통행중,보행자보호의무위반,건조,맑음,단일로 - 기타,승용,남,60세,상해없음,보행자,남,77세,중상
2019082600100230,2019년 8월 26일 10시,월요일,부산광역시 해운대구 우동,경상사고,0,0,1,0,차대차 - 추돌,안전운전불이행,건조,맑음,단일로 - 교량,화물,남,58세,기타불명,승용,남,60세,경상
2019082600100256,2019년 8월 26일 11시,월요일,부산광역시 남구 용호동,중상사고,0,1,0,0,차대사람 - 횡단중,안전운전불이행,건조,맑음,단일로 - 기타,이륜,남,42세,상해없음,보행자,여,65세,중상
2019082600100257,2019년 8월 26일 11시,월요일,부산광역시 부산진구 부암동,중상사고,0,1,0,0,차대차 - 기타,기타,건조,맑음,단일로 - 기타,화물,남,64세,상해없음,이륜,남,38세,중상
2019082600100258,2019년 8월 26일 11시,월요일,부산광역시 연제구 거제동,경상사고,0,0,1,0,차대차 - 후진중충돌,안전운전불이행,건조,맑음,단일로 - 기타,승용,남,60세,상해없음,승용,여,22세,경상
2019082600100259,2019년 8월 26일 11시,월요일,부산광역시 금정구 두구동,경상사고,0,0,3,0,차대차 - 측면충돌,안전거리미확보,건조,맑음,단일로 - 기타,화물,남,55세,상해없음,승용,남,35세,경상
2019082600100307,2019년 8월 26일 12시,월요일,부산광역시 남구 감만동,경상사고,0,0,1,0,차대차 - 기타,안전운전불이행,건조,맑음,기타 - 기타,특수,남,61세,상해없음,특수,남,42세,경상
2019082600100337,2019년 8월 26일 13시,월요일,부산광역시 사하구 다대동,경상사고,0,0,1,0,차대차 - 측면충돌,안전운전불이행,건조,맑음,단일로 - 기타,승용,여,64세,상해없음,이륜,남,25세,경상
2019082600100338,2019년 8월 26일 13시,월요일,부산광역시 강서구 대저1동,경상사고,0,0,1,0,차량단독 - 기타,안전운전불이행,건조,맑음,교차로 - 교차로안,승합,남,52세,상해없음,,,,
2019082600100370,2019년 8월 26일 14시,월요일,부산광역시 수영구 민락동,부상신고사고,0,0,0,1,차대사람 - 횡단중,안전운전불이행,건조,맑음,교차로 - 교차로횡단보도내,자전거,남,50세,상해없음,보행자,남,66세,부상신고
2019082600100371,2019년 8월 26일 14시,월요일,부산광역시 수영구 광안동,경상사고,0,0,1,0,차대차 - 기타,안전운전불이행,건조,맑음,교차로 - 교차로안,이륜,남,30세,경상,건설기계,남,41세,상해없음
2019082600100372,2019년 8월 26일 14시,월요일,부산광역시 금정구 구서동,경상사고,0,0,1,0,차대차 - 기타,불법유턴,건조,맑음,단일로 - 기타,승용,남,60세,상해없음,승용,여,49세,경상
2019082600100412,2019년 8월 26일 15시,월요일,부산광역시 해운대구 우동,경상사고,0,0,2,0,차대차 - 측면충돌,차로위반,건조,맑음,교차로 - 교차로부근,승용,남,56세,상해없음,승용,여,71세,경상
2019082600100413,2019년 8월 26일 15시,월요일,부산광역시 사하구 하단동,경상사고,0,0,1,0,차대차 - 추돌,안전운전불이행,건조,맑음,단일로 - 기타,승용,남,28세,상해없음,승용,남,63세,상해없음
2019082600100454,2019년 8월 26일 16시,월요일,부산광역시 사상구 학장동,경상사고,0,0,1,1,차대차 - 추돌,안전거리미확보,건조,맑음,단일로 - 기타,화물,남,67세,상해없음,승용,여,40세,경상
2019082600100551,2019년 8월 26일 18시,월요일,부산광역시 남구 용당동,중상사고,0,1,0,0,차대차 - 측면충돌,안전운전불이행,건조,맑음,기타 - 기타,개인형이동수단(PM),남,36세,중상,승용,남,51세,상해없음
2019082600100552,2019년 8월 26일 18시,월요일,부산광역시 해운대구 재송동,경상사고,0,0,1,0,차대차 - 측면충돌,안전운전불이행,건조,맑음,단일로 - 기타,승용,남,60세,상해없음,승용,남,41세,경상
2019082600100553,2019년 8월 26일 18시,월요일,부산광역시 부산진구 당감동,경상사고,0,0,1,0,차대차 - 추돌,안전운전불이행,건조,맑음,단일로 - 기타,승용,여,56세,상해없음,승용,여,50세,경상
2019082600100554,2019년 8월 26일 18시,월요일,부산광역시 기장군 기장읍,경상사고,0,0,1,0,차대차 - 추돌,안전거리미확보,건조,맑음,단일로 - 기타,승용,남,38세,상해없음,승용,남,25세,상해없음
2019082600100586,2019년 8월 26일 19시,월요일,부산광역시 동래구 안락동,경상사고,0,0,1,0,차대차 - 측면충돌,안전운전불이행,건조,맑음,교차로 - 교차로부근,승용,남,69세,상해없음,화물,남,36세,경상
2019082600100587,2019년 8월 26일 19시,월요일,부산광역시 사하구 괴정동,경상사고,0,0,1,0,차대차 - 기타,신호위반,건조,맑음,단일로 - 지하차도(도로)내,이륜,남,44세,상해없음,이륜,남,18세,경상
2019082600100623,2019년 8월 26일 20시,월요일,부산광역시 사하구 장림동,중상사고,0,1,0,0,차대차 - 기타,안전운전불이행,건조,맑음,교차로 - 교차로안,승용,남,45세,상해없음,이륜,남,39세,중상
2019082600100624,2019년 8월 26일 20시,월요일,부산광역시 기장군 장안읍,중상사고,0,1,0,0,차대차 - 측면충돌,중앙선침범,건조,맑음,교차로 - 교차로부근,승용,여,49세,상해없음,승용,남,43세,중상
2019082600100658,2019년 8월 26일 21시,월요일,부산광역시 북구 만덕동,경상사고,0,0,1,0,차량단독 - 기타,안전운전불이행,건조,맑음,교차로 - 교차로안,승합,남,47세,상해없음,,,,
2019082600100659,2019년 8월 26일 21시,월요일,부산광역시 사상구 학장동,경상사고,0,0,1,0,차대사람 - 횡단중,신호위반,건조,흐림,교차로 - 교차로안,원동기,남,30세,상해없음,보행자,남,55세,경상
2019082600100679,2019년 8월 26일 22시,월요일,부산광역시 서구 아미동2가,경상사고,0,0,1,0,차대차 - 추돌,안전거리미확보,건조,맑음,단일로 - 기타,승용,남,45세,상해없음,이륜,남,49세,경상
2019082600100680,2019년 8월 26일 22시,월요일,부산광역시 서구 토성동4가,중상사고,0,1,0,0,차대차 - 측면충돌,신호위반,건조,맑음,교차로 - 교차로안,승용,여,36세,상해없음,승용,여,60세,중상
2019082600100710,2019년 8월 26일 23시,월요일,부산광역시 수영구 광안동,중상사고,0,1,4,0,차대차 - 추돌,안전운전불이행,건조,맑음,단일로 - 기타,승용,남,27세,상해없음,승용,남,28세,경상
2019082700100034,2019년 8월 27일 00시,화요일,부산광역시 부산진구 부전동,중상사고,0,3,0,0,차대차 - 측면충돌,안전운전불이행,건조,맑음,단일로 - 기타,승용,남,54세,상해없음,승용,남,69세,상해없음
2019082700100112,2019년 8월 27일 07시,화요일,부산광역시 중구 대창동2가,부상신고사고,0,0,0,1,차대차 - 측면충돌,안전운전불이행,건조,맑음,단일로 - 터널,승용,남,70세,상해없음,승용,남,58세,부상신고
2019082700100113,2019년 8월 27일 07시,화요일,부산광역시 해운대구 좌동,중상사고,0,1,0,0,차대사람 - 횡단중,안전운전불이행,젖음/습기,비,교차로 - 교차로횡단보도내,화물,남,66세,상해없음,보행자,여,83세,중상
2019082700100114,2019년 8월 27일 07시,화요일,부산광역시 부산진구 개금동,경상사고,0,0,1,0,차대차 - 추돌,안전운전불이행,젖음/습기,비,단일로 - 기타,이륜,남,21세,상해없음,승용,여,31세,경상
2019082700100115,2019년 8월 27일 07시,화요일,부산광역시 연제구 연산동,경상사고,0,0,4,0,차대차 - 측면충돌,교차로운행방법위반,젖음/습기,비,교차로 - 교차로안,승용,남,58세,경상,화물,남,65세,경상
2019082700100193,2019년 8월 27일 09시,화요일,부산광역시 영도구 동삼동,중상사고,0,1,0,0,차대사람 - 기타,안전운전불이행,건조,맑음,단일로 - 기타,승용,남,63세,상해없음,보행자,여,69세,중상
2019082700100194,2019년 8월 27일 09시,화요일,부산광역시 해운대구 우동,경상사고,0,0,1,0,차대사람 - 기타,안전운전불이행,건조,맑음,단일로 - 기타,승용,여,54세,상해없음,보행자,여,22세,경상
2019082700100195,2019년 8월 27일 09시,화요일,부산광역시 부산진구 부전동,경상사고,0,0,2,0,차대차 - 측면충돌,신호위반,젖음/습기,비,교차로 - 교차로부근,승용,여,52세,상해없음,승용,남,65세,경상