사고번호,사고일시,요일,시군구,사고내용,사망자수,중상자수,경상자수,부상신고자수,사고유형,법규위반,노면상태,기상상태,도로형태,가해운전자 차종,가해운전자 성별,가해운전자 연령,가해운전자 상해정도,피해운전자 차종,피해운전자 성별,피해운전자 연령,피해운전자 상해정도
2019082700100196,2019년 8월 27일 09시,화요일,부산광역시 기장군 일광면,경상사고,0,0,1,0,차대차 - 추돌,안전거리미확보,젖음/습기,비,교차로 - 교차로부근,승합,남,55세,상해없음,승용,여,34세,경상
2019082700100228,2019년 8월 27일 10시,화요일,부산광역시 연제구 거제동,경상사고,0,0,2,0,차대차 - 추돌,교차로운행방법위반,건조,흐림,교차로 - 교차로안,승용,남,63세,상해없음,이륜,남,35세,경상
2019082700100284,2019년 8월 27일 12시,화요일,부산광역시 북구 덕천동,중상사고,0,1,0,0,차대차 - 정면충돌,중앙선침범,젖음/습기,비,단일로 - 고가도로위,승용,남,51세,상해없음,승용,남,36세,중상
2019082700100285,2019년 8월 27일 12시,화요일,부산광역시 금정구 금사동,경상사고,0,0,1,0,차대차 - 추돌,안전운전불이행,건조,맑음,교차로 - 교차로부근,건설기계,남,51세,기타불명,승용,여,50세,경상
2019082700100286,2019년 8월 27일 12시,화요일,부산광역시 사하구 당리동,중상사고,0,1,0,0,차대차 - 기타,안전운전불이행,건조,맑음,교차로 - 교차로부근,이륜,남,26세,상해없음,이륜,남,24세,중상
2019082700100287,2019년 8월 27일 12시,화요일,부산광역시 강서구 강동동,중상사고,0,1,0,0,차대차 - 기타,교차로운행방법위반,젖음/습기,비,교차로 - 교차로횡단보도내,화물,남,54세,상해없음,승용,남,51세,중상
2019082700100308,2019년 8월 27일 13시,화요일,부산광역시 동구 좌천동,부상신고사고,0,0,0,1,차대차 - 기타,중앙선침범,젖음/습기,비,단일로 - 고가도로위,이륜,남,18세,부상신고,승용,남,60세,상해없음
2019082700100309,2019년 8월 27일 13시,화요일,부산광역시 동래구 낙민동,중상사고,0,1,0,0,차대사람 - 횡단중,보행자보호의무위반,젖음/습기,비,교차로 - 교차로안,화물,여,36세,상해없음,보행자,여,59세,중상
2019082700100344,2019년 8월 27일 14시,화요일,부산광역시 북구 덕천동,중상사고,0,1,0,0,차대차 - 기타,신호위반,젖음/습기,비,교차로 - 교차로안,승합,남,26세,상해없음,이륜,남,43세,중상
2019082700100381,2019년 8월 27일 15시,화요일,부산광역시 남구 용호동,중상사고,0,1,1,0,차량단독 - 공작물충돌,안전운전불이행,젖음/습기,흐림,단일로 - 기타,승용,여,69세,상해없음,,,,
2019082700100382,2019년 8월 27일 15시,화요일,부산광역시 남구 감만동,중상사고,0,1,0,0,차대사람 - 횡단중,보행자보호의무위반,건조,맑음,단일로 - 기타,화물,남,39세,상해없음,보행자,여,75세,중상
2019082700100383,2019년 8월 27일 15시,화요일,부산광역시 연제구 거제동,경상사고,0,0,1,0,차대사람 - 횡단중,보행자보호의무위반,젖음/습기,비,교차로 - 교차로횡단보도내,승용,남,53세,상해없음,보행자,남,45세,경상
2019082700100384,2019년 8월 27일 15시,화요일,부산광역시 사상구 학장동,경상사고,0,0,1,0,차대차 - 측면충돌,차로위반,건조,맑음,단일로 - 기타,승용,남,59세,상해없음,이륜,남,35세,경상
2019082700100385,2019년 8월 27일 15시,화요일,부산광역시 사상구 감전동,경상사고,0,0,1,0,차대차 - 측면충돌,안전운전불이행,건조,맑음,단일로 - 지하차도(도로)내,승용,여,58세,경상,승합,남,72세,상해없음
2019082700100386,2019년 8월 27일 15시,화요일,부산광역시 기장군 정관읍,경상사고,0,0,1,0,차대차 - 추돌,안전운전불이행,건조,맑음,단일로 - 터널,승용,남,58세,상해없음,승용,남,37세,경상
2019082700100424,2019년 8월 27일 16시,화요일,부산광역시 남구 대연동,경상사고,0,0,1,0,차대사람 - 기타,안전운전불이행,건조,흐림,교차로 - 교차로안,승용,여,50세,상해없음,보행자,남,84세,경상
2019082700100425,2019년 8월 27일 16시,화요일,부산광역시 연제구 연산동,경상사고,0,0,1,0,차대차 - 추돌,안전거리미확보,건조,맑음,단일로 - 기타,승용,남,54세,상해없음,승용,남,42세,경상
2019082700100459,2019년 8월 27일 17시,화요일,부산광역시 서구 동대신동3가,경상사고,0,0,1,0,차대차 - 기타,안전운전불이행,젖음/습기,흐림,단일로 - 기타,이륜,남,38세,경상,승용,남,67세,상해없음
2019082700100460,2019년 8월 27일 17시,화요일,부산광역시 남구 대연동,경상사고,0,0,1,0,차대차 - 추돌,안전운전불이행,건조,맑음,교차로 - 교차로안,화물,남,59세,상해없음,승용,남,32세,경상
2019082700100461,2019년 8월 27일 17시,화요일,부산광역시 수영구 민락동,경상사고,0,0,2,0,차대차 - 측면충돌,안전운전불이행,건조,맑음,교차로 - 교차로안,승용,남,78세,상해없음,승용,남,70세,경상
2019082700100462,2019년 8월 27일 17시,화요일,부산광역시 강서구 송정동,경상사고,0,0,1,0,차대차 - 기타,안전운전불이행,건조,맑음,교차로 - 교차로부근,승용,남,57세,상해없음,승용,남,35세,경상
2019082700100499,2019년 8월 27일 18시,화요일,부산광역시 서구 동대신동2가,중상사고,0,1,0,0,차대사람 - 횡단중,중앙선침범,건조,맑음,단일로 - 기타,승용,여,49세,상해없음,보행자,남,57세,중상
2019082700100500,2019년 8월 27일 18시,화요일,부산광역시 남구 용호동,경상사고,0,0,1,0,차대사람 - 기타,안전운전불이행,건조,맑음,단일로 - 기타,승용,남,58세,상해없음,보행자,여,37세,경상
2019082700100501,2019년 8월 27일 18시,화요일,부산광역시 수영구 광안동,경상사고,0,0,1,0,차대차 - 기타,신호위반,건조,맑음,교차로 - 교차로안,승용,남,37세,상해없음,이륜,남,41세,경상
2019082700100502,2019년 8월 27일 18시,화요일,부산광역시 북구 만덕동,경상사고,0,0,1,0,차대차 - 기타,안전운전불이행,건조,맑음,단일로 - 기타,승용,남,24세,상해없음,승용,여,32세,경상
2019082700100503,2019년 8월 27일 18시,화요일,부산광역시 사하구 하단동,경상사고,0,0,1,0,차대차 - 추돌,안전운전불이행,건조,맑음,단일로 - 기타,화물,남,62세,상해없음,승용,남,47세,경상
2019082700100538,2019년 8월 27일 19시,화요일,부산광역시 사하구 당리동,중상사고,0,1,0,1,차대차 - 측면충돌,중앙선침범,건조,맑음,단일로 - 기타,이륜,남,52세,부상신고,이륜,남,28세,중상
2019082700100539,2019년 8월 27일 19시,화요일,부산광역시 사하구 하단동,경상사고,0,0,1,0,차대사람 - 기타,안전운전불이행,건조,맑음,단일로 - 기타,이륜,남,24세,상해없음,보행자,남,20세,경상
2019082700100589,2019년 8월 27일 20시,화요일,부산광역시 해운대구 좌동,경상사고,0,0,1,0,차대차 - 기타,교차로운행방법위반,젖음/습기,비,교차로 - 교차로안,승합,남,50세,상해없음,이륜,남,18세,경상
2019082700100618,2019년 8월 27일 21시,화요일,부산광역시 남구 문현동,중상사고,0,1,0,0,차대사람 - 차도통행중,안전운전불이행,젖음/습기,비,교차로 - 교차로부근,화물,남,32세,상해없음,보행자,여,28세,중상
2019082700100619,2019년 8월 27일 21시,화요일,부산광역시 동래구 사직동,중상사고,0,1,0,0,차대사람 - 기타,신호위반,젖음/습기,비,교차로 - 교차로횡단보도내,이륜,남,28세,상해없음,보행자,여,60세,중상
2019082700100620,2019년 8월 27일 21시,화요일,부산광역시 해운대구 재송동,부상신고사고,0,0,0,1,차대차 - 추돌,안전거리미확보,젖음/습기,비,단일로 - 기타,이륜,남,18세,부상신고,승용,남,37세,상해없음
2019082700100621,2019년 8월 27일 21시,화요일,부산광역시 부산진구 전포동,부상신고사고,0,0,0,1,차량단독 - 기타,안전운전불이행,건조,맑음,단일로 - 기타,이륜,남,39세,부상신고,,,,
2019082700100658,2019년 8월 27일 23시,화요일,부산광역시 해운대구 송정동,중상사고,0,2,0,0,차대차 - 측면충돌,안전운전불이행,건조,맑음,단일로 - 기타,승용,남,22세,상해없음,승합,남,56세,중상
2019082800100027,2019년 8월 28일 00시,수요일,부산광역시 북구 덕천동,경상사고,0,0,1,0,차대차 - 추돌,안전운전불이행,건조,맑음,단일로 - 기타,승용,남,24세,상해없음,승용,남,64세,경상
2019082800100028,2019년 8월 28일 00시,수요일,부산광역시 동래구 안락동,중상사고,0,2,2,0,차대차 - 추돌,안전운전불이행,건조,맑음,교차로 - 교차로부근,승용,여,50세,상해없음,승용,남,52세,경상
2019082800100039,2019년 8월 28일 01시,수요일,부산광역시 북구 구포동,경상사고,0,0,1,0,차대차 - 정면충돌,안전운전불이행,젖음/습기,비,교차로 - 교차로안,승용,남,48세,상해없음,승용,남,55세,경상
2019082800100054,2019년 8월 28일 03시,수요일,부산광역시 서구 충무동3가,경상사고,0,0,1,0,차대사람 - 차도통행중,안전운전불이행,건조,맑음,단일로 - 기타,승용,남,28세,상해없음,보행자,남,46세,경상
2019082800100062,2019년 8월 28일 04시,수요일,부산광역시 수영구 광안동,중상사고,0,1,0,0,차대사람 - 기타,보행자보호의무위반,젖음/습기,비,교차로 - 교차로안,화물,남,47세,상해없음,보행자,남,76세,중상
2019082800100069,2019년 8월 28일 05시,수요일,부산광역시 부산진구 전포동,경상사고,0,0,1,0,차대사람 - 횡단중,보행자보호의무위반,건조,맑음,교차로 - 교차로횡단보도내,화물,여,52세,상해없음,보행자,남,54세,경상
2019082800100070,2019년 8월 28일 05시,수요일,부산광역시 사상구 감전동,중상사고,0,1,1,0,차대차 - 추돌,안전운전불이행,건조,맑음,단일로 - 기타,승용,남,49세,상해없음,승용,남,62세,경상
2019082800100079,2019년 8월 28일 06시,수요일,부산광역시 금정구 남산동,경상사고,0,0,1,0,차대사람 - 횡단중,안전운전불이행,젖음/습기,흐림,교차로 - 교차로부근,승용,남,52세,상해없음,보행자,남,64세,경상
2019082800100093,2019년 8월 28일 07시,수요일,부산광역시 부산진구 양정동,경상사고,0,0,1,0,차대사람 - 횡단중,안전운전불이행,건조,맑음,단일로 - 기타,승용,여,53세,상해없음,보행자,남,71세,경상
2019082800100121,2019년 8월 28일 08시,수요일,부산광역시 남구 대연동,중상사고,0,1,0,0,차대사람 - 기타,안전운전불이행,젖음/습기,흐림,교차로 - 교차로안,승용,남,27세,상해없음,보행자,여,59세,중상
2019082800100122,2019년 8월 28일 08시,수요일,부산광역시 남구 용호동,부상신고사고,0,0,0,1,차대사람 - 길가장자리구역통행중,안전운전불이행,젖음/습기,비,단일로 - 기타,승용,남,64세,상해없음,보행자,여,15세,부상신고
2019082800100123,2019년 8월 28일 08시,수요일,부산광역시 사하구 장림동,중상사고,0,1,1,0,차대차 - 기타,교차로운행방법위반,건조,맑음,교차로 - 교차로안,승용,남,38세,상해없음,승용,남,64세,경상
2019082800100124,2019년 8월 28일 08시,수요일,부산광역시 연제구 연산동,경상사고,0,0,3,1,차대차 - 측면충돌,직진우회전진행방해,건조,맑음,교차로 - 교차로안,화물,남,62세,상해없음,승합,남,61세,경상
2019082800100125,2019년 8월 28일 08시,수요일,부산광역시 사상구 엄궁동,경상사고,0,0,1,0,차대차 - 추돌,안전운전불이행,건조,맑음,단일로 - 지하차도(도로)내,화물,남,59세,상해없음,승용,여,28세,경상
2019082800100126,2019년 8월 28일 08시,수요일,부산광역시 사상구 감전동,경상사고,0,0,1,0,차대차 - 추돌,안전거리미확보,젖음/습기,비,단일로 - 기타,화물,남,37세,상해없음,승용,여,60세,경상
2019082800100170,2019년 8월 28일 09시,수요일,부산광역시 수영구 광안동,경상사고,0,0,1,0,차대차 - 측면충돌,안전운전불이행,건조,맑음,교차로 - 교차로안,승용,여,55세,상해없음,승용,남,37세,경상
2019082800100171,2019년 8월 28일 09시,수요일,부산광역시 수영구 남천동,경상사고,0,0,2,0,차대차 - 측면충돌,직진우회전진행방해,건조,맑음,교차로 - 교차로안,승용,여,58세,상해없음,승용,남,34세,경상
2019082800100172,2019년 8월 28일 09시,수요일,부산광역시 연제구 연산동,중상사고,0,1,1,0,차대차 - 후진중충돌,안전운전불이행,젖음/습기,비,교차로 - 교차로부근,승용,여,37세,상해없음,화물,남,44세,경상
2019082800100202,2019년 8월 28일 10시,수요일,부산광역시 사하구 다대동,경상사고,0,0,2,0,차대차 - 후진중충돌,안전운전불이행,건조,맑음,단일로 - 기타,화물,남,56세,상해없음,화물,남,34세,경상
2019082800100203,2019년 8월 28일 10시,수요일,부산광역시 연제구 거제동,경상사고,0,0,1,0,차대차 - 기타,차로위반,건조,맑음,단일로 - 기타,승용,남,78세,상해없음,승용,남,67세,경상
2019082800100234,2019년 8월 28일 11시,수요일,부산광역시 해운대구 반송동,중상사고,0,1,0,0,차대차 - 기타,안전운전불이행,기타,맑음,단일로 - 기타,승용,여,44세,상해없음,화물,남,38세,중상
2019082800100235,2019년 8월 28일 11시,수요일,부산광역시 강서구 강동동,경상사고,0,0,1,0,차대차 - 기타,신호위반,건조,맑음,교차로 - 교차로부근,화물,남,28세,상해없음,승용,남,73세,경상
2019082800100294,2019년 8월 28일 13시,수요일,부산광역시 중구 대청동1가,경상사고,0,0,1,0,차대사람 - 횡단중,보행자보호의무위반,건조,맑음,교차로 - 교차로횡단보도내,승용,남,27세,상해없음,보행자,여,35세,경상
2019082800100295,2019년 8월 28일 13시,수요일,부산광역시 수영구 광안동,중상사고,0,1,0,0,차대차 - 측면충돌,교차로운행방법위반,젖음/습기,비,교차로 - 교차로안,승용,여,39세,상해없음,이륜,남,38세,중상
2019082800100325,2019년 8월 28일 14시,수요일,부산광역시 남구 대연동,중상사고,0,1,1,0,차대차 - 기타,안전운전불이행,건조,맑음,교차로 - 교차로안,승용,남,66세,중상,승용,여,67세,경상
2019082800100360,2019년 8월 28일 15시,수요일,부산광역시 중구 중앙동2가,부상신고사고,0,0,0,1,차대차 - 기타,안전운전불이행,건조,맑음,교차로 - 교차로부근,화물,남,63세,상해없음,이륜,남,55세,부상신고
2019082800100394,2019년 8월 28일 16시,수요일,부산광역시 부산진구 부전동,경상사고,0,0,1,0,차대차 - 측면충돌,안전운전불이행,건조,맑음,교차로 - 교차로부근,화물,남,67세,상해없음,이륜,남,24세,경상
2019082800100395,2019년 8월 28일 16시,수요일,부산광역시 부산진구 초읍동,중상사고,0,1,0,0,차대사람 - 기타,안전운전불이행,건조,맑음,교차로 - 교차로안,승합,남,56세,상해없음,보행자,여,63세,중상
2019082800100396,2019년 8월 28일 16시,수요일,부산광역시 사하구 당리동,경상사고,0,0,1,0,차대차 - 기타,기타,건조,맑음,단일로 - 지하차도(도로)내,승용,남,29세,상해없음,승용,남,61세,경상
2019082800100431,2019년 8월 28일 17시,수요일,부산광역시 부산진구 부전동,경상사고,0,0,1,0,차대차 - 측면충돌,안전거리미확보,건조,맑음,단일로 - 기타,승용,남,59세,상해없음,이륜,남,26세,경상
2019082800100432,2019년 8월 28일 17시,수요일,부산광역시 사상구 모라동,중상사고,0,1,2,0,차대차 - 기타,안전운전불이행,건조,맑음,교차로 - 교차로안,승용,남,56세,상해없음,이륜,남,32세,경상
2019082800100470,2019년 8월 28일 18시,수요일,부산광역시 사하구 감천동,경상사고,0,0,1,0,차대차 - 추돌,안전운전불이행,건조,맑음,단일로 - 기타,승용,남,51세,상해없음,승용,남,56세,경상
2019082800100471,2019년 8월 28일 18시,수요일,부산광역시 연제구 연산동,경상사고,0,0,1,0,차대차 - 기타,안전운전불이행,건조,맑음,단일로 - 기타,승용,여,31세,상해없음,승용,여,30세,경상
2019082800100472,2019년 8월 28일 18시,수요일,부산광역시 연제구 연산동,경상사고,0,0,1,0,차대차 - 측면충돌,안전거리미확보,건조,맑음,단일로 - 기타,승용,남,56세,상해없음,이륜,남,40세,경상
2019082800100473,2019년 8월 28일 18시,수요일,부산광역시 사상구 학장동,중상사고,0,2,0,0,차대차 - 기타,안전운전불이행,젖음/습기,비,단일로 - 기타,승용,남,23세,상해없음,이륜,남,67세,중상
2019082800100474,2019년 8월 28일 18시,수요일,부산광역시 강서구 봉림동,중상사고,0,1,0,0,차대차 - 측면충돌,안전운전불이행,젖음/습기,비,단일로 - 기타,특수,남,35세,상해없음,화물,남,37세,중상
2019082800100520,2019년 8월 28일 19시,수요일,부산광역시 부산진구 범천동,중상사고,0,1,2,0,차대차 - 기타,안전운전불이행,젖음/습기,비,교차로 - 교차로안,승용,남,25세,상해없음,승합,남,60세,중상
2019082800100521,2019년 8월 28일 19시,수요일,부산광역시 연제구 연산동,중상사고,0,1,0,0,차대사람 - 횡단중,보행자보호의무위반,젖음/습기,비,교차로 - 교차로횡단보도내,화물,남,45세,상해없음,보행자,여,49세,중상
2019082800100586,2019년 8월 28일 21시,수요일,부산광역시 동래구 온천동,경상사고,0,0,1,0,차대사람 - 횡단중,보행자보호의무위반,젖음/습기,흐림,교차로 - 교차로횡단보도내,승용,여,38세,상해없음,보행자,남,55세,경상
2019082800100587,2019년 8월 28일 21시,수요일,부산광역시 강서구 송정동,중상사고,0,1,0,0,차대차 - 추돌,안전운전불이행,건조,맑음,단일로 - 기타,특수,남,47세,상해없음,특수,남,63세,중상
2019082800100612,2019년 8월 28일 22시,수요일,부산광역시 부산진구 개금동,경상사고,0,0,1,0,차대차 - 기타,기타,건조,맑음,단일로 - 기타,승용,남,65세,상해없음,이륜,남,27세,경상
2019082800100613,2019년 8월 28일 22시,수요일,부산광역시 부산진구 범천동,경상사고,0,0,2,0,차대차 - 측면충돌,교차로운행방법위반,건조,맑음,교차로 - 교차로안,승용,남,26세,상해없음,승용,남,22세,경상
2019082900100043,2019년 8월 29일 01시,목요일,부산광역시 해운대구 좌동,경상사고,0,0,3,0,차대차 - 측면충돌,안전운전불이행,건조,맑음,단일로 - 기타,승용,남,31세,상해없음,승용,남,47세,경상
2019082900100050,2019년 8월 29일 02시,목요일,부산광역시 동래구 명륜동,중상사고,0,1,0,0,차대사람 - 횡단중,안전운전불이행,건조,맑음,교차로 - 교차로안,화물,남,30세,상해없음,보행자,여,20세,중상
2019082900100082,2019년 8월 29일 07시,목요일,부산광역시 서구 암남동,부상신고사고,0,0,0,1,차대차 - 측면충돌,신호위반,젖음/습기,흐림,교차로 - 교차로안,이륜,남,50세,부상신고,승용,남,47세,상해없음
2019082900100083,2019년 8월 29일 07시,목요일,부산광역시 영도구 대평동2가,중상사고,0,1,0,0,차대차 - 측면충돌,직진우회전진행방해,건조,맑음,교차로 - 교차로안,승용,남,45세,상해없음,이륜,남,57세,중상
2019082900100100,2019년 8월 29일 08시,목요일,부산광역시 사하구 장림동,중상사고,0,1,0,0,차대차 - 기타,중앙선침범,건조,맑음,교차로 - 교차로부근,승용,남,48세,상해없음,승합,여,54세,중상
2019082900100145,2019년 8월 29일 09시,목요일,부산광역시 부산진구 개금동,중상사고,0,1,0,0,차대사람 - 횡단중,안전운전불이행,젖음/습기,비,단일로 - 기타,승용,남,62세,상해없음,보행자,여,78세,중상
2019082900100146,2019년 8월 29일 09시,목요일,부산광역시 금정구 서동,경상사고,0,0,1,0,차대차 - 기타,중앙선침범,젖음/습기,비,단일로 - 기타,승용,여,36세,상해없음,화물,남,52세,경상
2019082900100147,2019년 8월 29일 09시,목요일,부산광역시 강서구 대저1동,경상사고,0,0,2,0,차대차 - 추돌,안전운전불이행,젖음/습기,비,교차로 - 교차로부근,화물,남,40세,상해없음,승용,남,56세,경상
2019082900100176,2019년 8월 29일 10시,목요일,부산광역시 사상구 괘법동,경상사고,0,0,1,0,차대사람 - 횡단중,보행자보호의무위반,젖음/습기,비,교차로 - 교차로횡단보도내,화물,남,63세,상해없음,보행자,남,74세,경상
2019082900100177,2019년 8월 29일 10시,목요일,부산광역시 강서구 대저2동,경상사고,0,0,1,0,차대차 - 측면충돌,안전거리미확보,건조,맑음,단일로 - 교량,승용,남,58세,상해없음,승용,남,54세,경상
2019082900100200,2019년 8월 29일 11시,목요일,부산광역시 해운대구 우동,중상사고,0,1,0,0,차대차 - 기타,중앙선침범,건조,맑음,단일로 - 기타,승용,여,44세,상해없음,승용,남,35세,중상
2019082900100201,2019년 8월 29일 11시,목요일,부산광역시 사하구 신평동,경상사고,0,0,1,0,차대차 - 기타,안전운전불이행,젖음/습기,비,주차장 - 주차장,승용,남,58세,상해없음,승용,남,29세,경상
2019082900100226,2019년 8월 29일 12시,목요일,부산광역시 서구 충무동3가,부상신고사고,0,0,0,1,차대사람 - 차도통행중,안전운전불이행,건조,맑음,단일로 - 기타,이륜,남,71세,상해없음,보행자,남,38세,부상신고
2019082900100227,2019년 8월 29일 12시,목요일,부산광역시 동래구 칠산동,경상사고,0,0,1,0,차대차 - 측면충돌,안전운전불이행,건조,맑음,교차로 - 교차로부근,이륜,남,30세,상해없음,화물,남,51세,경상
2019082900100261,2019년 8월 29일 13시,목요일,부산광역시 연제구 거제동,경상사고,0,0,1,0,차대차 - 측면충돌,안전운전불이행,건조,맑음,교차로 - 교차로부근,승용,남,34세,상해없음,승용,남,53세,경상
2019082900100293,2019년 8월 29일 14시,목요일,부산광역시 강서구 송정동,경상사고,0,0,1,0,차대차 - 측면충돌,안전거리미확보,건조,맑음,교차로 - 교차로부근,특수,남,37세,상해없음,승용,남,31세,경상
2019082900100294,2019년 8월 29일 14시,목요일,부산광역시 기장군 철마면,경상사고,0,0,1,0,차대차 - 추돌,안전운전불이행,건조,맑음,교차로 - 교차로안,승용,남,57세,상해없음,화물,여,60세,경상
2019082900100363,2019년 8월 29일 16시,목요일,부산광역시 수영구 남천동,경상사고,0,0,2,0,차대차 - 추돌,교차로운행방법위반,건조,맑음,교차로 - 교차로안,승용,남,58세,기타불명,승용,남,73세,경상
2019082900100364,2019년 8월 29일 16시,목요일,부산광역시 부산진구 양정동,경상사고,0,0,1,0,차대사람 - 기타,안전운전불이행,건조,흐림,단일로 - 기타,승용,여,47세,상해없음,보행자,여,17세,경상
2019082900100365,2019년 8월 29일 16시,목요일,부산광역시 부산진구 부전동,경상사고,0,0,1,0,차대사람 - 횡단중,신호위반,건조,흐림,교차로 - 교차로횡단보도내,원동기,남,29세,상해없음,보행자,여,39세,경상
2019082900100406,2019년 8월 29일 17시,목요일,부산광역시 서구 서대신동2가,경상사고,0,0,1,0,차대차 - 측면충돌,교차로운행방법위반,젖음/습기,비,교차로 - 교차로안,승용,남,41세,상해없음,승합,여,47세,경상
2019082900100454,2019년 8월 29일 18시,목요일,부산광역시 북구 화명동,경상사고,0,0,1,0,차대차 - 기타,중앙선침범,건조,맑음,단일로 - 기타,승용,남,36세,상해없음,이륜,남,27세,경상
2019082900100455,2019년 8월 29일 18시,목요일,부산광역시 북구 덕천동,중상사고,0,1,0,0,차대사람 - 기타,안전운전불이행,건조,맑음,단일로 - 기타,승용,남,81세,상해없음,보행자,여,64세,중상
2019082900100456,2019년 8월 29일 18시,목요일,부산광역시 사하구 괴정동,경상사고,0,0,1,0,차대사람 - 기타,안전운전불이행,건조,맑음,교차로 - 교차로부근,승용,남,72세,상해없음,보행자,여,76세,경상
2019082900100457,2019년 8월 29일 18시,목요일,부산광역시 사상구 감전동,경상사고,0,0,1,0,차대사람 - 차도통행중,안전운전불이행,건조,맑음,단일로 - 기타,승합,남,42세,상해없음,보행자,남,26세,경상
2019082900100514,2019년 8월 29일 19시,목요일,부산광역시 부산진구 당감동,부상신고사고,0,0,0,1,차대차 - 기타,신호위반,건조,맑음,교차로 - 교차로안,이륜,남,22세,부상신고,승용,여,31세,상해없음
2019082900100515,2019년 8월 29일 19시,목요일,부산광역시 사상구 모라동,중상사고,0,1,1,0,차대사람 - 횡단중,안전운전불이행,건조,맑음,기타 - 기타,승용,남,47세,상해없음,보행자,남,15세,중상
2019082900100516,2019년 8월 29일 19시,목요일,부산광역시 기장군 정관읍,경상사고,0,0,1,0,차대차 - 기타,차로위반,건조,맑음,단일로 - 기타,승용,남,57세,상해없음,승용,남,28세,상해없음
2019082900100643,2019년 8월 29일 22시,목요일,부산광역시 중구 중앙동4가,경상사고,0,0,1,0,차대차 - 측면충돌,안전운전불이행,건조,맑음,교차로 - 교차로부근,승용,남,66세,상해없음,승용,남,66세,상해없음
2019082900100644,2019년 8월 29일 22시,목요일,부산광역시 동래구 사직동,경상사고,0,0,1,0,차대차 - 기타,신호위반,건조,맑음,교차로 - 교차로안,승용,남,61세,상해없음,이륜,남,28세,경상
2019082900100645,2019년 8월 29일 22시,목요일,부산광역시 연제구 연산동,경상사고,0,0,1,0,차대사람 - 보도통행중,기타,건조,맑음,단일로 - 기타,자전거,남,29세,상해없음,보행자,여,59세,경상
2019083000100027,2019년 8월 30일 00시,금요일,부산광역시 서구 부민동2가,중상사고,0,1,0,0,차대차 - 측면충돌,교차로운행방법위반,건조,맑음,교차로 - 교차로안,승용,남,23세,상해없음,이륜,남,53세,중상
2019083000100068,2019년 8월 30일 05시,금요일,부산광역시 해운대구 중동,중상사고,0,1,0,0,차대차 - 측면충돌,신호위반,건조,맑음,교차로 - 교차로안,화물,남,61세,상해없음,승용,남,51세,중상
2019083000100083,2019년 8월 30일 06시,금요일,부산광역시 금정구 부곡동,경상사고,0,0,1,0,차대차 - 측면충돌,교차로운행방법위반,건조,맑음,교차로 - 교차로안,화물,남,24세,상해없음,개인형이동수단(PM),여,26세,경상
2019083000100131,2019년 8월 30일 08시,금요일,부산광역시 해운대구 재송동,중상사고,0,2,0,0,차대차 - 추돌,교차로운행방법위반,건조,맑음,교차로 - 교차로안,승용,여,53세,상해없음,승용,여,63세,중상
2019083000100132,2019년 8월 30일 08시,금요일,부산광역시 강서구 생곡동,경상사고,0,0,3,0,차대차 - 기타,안전운전불이행,건조,맑음,단일로 - 기타,건설기계,남,51세,상해없음,승용,남,39세,경상
2019083000100133,2019년 8월 30일 08시,금요일,부산광역시 사상구 주례동,경상사고,0,0,1,0,차대차 - 추돌,안전운전불이행,건조,맑음,교차로 - 교차로부근,화물,남,37세,상해없음,이륜,여,25세,경상
2019083000100178,2019년 8월 30일 09시,금요일,부산광역시 연제구 거제동,중상사고,0,1,0,0,차대사람 - 보도통행중,신호위반,건조,맑음,교차로 - 교차로부근,승용,남,22세,상해없음,보행자,여,12세,중상
2019083000100207,2019년 8월 30일 10시,금요일,부산광역시 연제구 거제동,경상사고,0,0,1,0,차대차 - 추돌,안전거리미확보,건조,맑음,단일로 - 기타,화물,남,41세,상해없음,승용,남,64세,경상
2019083000100286,2019년 8월 30일 12시,금요일,부산광역시 부산진구 부암동,경상사고,0,0,2,0,차대차 - 측면충돌,안전운전불이행,건조,맑음,단일로 - 기타,건설기계,남,57세,상해없음,승용,남,30세,경상
2019083000100287,2019년 8월 30일 12시,금요일,부산광역시 강서구 대저2동,경상사고,0,0,2,0,차대차 - 기타,안전운전불이행,건조,맑음,교차로 - 교차로부근,건설기계,남,56세,상해없음,승용,남,44세,경상
2019083000100288,2019년 8월 30일 12시,금요일,부산광역시 기장군 기장읍,경상사고,0,0,1,0,차대사람 - 기타,안전운전불이행,건조,맑음,단일로 - 기타,승용,남,74세,상해없음,보행자,남,61세,경상
2019083000100316,2019년 8월 30일 13시,금요일,부산광역시 동구 초량동,경상사고,0,0,1,0,차대차 - 측면충돌,안전운전불이행,건조,맑음,단일로 - 기타,특수,남,54세,상해없음,원동기,남,58세,경상
2019083000100317,2019년 8월 30일 13시,금요일,부산광역시 금정구 장전동,경상사고,0,0,1,1,차대차 - 측면충돌,안전운전불이행,건조,맑음,단일로 - 기타,승용,남,32세,부상신고,승합,남,63세,경상
2019083000100318,2019년 8월 30일 13시,금요일,부산광역시 사하구 신평동,경상사고,0,0,1,0,차대차 - 측면충돌,중앙선침범,건조,맑음,단일로 - 기타,화물,남,57세,상해없음,승용,남,21세,경상
2019083000100319,2019년 8월 30일 13시,금요일,부산광역시 사하구 괴정동,경상사고,0,0,2,0,차대차 - 추돌,안전운전불이행,건조,맑음,단일로 - 기타,승용,여,63세,상해없음,승용,여,50세,경상