사고번호,사고일시,요일,시군구,사고내용,사망자수,중상자수,경상자수,부상신고자수,사고유형,법규위반,노면상태,기상상태,도로형태,가해운전자 차종,가해운전자 성별,가해운전자 연령,가해운전자 상해정도,피해운전자 차종,피해운전자 성별,피해운전자 연령,피해운전자 상해정도
2019083000100320,2019년 8월 30일 13시,금요일,부산광역시 기장군 일광면,경상사고,0,0,6,0,차대차 - 측면충돌,안전운전불이행,건조,맑음,교차로 - 교차로안,승용,남,76세,상해없음,승용,남,44세,경상
2019083000100362,2019년 8월 30일 14시,금요일,부산광역시 동래구 수안동,중상사고,0,1,0,0,차대사람 - 횡단중,안전운전불이행,건조,맑음,단일로 - 기타,화물,남,46세,상해없음,보행자,남,69세,중상
2019083000100363,2019년 8월 30일 14시,금요일,부산광역시 부산진구 전포동,경상사고,0,0,1,0,차대사람 - 횡단중,보행자보호의무위반,건조,맑음,교차로 - 교차로안,화물,남,61세,상해없음,보행자,여,62세,경상
2019083000100364,2019년 8월 30일 14시,금요일,부산광역시 금정구 장전동,중상사고,0,1,0,1,차량단독 - 도로외이탈 - 추락,안전운전불이행,건조,맑음,기타 - 기타,승용,남,72세,부상신고,,,,
2019083000100365,2019년 8월 30일 14시,금요일,부산광역시 사하구 신평동,경상사고,0,0,2,0,차대차 - 추돌,안전운전불이행,건조,맑음,단일로 - 기타,화물,남,45세,상해없음,승용,여,22세,경상
2019083000100366,2019년 8월 30일 14시,금요일,부산광역시 연제구 연산동,중상사고,0,1,0,0,차대차 - 정면충돌,신호위반,건조,맑음,교차로 - 교차로안,승용,여,31세,상해없음,승용,남,76세,중상
2019083000100411,2019년 8월 30일 15시,금요일,부산광역시 서구 아미동2가,경상사고,0,0,1,0,차대차 - 추돌,안전운전불이행,건조,맑음,단일로 - 기타,승용,남,69세,상해없음,승용,남,53세,경상
2019083000100412,2019년 8월 30일 15시,금요일,부산광역시 부산진구 초읍동,경상사고,0,0,1,0,차대차 - 측면충돌,안전운전불이행,건조,맑음,교차로 - 교차로안,승용,남,63세,기타불명,승용,남,33세,경상
2019083000100413,2019년 8월 30일 15시,금요일,부산광역시 사하구 하단동,경상사고,0,0,1,0,차대차 - 기타,안전거리미확보,건조,맑음,단일로 - 기타,승용,남,23세,상해없음,이륜,남,63세,경상
2019083000100414,2019년 8월 30일 15시,금요일,부산광역시 강서구 송정동,경상사고,0,0,1,0,차대차 - 추돌,안전거리미확보,건조,맑음,단일로 - 기타,화물,남,60세,상해없음,승용,남,32세,상해없음
2019083000100464,2019년 8월 30일 16시,금요일,부산광역시 사상구 감전동,부상신고사고,0,0,0,1,차대차 - 기타,안전운전불이행,건조,맑음,단일로 - 기타,화물,남,58세,상해없음,화물,남,46세,부상신고
2019083000100517,2019년 8월 30일 17시,금요일,부산광역시 서구 동대신동3가,중상사고,0,1,0,0,차대차 - 측면충돌,신호위반,건조,맑음,단일로 - 기타,승용,남,68세,상해없음,원동기,남,65세,중상
2019083000100518,2019년 8월 30일 17시,금요일,부산광역시 남구 용호동,중상사고,0,1,0,0,차대사람 - 기타,안전운전불이행,건조,맑음,단일로 - 기타,화물,여,64세,상해없음,보행자,여,89세,중상
2019083000100519,2019년 8월 30일 17시,금요일,부산광역시 수영구 민락동,중상사고,0,1,0,0,차대사람 - 기타,안전운전불이행,건조,맑음,기타 - 기타,승용,남,60세,상해없음,보행자,여,90세 이상,중상
2019083000100520,2019년 8월 30일 17시,금요일,부산광역시 동래구 사직동,경상사고,0,0,1,0,차대사람 - 차도통행중,안전운전불이행,건조,맑음,단일로 - 기타,기타불명,기타불명,미분류,기타불명,보행자,여,72세,경상
2019083000100576,2019년 8월 30일 18시,금요일,부산광역시 남구 용호동,경상사고,0,0,1,0,차대차 - 측면충돌,신호위반,건조,맑음,교차로 - 교차로안,승용,여,61세,상해없음,이륜,남,23세,경상
2019083000100577,2019년 8월 30일 18시,금요일,부산광역시 해운대구 중동,경상사고,0,0,1,0,차대사람 - 횡단중,신호위반,건조,맑음,단일로 - 기타,승용,남,63세,상해없음,보행자,남,31세,경상
2019083000100578,2019년 8월 30일 18시,금요일,부산광역시 해운대구 반송동,경상사고,0,0,1,0,차대차 - 추돌,안전운전불이행,건조,맑음,단일로 - 기타,승용,남,74세,상해없음,승용,남,58세,경상
2019083000100579,2019년 8월 30일 18시,금요일,부산광역시 해운대구 반여동,경상사고,0,0,1,0,차대차 - 측면충돌,안전운전불이행,건조,맑음,단일로 - 기타,승용,남,36세,경상,화물,남,74세,상해없음
2019083000100580,2019년 8월 30일 18시,금요일,부산광역시 부산진구 당감동,부상신고사고,0,0,0,1,차대차 - 추돌,불법유턴,건조,맑음,교차로 - 교차로부근,자전거,남,70세,부상신고,승용,남,56세,상해없음
2019083000100643,2019년 8월 30일 19시,금요일,부산광역시 서구 암남동,중상사고,0,1,0,0,차대사람 - 기타,신호위반,건조,맑음,단일로 - 기타,승용,여,50세,상해없음,보행자,남,78세,중상
2019083000100644,2019년 8월 30일 19시,금요일,부산광역시 남구 용당동,경상사고,0,0,1,0,차대차 - 측면충돌,안전운전불이행,건조,맑음,교차로 - 교차로부근,승용,여,51세,상해없음,승용,여,40세,경상
2019083000100645,2019년 8월 30일 19시,금요일,부산광역시 북구 덕천동,중상사고,0,1,1,0,차대차 - 기타,교차로운행방법위반,건조,맑음,단일로 - 기타,승용,여,64세,중상,승용,남,33세,경상
2019083000100646,2019년 8월 30일 19시,금요일,부산광역시 부산진구 범천동,경상사고,0,0,1,1,차대차 - 측면충돌,교차로운행방법위반,건조,맑음,교차로 - 교차로안,승용,여,62세,경상,승합,남,41세,상해없음
2019083000100647,2019년 8월 30일 19시,금요일,부산광역시 연제구 연산동,경상사고,0,0,11,0,차대차 - 추돌,안전거리미확보,건조,맑음,단일로 - 기타,승용,남,72세,상해없음,승용,여,64세,경상
2019083000100700,2019년 8월 30일 20시,금요일,부산광역시 서구 남부민동,경상사고,0,0,1,0,차대사람 - 횡단중,안전운전불이행,건조,맑음,단일로 - 기타,승용,남,41세,상해없음,보행자,남,65세,경상
2019083000100701,2019년 8월 30일 20시,금요일,부산광역시 연제구 연산동,경상사고,0,0,1,0,차대차 - 기타,안전운전불이행,건조,맑음,단일로 - 기타,승용,여,52세,상해없음,이륜,남,55세,경상
2019083000100768,2019년 8월 30일 22시,금요일,부산광역시 동래구 수안동,부상신고사고,0,0,0,1,차대사람 - 횡단중,보행자보호의무위반,건조,맑음,교차로 - 교차로안,기타불명,기타불명,미분류,기타불명,보행자,여,25세,부상신고
2019083000100805,2019년 8월 30일 23시,금요일,부산광역시 해운대구 우동,경상사고,0,0,1,0,차대차 - 후진중충돌,안전운전불이행,건조,맑음,단일로 - 기타,승용,남,50세,상해없음,승용,남,63세,경상
2019083100100034,2019년 8월 31일 00시,토요일,부산광역시 수영구 민락동,부상신고사고,0,0,0,1,차대차 - 기타,안전운전불이행,건조,맑음,단일로 - 기타,이륜,남,18세,기타불명,승용,남,50세,부상신고
2019083100100055,2019년 8월 31일 01시,토요일,부산광역시 연제구 연산동,경상사고,0,0,1,0,차대차 - 후진중충돌,안전운전불이행,건조,맑음,단일로 - 기타,화물,남,29세,상해없음,승용,남,54세,경상
2019083100100105,2019년 8월 31일 04시,토요일,부산광역시 사상구 감전동,중상사고,0,1,3,0,차대차 - 측면충돌,신호위반,건조,맑음,교차로 - 교차로안,승용,남,43세,경상,승용,남,56세,경상
2019083100100136,2019년 8월 31일 06시,토요일,부산광역시 해운대구 재송동,사망사고,1,0,0,0,차대사람 - 기타,안전운전불이행,건조,맑음,단일로 - 기타,승합,남,39세,상해없음,보행자,남,72세,사망
2019083100100159,2019년 8월 31일 07시,토요일,부산광역시 사하구 신평동,경상사고,0,0,1,0,차대차 - 측면충돌,안전운전불이행,건조,맑음,단일로 - 기타,승용,남,36세,상해없음,승용,남,61세,경상
2019083100100214,2019년 8월 31일 09시,토요일,부산광역시 사하구 괴정동,중상사고,0,1,0,0,차대사람 - 횡단중,신호위반,건조,맑음,단일로 - 지하차도(도로)내,건설기계,남,57세,상해없음,보행자,남,70세,중상
2019083100100252,2019년 8월 31일 10시,토요일,부산광역시 중구 대청동4가,경상사고,0,0,1,0,차대사람 - 차도통행중,안전운전불이행,건조,맑음,단일로 - 기타,승용,남,54세,상해없음,보행자,여,46세,경상
2019083100100253,2019년 8월 31일 10시,토요일,부산광역시 해운대구 우동,경상사고,0,0,1,0,차대차 - 기타,안전거리미확보,기타,맑음,단일로 - 기타,승용,여,29세,상해없음,승용,남,28세,경상
2019083100100254,2019년 8월 31일 10시,토요일,부산광역시 연제구 연산동,경상사고,0,0,1,0,차대사람 - 길가장자리구역통행중,안전운전불이행,건조,맑음,단일로 - 기타,승용,남,27세,상해없음,보행자,남,22세,경상
2019083100100255,2019년 8월 31일 10시,토요일,부산광역시 사상구 괘법동,중상사고,0,1,1,0,차대차 - 측면충돌,신호위반,건조,맑음,교차로 - 교차로안,승용,남,38세,상해없음,화물,남,73세,경상
2019083100100256,2019년 8월 31일 10시,토요일,부산광역시 사상구 모라동,경상사고,0,0,2,0,차대차 - 측면충돌,안전운전불이행,건조,맑음,단일로 - 기타,승용,남,50세,상해없음,승용,여,49세,경상
2019083100100257,2019년 8월 31일 10시,토요일,부산광역시 기장군 기장읍,경상사고,0,0,2,0,차대차 - 기타,신호위반,건조,맑음,교차로 - 교차로안,승용,남,48세,상해없음,승용,남,79세,상해없음
2019083100100319,2019년 8월 31일 12시,토요일,부산광역시 수영구 민락동,중상사고,0,1,0,0,차대사람 - 기타,안전운전불이행,건조,맑음,단일로 - 기타,승용,남,69세,상해없음,보행자,여,69세,중상
2019083100100320,2019년 8월 31일 12시,토요일,부산광역시 사상구 감전동,부상신고사고,0,0,0,1,차대차 - 측면충돌,안전거리미확보,건조,맑음,단일로 - 기타,화물,남,31세,부상신고,승용,남,28세,상해없음
2019083100100366,2019년 8월 31일 13시,토요일,부산광역시 동래구 사직동,경상사고,0,0,1,0,차대차 - 측면충돌,안전운전불이행,건조,맑음,단일로 - 기타,승용,남,56세,상해없음,승용,여,48세,경상
2019083100100367,2019년 8월 31일 13시,토요일,부산광역시 부산진구 범천동,경상사고,0,0,2,0,차대차 - 측면충돌,안전운전불이행,건조,맑음,교차로 - 교차로안,승용,남,41세,상해없음,이륜,남,48세,경상
2019083100100368,2019년 8월 31일 13시,토요일,부산광역시 사하구 하단동,중상사고,0,1,0,0,차대차 - 추돌,신호위반,건조,맑음,교차로 - 교차로안,승용,남,39세,상해없음,원동기,남,37세,중상
2019083100100410,2019년 8월 31일 14시,토요일,부산광역시 수영구 민락동,중상사고,0,1,1,0,차대차 - 측면충돌,신호위반,건조,맑음,교차로 - 교차로안,이륜,남,48세,중상,승용,남,30세,경상
2019083100100411,2019년 8월 31일 14시,토요일,부산광역시 수영구 광안동,경상사고,0,0,2,0,차대차 - 기타,안전운전불이행,건조,맑음,단일로 - 기타,승용,여,62세,상해없음,승합,남,41세,상해없음
2019083100100412,2019년 8월 31일 14시,토요일,부산광역시 부산진구 부전동,중상사고,0,1,0,0,차대차 - 기타,기타,건조,맑음,단일로 - 기타,승용,여,34세,상해없음,이륜,남,22세,중상
2019083100100484,2019년 8월 31일 16시,토요일,부산광역시 서구 초장동,경상사고,0,0,4,0,차대차 - 측면충돌,안전운전불이행,건조,맑음,교차로 - 교차로안,승용,남,34세,경상,승합,남,38세,경상
2019083100100485,2019년 8월 31일 16시,토요일,부산광역시 부산진구 부전동,중상사고,0,1,0,0,차대사람 - 기타,안전운전불이행,건조,맑음,단일로 - 기타,화물,남,41세,상해없음,보행자,여,77세,중상
2019083100100532,2019년 8월 31일 17시,토요일,부산광역시 부산진구 범천동,경상사고,0,0,2,0,차대차 - 기타,중앙선침범,건조,맑음,단일로 - 기타,승용,여,27세,상해없음,승용,남,45세,경상
2019083100100574,2019년 8월 31일 18시,토요일,부산광역시 사하구 당리동,부상신고사고,0,0,0,1,차대차 - 추돌,안전운전불이행,건조,맑음,단일로 - 기타,이륜,남,26세,부상신고,승용,여,55세,상해없음
2019083100100575,2019년 8월 31일 18시,토요일,부산광역시 강서구 대저1동,부상신고사고,0,0,0,1,차대차 - 측면충돌,신호위반,건조,맑음,교차로 - 교차로안,이륜,남,36세,부상신고,승용,남,58세,상해없음
2019083100100614,2019년 8월 31일 19시,토요일,부산광역시 북구 덕천동,경상사고,0,0,1,0,차대차 - 기타,안전운전불이행,건조,맑음,단일로 - 기타,승용,남,67세,상해없음,자전거,남,62세,경상
2019083100100615,2019년 8월 31일 19시,토요일,부산광역시 동래구 수안동,경상사고,0,0,1,0,차대차 - 측면충돌,안전운전불이행,건조,맑음,교차로 - 교차로안,승용,여,55세,상해없음,자전거,여,74세,경상
2019083100100616,2019년 8월 31일 19시,토요일,부산광역시 해운대구 재송동,경상사고,0,0,1,0,차대차 - 측면충돌,안전거리미확보,건조,맑음,단일로 - 기타,승용,남,28세,상해없음,이륜,남,27세,경상
2019083100100617,2019년 8월 31일 19시,토요일,부산광역시 사하구 당리동,중상사고,0,1,0,0,차대차 - 측면충돌,신호위반,건조,맑음,교차로 - 교차로안,승용,여,53세,상해없음,이륜,남,30세,중상
2019083100100618,2019년 8월 31일 19시,토요일,부산광역시 사상구 괘법동,경상사고,0,0,2,0,차대차 - 정면충돌,신호위반,건조,맑음,교차로 - 교차로안,승용,남,58세,상해없음,승용,남,34세,경상
2019083100100664,2019년 8월 31일 20시,토요일,부산광역시 서구 남부민동,중상사고,0,1,0,0,차량단독 - 기타,안전운전불이행,건조,맑음,단일로 - 기타,승합,남,64세,상해없음,,,,
2019083100100665,2019년 8월 31일 20시,토요일,부산광역시 동래구 온천동,경상사고,0,0,1,0,차대차 - 측면충돌,안전운전불이행,건조,맑음,교차로 - 교차로부근,이륜,남,37세,경상,승용,여,49세,상해없음
2019083100100666,2019년 8월 31일 20시,토요일,부산광역시 부산진구 초읍동,경상사고,0,0,4,1,차대차 - 측면충돌,안전운전불이행,건조,맑음,교차로 - 교차로안,승용,남,64세,상해없음,승용,남,60세,경상
2019083100100667,2019년 8월 31일 20시,토요일,부산광역시 연제구 연산동,경상사고,0,0,1,0,차대차 - 추돌,안전운전불이행,건조,맑음,단일로 - 기타,승용,남,70세,상해없음,화물,남,52세,경상
2019083100100668,2019년 8월 31일 20시,토요일,부산광역시 사상구 괘법동,경상사고,0,0,1,0,차대차 - 측면충돌,직진우회전진행방해,건조,맑음,교차로 - 교차로안,승용,남,31세,상해없음,승용,남,44세,경상
2019083100100692,2019년 8월 31일 21시,토요일,부산광역시 해운대구 반여동,경상사고,0,0,1,0,차대사람 - 횡단중,신호위반,건조,맑음,교차로 - 교차로횡단보도내,승용,남,36세,상해없음,보행자,남,68세,경상
2019083100100693,2019년 8월 31일 21시,토요일,부산광역시 부산진구 전포동,중상사고,0,1,0,0,차대사람 - 횡단중,중앙선침범,건조,맑음,단일로 - 기타,승용,남,62세,상해없음,보행자,여,60세,중상
2019083100100694,2019년 8월 31일 21시,토요일,부산광역시 부산진구 양정동,경상사고,0,0,1,0,차대차 - 측면충돌,신호위반,건조,맑음,교차로 - 교차로안,승용,여,46세,상해없음,승용,남,69세,경상
2019083100100738,2019년 8월 31일 23시,토요일,부산광역시 북구 구포동,중상사고,0,1,0,0,차대차 - 기타,안전거리미확보,건조,맑음,교차로 - 교차로안,승용,남,56세,상해없음,이륜,남,22세,중상
2019090100100071,2019년 9월 1일 03시,일요일,부산광역시 수영구 광안동,중상사고,0,1,0,0,차대사람 - 횡단중,신호위반,건조,맑음,단일로 - 기타,이륜,남,18세,상해없음,보행자,여,49세,중상
2019090100100110,2019년 9월 1일 08시,일요일,부산광역시 금정구 장전동,중상사고,0,2,1,0,차대차 - 측면충돌,교차로운행방법위반,건조,맑음,교차로 - 교차로안,승용,남,67세,상해없음,승용,남,53세,중상
2019090100100125,2019년 9월 1일 09시,일요일,부산광역시 남구 대연동,중상사고,0,1,0,0,차대사람 - 횡단중,보행자보호의무위반,건조,맑음,교차로 - 교차로횡단보도내,화물,남,62세,상해없음,보행자,여,33세,중상
2019090100100189,2019년 9월 1일 12시,일요일,부산광역시 남구 대연동,경상사고,0,0,1,0,차대차 - 측면충돌,안전운전불이행,건조,맑음,단일로 - 기타,자전거,남,75세,경상,승용,남,69세,상해없음
2019090100100248,2019년 9월 1일 14시,일요일,부산광역시 동구 초량동,경상사고,0,0,3,0,차대차 - 측면충돌,안전거리미확보,건조,맑음,단일로 - 기타,승용,남,26세,상해없음,승용,남,64세,경상
2019090100100249,2019년 9월 1일 14시,일요일,부산광역시 수영구 민락동,경상사고,0,0,1,0,차대사람 - 횡단중,안전운전불이행,건조,맑음,단일로 - 기타,승용,여,52세,상해없음,보행자,남,4세,경상
2019090100100250,2019년 9월 1일 14시,일요일,부산광역시 연제구 연산동,부상신고사고,0,0,0,1,차대사람 - 기타,안전운전불이행,건조,맑음,교차로 - 교차로부근,승용,남,52세,상해없음,보행자,남,62세,부상신고
2019090100100251,2019년 9월 1일 14시,일요일,부산광역시 연제구 연산동,경상사고,0,0,1,0,차대차 - 기타,안전운전불이행,건조,흐림,단일로 - 기타,이륜,남,17세,상해없음,이륜,남,20세,경상
2019090100100279,2019년 9월 1일 15시,일요일,부산광역시 북구 덕천동,경상사고,0,0,1,3,차대차 - 기타,교차로운행방법위반,건조,맑음,교차로 - 교차로부근,승용,남,68세,부상신고,승용,남,25세,경상
2019090100100280,2019년 9월 1일 15시,일요일,부산광역시 연제구 연산동,경상사고,0,0,1,0,차대사람 - 횡단중,신호위반,건조,맑음,단일로 - 기타,이륜,남,24세,상해없음,보행자,여,64세,경상
2019090100100313,2019년 9월 1일 16시,일요일,부산광역시 수영구 광안동,경상사고,0,0,2,0,차대차 - 추돌,안전운전불이행,건조,맑음,단일로 - 기타,승용,여,31세,상해없음,승용,남,46세,경상
2019090100100314,2019년 9월 1일 16시,일요일,부산광역시 남구 용호동,경상사고,0,0,1,0,차대사람 - 길가장자리구역통행중,안전운전불이행,건조,맑음,단일로 - 기타,승용,남,23세,상해없음,보행자,남,64세,경상
2019090100100345,2019년 9월 1일 17시,일요일,부산광역시 남구 대연동,경상사고,0,0,1,0,차대차 - 추돌,안전운전불이행,젖음/습기,비,교차로 - 교차로부근,승용,남,62세,상해없음,이륜,남,24세,경상
2019090100100346,2019년 9월 1일 17시,일요일,부산광역시 사하구 장림동,경상사고,0,0,3,0,차대차 - 기타,안전운전불이행,건조,맑음,교차로 - 교차로부근,승용,여,36세,경상,화물,남,64세,경상
2019090100100405,2019년 9월 1일 19시,일요일,부산광역시 중구 영주동,중상사고,0,1,0,0,차대사람 - 횡단중,보행자보호의무위반,건조,맑음,단일로 - 기타,승용,남,58세,상해없음,보행자,여,56세,중상
2019090100100406,2019년 9월 1일 19시,일요일,부산광역시 동구 범일동,경상사고,0,0,1,0,차대차 - 측면충돌,교차로운행방법위반,젖음/습기,비,교차로 - 교차로안,승용,남,52세,상해없음,승용,남,21세,경상
2019090100100407,2019년 9월 1일 19시,일요일,부산광역시 부산진구 가야동,경상사고,0,0,1,0,차대사람 - 기타,안전운전불이행,젖음/습기,비,교차로 - 교차로부근,승용,남,43세,상해없음,보행자,여,32세,경상
2019090100100408,2019년 9월 1일 19시,일요일,부산광역시 사하구 괴정동,중상사고,0,1,0,0,차대사람 - 횡단중,신호위반,젖음/습기,비,단일로 - 지하차도(도로)내,승용,남,25세,상해없음,보행자,남,62세,중상
2019090100100451,2019년 9월 1일 20시,일요일,부산광역시 서구 동대신동2가,경상사고,0,0,1,0,차대차 - 추돌,안전운전불이행,젖음/습기,비,단일로 - 기타,승용,남,55세,상해없음,승용,남,30세,경상
2019090100100452,2019년 9월 1일 20시,일요일,부산광역시 수영구 광안동,경상사고,0,0,2,0,차대차 - 측면충돌,신호위반,젖음/습기,비,교차로 - 교차로안,승용,남,58세,상해없음,승용,여,42세,상해없음
2019090100100482,2019년 9월 1일 21시,일요일,부산광역시 기장군 일광면,중상사고,0,2,0,0,차량단독 - 공작물충돌,안전운전불이행,젖음/습기,비,단일로 - 고가도로위,승용,남,53세,기타불명,,,,
2019090100100495,2019년 9월 1일 22시,일요일,부산광역시 북구 금곡동,부상신고사고,0,0,0,1,차대차 - 기타,안전운전불이행,젖음/습기,비,교차로 - 교차로부근,이륜,남,49세,상해없음,이륜,남,34세,부상신고
2019090100100515,2019년 9월 1일 23시,일요일,부산광역시 금정구 부곡동,경상사고,0,0,1,0,차대차 - 기타,직진우회전진행방해,건조,맑음,교차로 - 교차로안,승용,남,55세,상해없음,승용,남,37세,경상
2019090200100038,2019년 9월 2일 01시,월요일,부산광역시 동구 초량동,경상사고,0,0,1,0,차대차 - 기타,신호위반,건조,맑음,교차로 - 교차로안,승용,남,50세,상해없음,승용,남,49세,경상
2019090200100039,2019년 9월 2일 01시,월요일,부산광역시 영도구 청학동,경상사고,0,0,1,0,차대차 - 추돌,안전거리미확보,젖음/습기,비,단일로 - 기타,화물,남,27세,상해없음,승용,여,54세,경상
2019090200100087,2019년 9월 2일 07시,월요일,부산광역시 연제구 연산동,경상사고,0,0,1,0,차대차 - 측면충돌,교차로운행방법위반,젖음/습기,비,교차로 - 교차로안,승용,남,56세,상해없음,승용,남,38세,경상
2019090200100121,2019년 9월 2일 08시,월요일,부산광역시 동래구 사직동,경상사고,0,0,1,0,차대차 - 기타,안전운전불이행,젖음/습기,흐림,단일로 - 기타,승용,여,67세,상해없음,승합,남,51세,상해없음
2019090200100122,2019년 9월 2일 08시,월요일,부산광역시 금정구 노포동,중상사고,0,1,0,0,차대사람 - 횡단중,보행자보호의무위반,젖음/습기,비,단일로 - 기타,사륜오토바이(ATV),남,63세,상해없음,보행자,여,80세,중상
2019090200100123,2019년 9월 2일 08시,월요일,부산광역시 사하구 장림동,경상사고,0,0,1,0,차대사람 - 기타,안전운전불이행,건조,맑음,단일로 - 기타,승합,남,69세,상해없음,보행자,여,65세,경상
2019090200100220,2019년 9월 2일 10시,월요일,부산광역시 서구 서대신동3가,경상사고,0,0,1,0,차대차 - 추돌,신호위반,젖음/습기,비,단일로 - 터널,승용,여,60세,상해없음,승용,여,53세,경상
2019090200100221,2019년 9월 2일 10시,월요일,부산광역시 영도구 동삼동,경상사고,0,0,1,0,차대차 - 추돌,안전운전불이행,젖음/습기,비,단일로 - 기타,승용,남,31세,상해없음,승용,여,50세,경상
2019090200100222,2019년 9월 2일 10시,월요일,부산광역시 금정구 서동,중상사고,0,1,0,0,차대차 - 측면충돌,안전운전불이행,젖음/습기,맑음,단일로 - 기타,승용,남,67세,상해없음,승용,남,71세,중상
2019090200100223,2019년 9월 2일 10시,월요일,부산광역시 사상구 감전동,경상사고,0,0,1,0,차대차 - 측면충돌,안전운전불이행,젖음/습기,비,교차로 - 교차로부근,승용,남,65세,상해없음,승용,남,30세,경상
2019090200100257,2019년 9월 2일 11시,월요일,부산광역시 수영구 광안동,경상사고,0,0,1,0,차대차 - 기타,안전운전불이행,젖음/습기,비,단일로 - 기타,화물,남,29세,상해없음,승용,남,28세,기타불명
2019090200100295,2019년 9월 2일 12시,월요일,부산광역시 사하구 당리동,경상사고,0,0,1,1,차대차 - 추돌,안전거리미확보,젖음/습기,비,단일로 - 기타,승합,남,43세,상해없음,승용,남,26세,경상
2019090200100330,2019년 9월 2일 13시,월요일,부산광역시 부산진구 부전동,경상사고,0,0,1,0,차대사람 - 횡단중,보행자보호의무위반,젖음/습기,비,교차로 - 교차로부근,사륜오토바이(ATV),남,71세,상해없음,보행자,여,53세,경상
2019090200100372,2019년 9월 2일 14시,월요일,부산광역시 사하구 장림동,경상사고,0,0,1,0,차대차 - 측면충돌,중앙선침범,젖음/습기,맑음,단일로 - 기타,승용,남,54세,상해없음,승용,남,64세,경상
2019090200100373,2019년 9월 2일 14시,월요일,부산광역시 사하구 괴정동,경상사고,0,0,1,0,차대사람 - 길가장자리구역통행중,안전운전불이행,건조,맑음,단일로 - 기타,화물,남,51세,상해없음,보행자,남,75세,경상
2019090200100409,2019년 9월 2일 15시,월요일,부산광역시 연제구 연산동,경상사고,0,0,1,0,차대차 - 기타,안전운전불이행,젖음/습기,흐림,단일로 - 기타,승용,남,79세,기타불명,승용,남,65세,경상
2019090200100410,2019년 9월 2일 15시,월요일,부산광역시 강서구 강동동,중상사고,0,1,0,0,차대차 - 기타,불법유턴,젖음/습기,비,기타 - 기타,이륜,남,47세,중상,승용,남,72세,상해없음
2019090200100442,2019년 9월 2일 16시,월요일,부산광역시 부산진구 부전동,경상사고,0,0,1,0,차량단독 - 기타,안전운전불이행,건조,맑음,단일로 - 기타,승합,남,52세,상해없음,,,,
2019090200100443,2019년 9월 2일 16시,월요일,부산광역시 부산진구 부전동,부상신고사고,0,0,0,1,차대차 - 측면충돌,안전운전불이행,건조,맑음,교차로 - 교차로안,자전거,남,68세,부상신고,승용,남,59세,상해없음
2019090200100476,2019년 9월 2일 17시,월요일,부산광역시 남구 감만동,경상사고,0,0,1,0,차대차 - 측면충돌,안전거리미확보,건조,맑음,단일로 - 기타,특수,남,54세,상해없음,승용,남,54세,경상
2019090200100477,2019년 9월 2일 17시,월요일,부산광역시 기장군 정관읍,경상사고,0,0,2,0,차대차 - 측면충돌,신호위반,건조,맑음,단일로 - 기타,승용,여,62세,상해없음,승용,남,41세,경상
2019090200100517,2019년 9월 2일 18시,월요일,부산광역시 부산진구 부전동,경상사고,0,0,1,0,차대사람 - 기타,안전운전불이행,건조,맑음,단일로 - 기타,승합,남,61세,상해없음,보행자,여,18세,경상
2019090200100570,2019년 9월 2일 19시,월요일,부산광역시 금정구 부곡동,부상신고사고,0,0,0,1,차대차 - 기타,안전운전불이행,젖음/습기,비,기타 - 기타,기타불명,기타불명,미분류,기타불명,이륜,남,31세,부상신고
2019090200100633,2019년 9월 2일 20시,월요일,부산광역시 동구 수정동,경상사고,0,0,1,0,차대사람 - 차도통행중,안전운전불이행,젖음/습기,비,교차로 - 교차로안,승용,여,50세,상해없음,보행자,여,25세,경상
2019090200100634,2019년 9월 2일 20시,월요일,부산광역시 해운대구 반여동,중상사고,0,2,1,0,차대차 - 정면충돌,중앙선침범,젖음/습기,비,단일로 - 기타,승용,남,35세,경상,승용,여,58세,중상
2019090200100635,2019년 9월 2일 20시,월요일,부산광역시 해운대구 재송동,경상사고,0,0,1,0,차대사람 - 기타,보행자보호의무위반,젖음/습기,비,교차로 - 교차로횡단보도내,승용,남,63세,상해없음,보행자,여,46세,경상
2019090200100636,2019년 9월 2일 20시,월요일,부산광역시 사하구 당리동,경상사고,0,0,1,0,차대사람 - 횡단중,안전운전불이행,젖음/습기,비,교차로 - 교차로부근,승용,남,28세,상해없음,보행자,여,74세,경상
2019090200100671,2019년 9월 2일 21시,월요일,부산광역시 수영구 광안동,중상사고,0,1,1,0,차대차 - 추돌,안전거리미확보,젖음/습기,비,단일로 - 터널,승용,남,36세,상해없음,승용,남,54세,중상
2019090200100672,2019년 9월 2일 21시,월요일,부산광역시 북구 구포동,경상사고,0,0,1,0,차대차 - 측면충돌,안전거리미확보,젖음/습기,비,단일로 - 지하차도(도로)내,승용,남,58세,상해없음,이륜,남,21세,경상
2019090200100673,2019년 9월 2일 21시,월요일,부산광역시 동래구 안락동,경상사고,0,0,1,0,차대차 - 기타,안전운전불이행,건조,흐림,단일로 - 기타,승용,남,56세,상해없음,승용,남,40세,경상
2019090200100674,2019년 9월 2일 21시,월요일,부산광역시 부산진구 당감동,중상사고,0,1,0,0,차대차 - 측면충돌,신호위반,젖음/습기,비,교차로 - 교차로안,승용,남,40세,상해없음,승용,여,47세,중상