사고번호,사고일시,요일,시군구,사고내용,사망자수,중상자수,경상자수,부상신고자수,사고유형,법규위반,노면상태,기상상태,도로형태,가해운전자 차종,가해운전자 성별,가해운전자 연령,가해운전자 상해정도,피해운전자 차종,피해운전자 성별,피해운전자 연령,피해운전자 상해정도
2019090500100570,2019년 9월 5일 19시,목요일,부산광역시 동래구 복천동,중상사고,0,1,0,0,차대사람 - 차도통행중,안전운전불이행,건조,맑음,단일로 - 기타,승용,여,65세,상해없음,보행자,여,33세,중상
2019090500100571,2019년 9월 5일 19시,목요일,부산광역시 해운대구 좌동,중상사고,0,1,0,0,차대사람 - 기타,안전운전불이행,기타,맑음,교차로 - 교차로부근,승용,남,38세,상해없음,보행자,남,65세,중상
2019090500100607,2019년 9월 5일 20시,목요일,부산광역시 부산진구 연지동,경상사고,0,0,1,0,차대차 - 기타,교차로운행방법위반,건조,맑음,교차로 - 교차로부근,이륜,남,43세,상해없음,승용,여,27세,경상
2019090500100645,2019년 9월 5일 21시,목요일,부산광역시 기장군 정관읍,경상사고,0,0,1,0,차대차 - 측면충돌,교차로운행방법위반,건조,맑음,교차로 - 교차로안,승용,남,50세,상해없음,이륜,남,19세,경상
2019090500100669,2019년 9월 5일 22시,목요일,부산광역시 동구 초량동,경상사고,0,0,2,0,차대차 - 추돌,안전운전불이행,건조,맑음,단일로 - 기타,승용,남,23세,상해없음,승용,남,24세,경상
2019090500100670,2019년 9월 5일 22시,목요일,부산광역시 부산진구 부전동,경상사고,0,0,1,0,차대차 - 정면충돌,중앙선침범,건조,맑음,교차로 - 교차로안,승용,남,59세,상해없음,승용,남,57세,경상
2019090600100083,2019년 9월 6일 07시,금요일,부산광역시 남구 용당동,경상사고,0,0,1,0,차대차 - 기타,안전운전불이행,건조,맑음,교차로 - 교차로부근,승용,남,60세,상해없음,승용,남,31세,경상
2019090600100084,2019년 9월 6일 07시,금요일,부산광역시 사하구 신평동,중상사고,0,1,0,0,차대차 - 추돌,중앙선침범,건조,맑음,교차로 - 교차로안,원동기,남,26세,중상,승용,남,57세,상해없음
2019090600100136,2019년 9월 6일 09시,금요일,부산광역시 서구 토성동1가,부상신고사고,0,0,0,1,차대차 - 측면충돌,신호위반,건조,맑음,교차로 - 교차로안,이륜,남,18세,부상신고,화물,남,42세,상해없음
2019090600100167,2019년 9월 6일 10시,금요일,부산광역시 남구 용호동,경상사고,0,0,1,0,차대사람 - 기타,안전운전불이행,건조,맑음,단일로 - 기타,승용,남,73세,상해없음,보행자,남,56세,경상
2019090600100168,2019년 9월 6일 10시,금요일,부산광역시 강서구 신호동,중상사고,0,1,0,0,차대사람 - 횡단중,신호위반,건조,맑음,교차로 - 교차로안,승합,남,56세,상해없음,보행자,남,68세,중상
2019090600100196,2019년 9월 6일 11시,금요일,부산광역시 연제구 연산동,경상사고,0,0,1,0,차대차 - 추돌,안전운전불이행,건조,맑음,단일로 - 기타,화물,남,51세,상해없음,승용,여,49세,경상
2019090600100234,2019년 9월 6일 12시,금요일,부산광역시 부산진구 전포동,경상사고,0,0,1,0,차대차 - 측면충돌,신호위반,건조,맑음,교차로 - 교차로안,이륜,여,26세,상해없음,이륜,남,23세,경상
2019090600100235,2019년 9월 6일 12시,금요일,부산광역시 사상구 감전동,경상사고,0,0,2,0,차대차 - 측면충돌,신호위반,건조,맑음,교차로 - 교차로안,화물,남,65세,상해없음,승용,남,62세,경상
2019090600100290,2019년 9월 6일 14시,금요일,부산광역시 부산진구 부암동,중상사고,0,1,0,0,차대차 - 측면충돌,신호위반,건조,맑음,교차로 - 교차로부근,승용,여,65세,상해없음,승용,남,43세,중상
2019090600100291,2019년 9월 6일 14시,금요일,부산광역시 금정구 장전동,경상사고,0,0,1,0,차대사람 - 기타,안전운전불이행,건조,맑음,단일로 - 기타,화물,남,52세,기타불명,보행자,여,60세,경상
2019090600100292,2019년 9월 6일 14시,금요일,부산광역시 금정구 두구동,중상사고,0,1,0,0,차대차 - 기타,안전운전불이행,건조,맑음,교차로 - 교차로안,승용,남,78세,상해없음,이륜,남,78세,중상
2019090600100293,2019년 9월 6일 14시,금요일,부산광역시 수영구 망미동,중상사고,0,1,0,0,차량단독 - 공작물충돌,안전운전불이행,건조,맑음,단일로 - 기타,이륜,남,45세,중상,,,,
2019090600100294,2019년 9월 6일 14시,금요일,부산광역시 사상구 모라동,경상사고,0,0,2,0,차대차 - 측면충돌,안전운전불이행,건조,맑음,단일로 - 기타,화물,남,39세,경상,승용,남,45세,경상
2019090600100331,2019년 9월 6일 15시,금요일,부산광역시 서구 동대신동1가,경상사고,0,0,1,0,차대사람 - 기타,안전운전불이행,건조,맑음,단일로 - 기타,특수,남,44세,상해없음,보행자,여,41세,경상
2019090600100332,2019년 9월 6일 15시,금요일,부산광역시 부산진구 가야동,경상사고,0,0,1,0,차대차 - 기타,기타,건조,맑음,교차로 - 교차로부근,승합,남,60세,상해없음,승용,남,77세,상해없음
2019090600100380,2019년 9월 6일 16시,금요일,부산광역시 남구 우암동,경상사고,0,0,1,0,차대차 - 기타,안전운전불이행,건조,맑음,기타 - 기타,승용,남,53세,상해없음,승용,남,59세,상해없음
2019090600100381,2019년 9월 6일 16시,금요일,부산광역시 수영구 남천동,경상사고,0,0,1,0,차대차 - 기타,안전운전불이행,건조,맑음,기타 - 기타,승용,남,64세,상해없음,승용,남,37세,경상
2019090600100382,2019년 9월 6일 16시,금요일,부산광역시 동래구 온천동,경상사고,0,0,3,0,차대차 - 추돌,안전운전불이행,건조,맑음,단일로 - 기타,승용,남,49세,상해없음,승용,남,32세,경상
2019090600100430,2019년 9월 6일 17시,금요일,부산광역시 연제구 연산동,중상사고,0,1,0,0,차대차 - 기타,안전운전불이행,건조,맑음,단일로 - 기타,승용,남,62세,상해없음,이륜,남,25세,중상
2019090600100431,2019년 9월 6일 17시,금요일,부산광역시 연제구 거제동,경상사고,0,0,2,0,차대차 - 기타,교차로운행방법위반,건조,맑음,교차로 - 교차로안,승용,여,44세,상해없음,승용,남,25세,경상
2019090600100432,2019년 9월 6일 17시,금요일,부산광역시 사상구 학장동,경상사고,0,0,1,0,차대차 - 추돌,안전운전불이행,건조,맑음,단일로 - 기타,화물,남,46세,상해없음,이륜,남,52세,경상
2019090600100479,2019년 9월 6일 18시,금요일,부산광역시 동래구 명장동,경상사고,0,0,1,0,차대차 - 기타,안전운전불이행,건조,맑음,교차로 - 교차로부근,승합,남,56세,상해없음,승용,남,50세,경상
2019090600100521,2019년 9월 6일 19시,금요일,부산광역시 수영구 망미동,중상사고,0,1,0,0,차대사람 - 기타,안전운전불이행,건조,흐림,단일로 - 기타,승용,남,46세,상해없음,보행자,여,57세,중상
2019090600100522,2019년 9월 6일 19시,금요일,부산광역시 강서구 신호동,경상사고,0,0,1,0,차대차 - 측면충돌,안전운전불이행,건조,맑음,단일로 - 기타,승용,여,41세,상해없음,승용,남,60세,경상
2019090600100523,2019년 9월 6일 19시,금요일,부산광역시 기장군 기장읍,경상사고,0,0,1,0,차대차 - 측면충돌,안전운전불이행,건조,맑음,교차로 - 교차로부근,화물,남,64세,상해없음,승용,남,48세,경상
2019090600100591,2019년 9월 6일 20시,금요일,부산광역시 해운대구 재송동,경상사고,0,0,1,0,차대차 - 측면충돌,중앙선침범,건조,맑음,단일로 - 기타,승용,여,49세,상해없음,이륜,남,18세,경상
2019090600100592,2019년 9월 6일 20시,금요일,부산광역시 부산진구 가야동,중상사고,0,1,0,0,차대사람 - 횡단중,안전운전불이행,건조,흐림,단일로 - 기타,승용,남,54세,상해없음,보행자,남,83세,중상
2019090600100629,2019년 9월 6일 21시,금요일,부산광역시 남구 대연동,경상사고,0,0,1,0,차대사람 - 기타,안전운전불이행,젖음/습기,비,교차로 - 교차로안,승용,여,59세,상해없음,보행자,여,81세,경상
2019090600100670,2019년 9월 6일 22시,금요일,부산광역시 남구 대연동,부상신고사고,0,0,0,1,차대사람 - 기타,안전운전불이행,건조,맑음,기타 - 기타,승용,남,27세,상해없음,보행자,여,19세,부상신고
2019090600100671,2019년 9월 6일 22시,금요일,부산광역시 연제구 연산동,경상사고,0,0,1,0,차대차 - 추돌,안전운전불이행,건조,맑음,단일로 - 기타,승용,남,56세,상해없음,승용,남,61세,경상
2019090600100704,2019년 9월 6일 23시,금요일,부산광역시 서구 남부민동,중상사고,0,2,1,0,차대차 - 측면충돌,안전운전불이행,건조,맑음,단일로 - 기타,승용,여,53세,경상,승용,여,53세,중상
2019090600100705,2019년 9월 6일 23시,금요일,부산광역시 서구 암남동,경상사고,0,0,1,0,차대차 - 측면충돌,신호위반,건조,맑음,교차로 - 교차로안,승용,남,50세,상해없음,승용,남,72세,경상
2019090600100706,2019년 9월 6일 23시,금요일,부산광역시 남구 대연동,경상사고,0,0,1,0,차대차 - 측면충돌,안전운전불이행,건조,맑음,교차로 - 교차로안,승용,남,52세,상해없음,승용,남,81세,경상
2019090700100028,2019년 9월 7일 00시,토요일,부산광역시 영도구 동삼동,경상사고,0,0,2,0,차대차 - 측면충돌,중앙선침범,젖음/습기,비,단일로 - 기타,승용,남,45세,상해없음,승용,남,62세,경상
2019090700100057,2019년 9월 7일 01시,토요일,부산광역시 남구 용호동,중상사고,0,1,1,0,차대차 - 추돌,안전운전불이행,젖음/습기,비,단일로 - 기타,승용,남,25세,상해없음,승용,남,50세,중상
2019090700100058,2019년 9월 7일 01시,토요일,부산광역시 북구 덕천동,경상사고,0,0,2,0,차대차 - 측면충돌,신호위반,건조,맑음,교차로 - 교차로안,승용,남,43세,상해없음,승용,여,50세,경상
2019090700100059,2019년 9월 7일 01시,토요일,부산광역시 부산진구 부전동,중상사고,0,1,0,0,차대사람 - 횡단중,안전운전불이행,젖음/습기,비,교차로 - 교차로안,승용,남,53세,상해없음,보행자,여,36세,중상
2019090700100092,2019년 9월 7일 03시,토요일,부산광역시 동구 초량동,부상신고사고,0,0,0,1,차대차 - 추돌,차로위반,젖음/습기,비,단일로 - 기타,승용,남,28세,부상신고,승합,남,33세,상해없음
2019090700100093,2019년 9월 7일 03시,토요일,부산광역시 수영구 남천동,경상사고,0,0,1,0,차대사람 - 횡단중,안전운전불이행,젖음/습기,비,단일로 - 기타,승용,남,79세,상해없음,보행자,남,37세,경상
2019090700100104,2019년 9월 7일 04시,토요일,부산광역시 동래구 사직동,경상사고,0,0,1,0,차대차 - 기타,안전운전불이행,젖음/습기,흐림,단일로 - 기타,승용,남,52세,경상,승용,남,67세,상해없음
2019090700100132,2019년 9월 7일 07시,토요일,부산광역시 강서구 대저1동,경상사고,0,0,2,0,차대차 - 측면충돌,신호위반,건조,맑음,교차로 - 교차로안,화물,남,24세,상해없음,화물,남,67세,경상
2019090700100164,2019년 9월 7일 09시,토요일,부산광역시 동구 초량동,경상사고,0,0,1,0,차대차 - 추돌,안전거리미확보,젖음/습기,비,단일로 - 기타,이륜,남,25세,상해없음,승용,남,66세,상해없음
2019090700100189,2019년 9월 7일 10시,토요일,부산광역시 수영구 광안동,경상사고,0,0,1,0,차대차 - 기타,안전운전불이행,건조,맑음,단일로 - 기타,승용,남,49세,상해없음,승용,남,58세,경상
2019090700100213,2019년 9월 7일 11시,토요일,부산광역시 동래구 온천동,경상사고,0,0,5,0,차대차 - 기타,차로위반,건조,맑음,단일로 - 기타,승용,여,67세,상해없음,승합,남,57세,경상
2019090700100214,2019년 9월 7일 11시,토요일,부산광역시 사상구 괘법동,경상사고,0,0,1,0,차대차 - 추돌,안전운전불이행,건조,맑음,단일로 - 기타,승용,남,33세,상해없음,승용,남,49세,경상
2019090700100253,2019년 9월 7일 12시,토요일,부산광역시 남구 용당동,경상사고,0,0,2,0,차대차 - 측면충돌,안전운전불이행,건조,맑음,교차로 - 교차로부근,승용,남,55세,상해없음,승용,남,57세,경상
2019090700100254,2019년 9월 7일 12시,토요일,부산광역시 금정구 장전동,중상사고,0,3,0,0,차대차 - 측면충돌,차로위반,건조,맑음,교차로 - 교차로부근,승용,여,42세,상해없음,승용,여,42세,중상
2019090700100282,2019년 9월 7일 13시,토요일,부산광역시 수영구 망미동,경상사고,0,0,1,0,차대차 - 기타,차로위반,건조,맑음,단일로 - 기타,승용,남,64세,상해없음,승용,남,38세,경상
2019090700100283,2019년 9월 7일 13시,토요일,부산광역시 사상구 덕포동,부상신고사고,0,0,0,1,차대차 - 기타,안전거리미확보,건조,맑음,교차로 - 교차로부근,승용,남,38세,상해없음,이륜,남,35세,부상신고
2019090700100300,2019년 9월 7일 14시,토요일,부산광역시 부산진구 부전동,중상사고,0,1,0,0,차대차 - 측면충돌,신호위반,젖음/습기,비,교차로 - 교차로안,승용,여,41세,상해없음,이륜,남,66세,중상
2019090700100312,2019년 9월 7일 15시,토요일,부산광역시 부산진구 당감동,경상사고,0,0,5,0,차대차 - 측면충돌,안전거리미확보,건조,맑음,단일로 - 교량,승용,남,43세,상해없음,승용,남,50세,경상
2019090700100313,2019년 9월 7일 15시,토요일,부산광역시 연제구 연산동,중상사고,0,1,0,0,차대차 - 측면충돌,안전운전불이행,젖음/습기,흐림,단일로 - 기타,승용,남,65세,기타불명,승용,남,62세,중상
2019090700100330,2019년 9월 7일 16시,토요일,부산광역시 강서구 명지동,중상사고,0,1,2,0,차대차 - 측면충돌,신호위반,건조,맑음,교차로 - 교차로부근,승용,남,45세,경상,승용,남,54세,중상
2019090700100357,2019년 9월 7일 17시,토요일,부산광역시 동구 범일동,경상사고,0,0,1,0,차대차 - 추돌,안전운전불이행,건조,맑음,단일로 - 기타,승용,남,22세,상해없음,승합,남,46세,상해없음
2019090700100358,2019년 9월 7일 17시,토요일,부산광역시 동래구 온천동,경상사고,0,0,1,0,차대차 - 측면충돌,기타,건조,맑음,단일로 - 기타,승용,남,54세,상해없음,자전거,남,22세,경상
2019090700100359,2019년 9월 7일 17시,토요일,부산광역시 연제구 연산동,경상사고,0,0,1,0,차대차 - 측면충돌,안전거리미확보,건조,맑음,단일로 - 기타,승용,남,62세,상해없음,승용,여,35세,경상
2019090700100360,2019년 9월 7일 17시,토요일,부산광역시 사상구 괘법동,경상사고,0,0,1,0,차대차 - 기타,신호위반,건조,맑음,교차로 - 교차로안,이륜,남,21세,경상,승용,남,53세,상해없음
2019090700100361,2019년 9월 7일 17시,토요일,부산광역시 기장군 기장읍,중상사고,0,1,0,0,차대사람 - 차도통행중,교차로운행방법위반,건조,맑음,교차로 - 교차로안,승용,여,46세,상해없음,보행자,남,8세,중상
2019090700100390,2019년 9월 7일 18시,토요일,부산광역시 연제구 연산동,경상사고,0,0,1,0,차대사람 - 길가장자리구역통행중,안전운전불이행,건조,흐림,단일로 - 기타,이륜,남,62세,상해없음,보행자,여,70세,경상
2019090700100410,2019년 9월 7일 19시,토요일,부산광역시 수영구 광안동,경상사고,0,0,1,0,차대차 - 기타,중앙선침범,건조,맑음,단일로 - 기타,승용,여,46세,기타불명,이륜,남,39세,경상
2019090700100411,2019년 9월 7일 19시,토요일,부산광역시 북구 구포동,경상사고,0,0,1,0,차대차 - 기타,안전운전불이행,건조,맑음,단일로 - 기타,화물,남,65세,상해없음,승용,남,61세,상해없음
2019090700100412,2019년 9월 7일 19시,토요일,부산광역시 해운대구 좌동,경상사고,0,0,1,0,차대차 - 정면충돌,안전운전불이행,건조,맑음,단일로 - 기타,승용,남,28세,상해없음,이륜,남,28세,경상
2019090700100443,2019년 9월 7일 20시,토요일,부산광역시 서구 토성동2가,경상사고,0,0,1,0,차대차 - 측면충돌,안전운전불이행,젖음/습기,흐림,단일로 - 기타,이륜,남,56세,경상,이륜,남,20세,상해없음
2019090700100460,2019년 9월 7일 21시,토요일,부산광역시 연제구 거제동,경상사고,0,0,1,0,차대차 - 측면충돌,신호위반,건조,맑음,단일로 - 기타,승합,남,57세,상해없음,승용,남,28세,경상
2019090700100461,2019년 9월 7일 21시,토요일,부산광역시 연제구 연산동,경상사고,0,0,1,0,차대사람 - 기타,안전운전불이행,건조,맑음,단일로 - 기타,승용,남,50세,상해없음,보행자,여,29세,경상
2019090800100035,2019년 9월 8일 01시,일요일,부산광역시 서구 남부민동,중상사고,0,1,0,0,차량단독 - 전도전복 - 전도,안전운전불이행,건조,맑음,단일로 - 기타,이륜,남,21세,중상,,,,
2019090800100066,2019년 9월 8일 05시,일요일,부산광역시 부산진구 부전동,부상신고사고,0,0,0,1,차대차 - 측면충돌,신호위반,건조,맑음,교차로 - 교차로부근,이륜,남,31세,부상신고,승용,남,71세,상해없음
2019090800100152,2019년 9월 8일 11시,일요일,부산광역시 부산진구 양정동,경상사고,0,0,2,0,차대차 - 측면충돌,기타,젖음/습기,비,교차로 - 교차로안,이륜,남,21세,경상,승합,남,40세,상해없음
2019090800100175,2019년 9월 8일 12시,일요일,부산광역시 중구 부평동2가,경상사고,0,0,1,0,차대사람 - 횡단중,안전운전불이행,건조,맑음,단일로 - 터널,승용,여,49세,상해없음,보행자,남,18세,경상
2019090800100176,2019년 9월 8일 12시,일요일,부산광역시 수영구 남천동,경상사고,0,0,1,0,차대차 - 측면충돌,교차로운행방법위반,건조,맑음,단일로 - 기타,승용,남,39세,상해없음,승용,남,52세,경상
2019090800100177,2019년 9월 8일 12시,일요일,부산광역시 금정구 남산동,중상사고,0,1,0,0,차대사람 - 횡단중,보행자보호의무위반,건조,맑음,교차로 - 교차로안,승용,남,28세,상해없음,보행자,여,77세,중상
2019090800100178,2019년 9월 8일 12시,일요일,부산광역시 강서구 대저2동,부상신고사고,0,0,0,1,차대차 - 측면충돌,신호위반,건조,맑음,교차로 - 교차로안,이륜,남,52세,부상신고,승용,남,38세,상해없음
2019090800100204,2019년 9월 8일 13시,일요일,부산광역시 동구 범일동,경상사고,0,0,2,0,차대차 - 추돌,안전거리미확보,젖음/습기,비,단일로 - 고가도로위,승용,여,23세,상해없음,승용,여,40세,경상
2019090800100205,2019년 9월 8일 13시,일요일,부산광역시 남구 대연동,중상사고,0,1,0,0,차대차 - 기타,신호위반,젖음/습기,흐림,교차로 - 교차로안,승용,남,35세,상해없음,이륜,남,35세,중상
2019090800100206,2019년 9월 8일 13시,일요일,부산광역시 북구 덕천동,경상사고,0,0,2,0,차대차 - 측면충돌,안전운전불이행,건조,맑음,단일로 - 지하차도(도로)내,승합,남,72세,상해없음,승용,남,56세,경상
2019090800100207,2019년 9월 8일 13시,일요일,부산광역시 동래구 명륜동,중상사고,0,1,0,0,차대사람 - 보도통행중,안전운전불이행,젖음/습기,비,단일로 - 기타,승합,남,58세,상해없음,보행자,여,68세,중상
2019090800100241,2019년 9월 8일 14시,일요일,부산광역시 해운대구 우동,경상사고,0,0,1,0,차대차 - 측면충돌,교차로운행방법위반,건조,맑음,교차로 - 교차로안,승용,여,48세,상해없음,승용,남,29세,경상
2019090800100273,2019년 9월 8일 15시,일요일,부산광역시 동래구 온천동,부상신고사고,0,0,0,1,차대차 - 측면충돌,중앙선침범,건조,맑음,단일로 - 기타,원동기,남,29세,부상신고,승용,여,50세,상해없음
2019090800100303,2019년 9월 8일 16시,일요일,부산광역시 해운대구 우동,경상사고,0,0,1,0,차대사람 - 기타,안전운전불이행,건조,맑음,교차로 - 교차로안,이륜,남,18세,상해없음,보행자,남,26세,경상
2019090800100304,2019년 9월 8일 16시,일요일,부산광역시 부산진구 범천동,중상사고,0,1,0,0,차대차 - 측면충돌,신호위반,건조,맑음,교차로 - 교차로안,이륜,남,26세,상해없음,승용,남,66세,상해없음
2019090800100405,2019년 9월 8일 19시,일요일,부산광역시 수영구 광안동,경상사고,0,0,1,0,차대사람 - 차도통행중,안전운전불이행,건조,맑음,교차로 - 교차로안,승용,남,26세,상해없음,보행자,남,42세,경상
2019090800100406,2019년 9월 8일 19시,일요일,부산광역시 동래구 사직동,중상사고,0,2,5,0,차대차 - 추돌,안전운전불이행,건조,맑음,단일로 - 기타,승용,남,69세,상해없음,승용,남,71세,상해없음
2019090800100407,2019년 9월 8일 19시,일요일,부산광역시 부산진구 당감동,경상사고,0,0,1,0,차대차 - 측면충돌,신호위반,건조,맑음,교차로 - 교차로안,승용,여,46세,상해없음,승용,남,43세,경상
2019090800100408,2019년 9월 8일 19시,일요일,부산광역시 강서구 명지동,경상사고,0,0,1,0,차대차 - 측면충돌,안전운전불이행,건조,맑음,단일로 - 기타,승용,여,62세,상해없음,승용,남,41세,경상
2019090800100443,2019년 9월 8일 20시,일요일,부산광역시 연제구 연산동,경상사고,0,0,2,0,차대차 - 측면충돌,교차로운행방법위반,건조,맑음,교차로 - 교차로부근,승용,여,30세,상해없음,화물,남,51세,경상
2019090800100477,2019년 9월 8일 21시,일요일,부산광역시 남구 대연동,중상사고,0,1,0,0,차대차 - 측면충돌,교차로운행방법위반,건조,맑음,교차로 - 교차로안,승합,남,66세,상해없음,자전거,남,61세,중상
2019090800100478,2019년 9월 8일 21시,일요일,부산광역시 부산진구 부전동,경상사고,0,0,1,0,차대사람 - 기타,안전운전불이행,건조,맑음,단일로 - 기타,승용,여,23세,상해없음,보행자,여,24세,경상
2019090900100053,2019년 9월 9일 04시,월요일,부산광역시 동구 좌천동,경상사고,0,0,1,0,차대차 - 측면충돌,신호위반,건조,맑음,단일로 - 기타,이륜,남,44세,경상,승용,남,69세,상해없음
2019090900100061,2019년 9월 9일 05시,월요일,부산광역시 부산진구 범천동,중상사고,0,1,0,0,차대사람 - 기타,안전운전불이행,건조,맑음,단일로 - 기타,화물,남,70세,상해없음,보행자,남,58세,중상
2019090900100062,2019년 9월 9일 05시,월요일,부산광역시 사하구 하단동,경상사고,0,0,1,0,차대차 - 추돌,안전운전불이행,젖음/습기,비,단일로 - 기타,승용,남,44세,상해없음,승용,남,59세,경상
2019090900100075,2019년 9월 9일 06시,월요일,부산광역시 사상구 감전동,부상신고사고,0,0,0,1,차대차 - 측면충돌,차로위반,건조,맑음,단일로 - 기타,승용,남,59세,부상신고,승용,남,50세,상해없음
2019090900100099,2019년 9월 9일 07시,월요일,부산광역시 동래구 명장동,경상사고,0,0,1,0,차대차 - 기타,교차로운행방법위반,건조,맑음,기타 - 기타,승용,남,59세,상해없음,승용,남,63세,경상
2019090900100127,2019년 9월 9일 08시,월요일,부산광역시 동구 수정동,경상사고,0,0,1,0,차대차 - 기타,교차로운행방법위반,건조,맑음,교차로 - 교차로부근,승용,여,33세,상해없음,승합,남,51세,상해없음
2019090900100128,2019년 9월 9일 08시,월요일,부산광역시 해운대구 좌동,경상사고,0,0,1,0,차대차 - 측면충돌,교차로운행방법위반,건조,맑음,교차로 - 교차로안,건설기계,남,27세,기타불명,승용,여,47세,경상
2019090900100129,2019년 9월 9일 08시,월요일,부산광역시 사상구 덕포동,중상사고,0,1,2,0,차대차 - 측면충돌,안전거리미확보,건조,맑음,단일로 - 기타,승용,남,52세,상해없음,원동기,남,45세,경상
2019090900100180,2019년 9월 9일 09시,월요일,부산광역시 서구 아미동2가,부상신고사고,0,0,0,1,차대차 - 기타,안전운전불이행,건조,맑음,단일로 - 기타,원동기,남,83세,부상신고,승합,남,34세,상해없음
2019090900100181,2019년 9월 9일 09시,월요일,부산광역시 연제구 연산동,경상사고,0,0,1,0,차대차 - 측면충돌,안전거리미확보,건조,맑음,단일로 - 기타,승용,여,59세,상해없음,화물,남,56세,경상
2019090900100182,2019년 9월 9일 09시,월요일,부산광역시 사상구 괘법동,부상신고사고,0,0,0,1,차대차 - 측면충돌,안전거리미확보,건조,맑음,단일로 - 기타,화물,남,38세,상해없음,원동기,남,46세,부상신고
2019090900100215,2019년 9월 9일 10시,월요일,부산광역시 부산진구 양정동,중상사고,0,1,0,0,차대차 - 측면충돌,안전거리미확보,건조,맑음,기타 - 기타,승용,여,67세,상해없음,승용,남,36세,중상
2019090900100257,2019년 9월 9일 11시,월요일,부산광역시 동래구 낙민동,중상사고,0,1,0,0,차대차 - 측면충돌,신호위반,건조,맑음,교차로 - 교차로안,화물,남,58세,상해없음,화물,남,38세,중상
2019090900100258,2019년 9월 9일 11시,월요일,부산광역시 영도구 남항동1가,경상사고,0,0,1,0,차대사람 - 횡단중,안전운전불이행,건조,맑음,교차로 - 교차로부근,승용,여,44세,상해없음,보행자,남,61세,경상
2019090900100259,2019년 9월 9일 11시,월요일,부산광역시 금정구 구서동,중상사고,0,1,0,0,차대차 - 측면충돌,안전운전불이행,건조,맑음,단일로 - 기타,승용,남,56세,상해없음,이륜,남,28세,중상
2019090900100260,2019년 9월 9일 11시,월요일,부산광역시 사하구 하단동,경상사고,0,0,1,0,차대사람 - 기타,보행자보호의무위반,건조,맑음,단일로 - 기타,승용,남,72세,상해없음,보행자,여,74세,경상
2019090900100261,2019년 9월 9일 11시,월요일,부산광역시 강서구 명지동,경상사고,0,0,1,0,차대차 - 기타,안전운전불이행,건조,맑음,기타 - 기타,승용,여,62세,상해없음,승용,남,50세,경상
2019090900100315,2019년 9월 9일 12시,월요일,부산광역시 금정구 부곡동,경상사고,0,0,3,0,차대차 - 추돌,안전운전불이행,건조,맑음,단일로 - 기타,화물,남,44세,상해없음,승용,남,39세,경상
2019090900100316,2019년 9월 9일 12시,월요일,부산광역시 사하구 당리동,중상사고,0,1,0,0,차대사람 - 횡단중,안전운전불이행,건조,맑음,교차로 - 교차로부근,승용,남,67세,상해없음,보행자,여,87세,중상
2019090900100317,2019년 9월 9일 12시,월요일,부산광역시 연제구 연산동,경상사고,0,0,1,0,차대사람 - 횡단중,신호위반,건조,맑음,단일로 - 기타,승용,남,72세,상해없음,보행자,여,49세,경상
2019090900100355,2019년 9월 9일 13시,월요일,부산광역시 남구 대연동,경상사고,0,0,1,0,차대사람 - 기타,보행자보호의무위반,건조,맑음,교차로 - 교차로횡단보도내,승용,여,40세,상해없음,보행자,여,63세,경상
2019090900100356,2019년 9월 9일 13시,월요일,부산광역시 동래구 안락동,부상신고사고,0,0,0,1,차대사람 - 길가장자리구역통행중,안전운전불이행,건조,맑음,단일로 - 기타,승용,여,46세,상해없음,보행자,남,18세,부상신고
2019090900100387,2019년 9월 9일 14시,월요일,부산광역시 중구 보수동1가,중상사고,0,1,0,0,차대차 - 측면충돌,교차로운행방법위반,건조,맑음,교차로 - 교차로안,승용,남,58세,기타불명,이륜,남,18세,중상
2019090900100388,2019년 9월 9일 14시,월요일,부산광역시 동구 범일동,경상사고,0,0,1,0,차대차 - 추돌,안전운전불이행,건조,맑음,교차로 - 교차로부근,승용,남,48세,상해없음,승용,남,40세,경상
2019090900100389,2019년 9월 9일 14시,월요일,부산광역시 북구 덕천동,경상사고,0,0,1,0,차대차 - 추돌,안전운전불이행,건조,맑음,교차로 - 교차로부근,승용,여,55세,상해없음,승용,여,34세,경상
2019090900100390,2019년 9월 9일 14시,월요일,부산광역시 부산진구 부전동,경상사고,0,0,1,0,차대차 - 기타,차로위반,건조,맑음,단일로 - 기타,승용,남,62세,상해없음,승합,남,63세,상해없음
2019090900100420,2019년 9월 9일 15시,월요일,부산광역시 남구 문현동,중상사고,0,1,0,0,차대사람 - 차도통행중,안전운전불이행,건조,맑음,교차로 - 교차로안,승용,여,46세,상해없음,보행자,여,79세,중상
2019090900100421,2019년 9월 9일 15시,월요일,부산광역시 해운대구 우동,경상사고,0,0,1,0,차대차 - 기타,안전운전불이행,기타,맑음,단일로 - 기타,이륜,남,62세,경상,승용,남,44세,상해없음
2019090900100422,2019년 9월 9일 15시,월요일,부산광역시 사하구 신평동,경상사고,0,0,1,0,차대차 - 측면충돌,안전운전불이행,건조,맑음,교차로 - 교차로안,이륜,남,67세,경상,특수,남,40세,상해없음
2019090900100471,2019년 9월 9일 16시,월요일,부산광역시 영도구 영선동1가,중상사고,0,1,0,0,차대사람 - 횡단중,안전운전불이행,건조,맑음,단일로 - 기타,승용,남,53세,상해없음,보행자,여,66세,중상
2019090900100472,2019년 9월 9일 16시,월요일,부산광역시 부산진구 가야동,부상신고사고,0,0,0,1,차대차 - 추돌,안전운전불이행,건조,흐림,단일로 - 기타,이륜,남,49세,부상신고,승용,여,44세,상해없음