사고번호,사고일시,요일,시군구,사고내용,사망자수,중상자수,경상자수,부상신고자수,사고유형,법규위반,노면상태,기상상태,도로형태,가해운전자 차종,가해운전자 성별,가해운전자 연령,가해운전자 상해정도,피해운전자 차종,피해운전자 성별,피해운전자 연령,피해운전자 상해정도
2019091200100147,2019년 9월 12일 09시,목요일,부산광역시 금정구 회동동,부상신고사고,0,0,0,1,차량단독 - 기타,안전운전불이행,건조,맑음,교차로 - 교차로안,이륜,남,58세,부상신고,,,,
2019091200100206,2019년 9월 12일 12시,목요일,부산광역시 사하구 괴정동,중상사고,0,1,0,0,차대차 - 기타,신호위반,건조,맑음,교차로 - 교차로부근,이륜,남,39세,중상,승용,여,51세,상해없음
2019091200100246,2019년 9월 12일 13시,목요일,부산광역시 금정구 구서동,경상사고,0,0,2,0,차대차 - 추돌,안전운전불이행,건조,맑음,기타 - 기타,승용,남,59세,상해없음,승용,남,72세,경상
2019091200100340,2019년 9월 12일 16시,목요일,부산광역시 부산진구 가야동,중상사고,0,1,0,0,차대사람 - 횡단중,안전운전불이행,건조,맑음,단일로 - 기타,원동기,남,40세,상해없음,보행자,여,62세,중상
2019091200100363,2019년 9월 12일 17시,목요일,부산광역시 남구 용호동,중상사고,0,1,0,0,차대사람 - 차도통행중,안전운전불이행,건조,맑음,교차로 - 교차로안,승용,남,30세,상해없음,보행자,여,70세,중상
2019091200100364,2019년 9월 12일 17시,목요일,부산광역시 동래구 칠산동,중상사고,0,1,0,0,차대차 - 추돌,기타,젖음/습기,맑음,단일로 - 기타,화물,남,50세,상해없음,이륜,남,38세,중상
2019091200100365,2019년 9월 12일 17시,목요일,부산광역시 강서구 송정동,중상사고,0,2,0,0,차대차 - 측면충돌,과속,건조,맑음,교차로 - 교차로안,승용,남,42세,중상,승용,남,35세,중상
2019091200100386,2019년 9월 12일 18시,목요일,부산광역시 서구 서대신동2가,부상신고사고,0,0,0,1,차대차 - 측면충돌,안전거리미확보,건조,맑음,교차로 - 교차로부근,승용,남,60세,상해없음,승용,남,46세,부상신고
2019091200100387,2019년 9월 12일 18시,목요일,부산광역시 남구 용호동,부상신고사고,0,0,0,1,차대차 - 기타,신호위반,젖음/습기,비,단일로 - 기타,이륜,남,32세,부상신고,승용,남,66세,상해없음
2019091200100416,2019년 9월 12일 19시,목요일,부산광역시 해운대구 좌동,부상신고사고,0,0,0,1,차대차 - 기타,안전운전불이행,젖음/습기,비,교차로 - 교차로부근,기타불명,기타불명,미분류,기타불명,이륜,남,49세,부상신고
2019091200100417,2019년 9월 12일 19시,목요일,부산광역시 부산진구 범천동,중상사고,0,1,2,0,차대차 - 추돌,안전운전불이행,건조,맑음,교차로 - 교차로부근,승용,남,59세,상해없음,승용,남,68세,상해없음
2019091200100418,2019년 9월 12일 19시,목요일,부산광역시 부산진구 부암동,경상사고,0,0,1,0,차대차 - 측면충돌,안전거리미확보,건조,맑음,교차로 - 교차로부근,승용,남,39세,상해없음,이륜,남,40세,경상
2019091200100457,2019년 9월 12일 20시,목요일,부산광역시 연제구 연산동,경상사고,0,0,1,0,차대차 - 추돌,안전거리미확보,건조,맑음,교차로 - 교차로부근,이륜,남,32세,상해없음,승용,남,62세,경상
2019091200100458,2019년 9월 12일 20시,목요일,부산광역시 강서구 지사동,경상사고,0,0,1,0,차대사람 - 횡단중,보행자보호의무위반,건조,맑음,단일로 - 기타,승용,남,33세,상해없음,보행자,남,63세,경상
2019091200100494,2019년 9월 12일 21시,목요일,부산광역시 부산진구 당감동,경상사고,0,0,1,0,차대차 - 정면충돌,안전거리미확보,건조,맑음,교차로 - 교차로부근,승용,남,31세,상해없음,이륜,남,27세,경상
2019091200100515,2019년 9월 12일 22시,목요일,부산광역시 사하구 감천동,경상사고,0,0,3,0,차대차 - 측면충돌,중앙선침범,건조,맑음,단일로 - 기타,승용,남,53세,상해없음,승용,남,29세,경상
2019091200100529,2019년 9월 12일 23시,목요일,부산광역시 동래구 명륜동,경상사고,0,0,1,0,차대사람 - 기타,안전운전불이행,건조,맑음,교차로 - 교차로안,승용,남,67세,상해없음,보행자,여,22세,경상
2019091300100021,2019년 9월 13일 00시,금요일,부산광역시 동래구 온천동,중상사고,0,1,1,0,차대차 - 기타,안전운전불이행,건조,맑음,교차로 - 교차로부근,승용,남,70세,상해없음,승용,남,66세,경상
2019091300100058,2019년 9월 13일 05시,금요일,부산광역시 부산진구 범천동,경상사고,0,0,1,0,차대차 - 측면충돌,신호위반,건조,맑음,교차로 - 교차로안,화물,남,60세,상해없음,승용,남,62세,경상
2019091300100059,2019년 9월 13일 05시,금요일,부산광역시 사상구 학장동,중상사고,0,1,3,0,차대차 - 측면충돌,과속,건조,맑음,교차로 - 교차로부근,승용,남,55세,중상,승용,남,44세,경상
2019091300100106,2019년 9월 13일 10시,금요일,부산광역시 사하구 구평동,경상사고,0,0,1,0,차대차 - 기타,안전운전불이행,건조,맑음,단일로 - 지하차도(도로)내,승용,여,27세,상해없음,승용,남,27세,경상
2019091300100132,2019년 9월 13일 11시,금요일,부산광역시 해운대구 중동,중상사고,0,1,0,0,차대차 - 측면충돌,안전운전불이행,건조,맑음,단일로 - 기타,승용,여,54세,기타불명,승용,남,67세,중상
2019091300100164,2019년 9월 13일 12시,금요일,부산광역시 동구 범일동,부상신고사고,0,0,0,1,차대차 - 기타,안전운전불이행,건조,맑음,단일로 - 기타,승합,남,70세,상해없음,승합,남,36세,상해없음
2019091300100165,2019년 9월 13일 12시,금요일,부산광역시 수영구 수영동,경상사고,0,0,2,0,차대차 - 기타,안전거리미확보,건조,맑음,단일로 - 기타,승용,남,36세,상해없음,승용,남,35세,경상
2019091300100232,2019년 9월 13일 14시,금요일,부산광역시 부산진구 범천동,경상사고,0,0,4,0,차대차 - 기타,신호위반,건조,맑음,교차로 - 교차로안,승용,여,32세,상해없음,승용,남,55세,경상
2019091300100233,2019년 9월 13일 14시,금요일,부산광역시 기장군 기장읍,중상사고,0,1,0,0,차대차 - 기타,안전운전불이행,건조,맑음,교차로 - 교차로안,승용,남,44세,상해없음,자전거,남,58세,중상
2019091300100270,2019년 9월 13일 15시,금요일,부산광역시 부산진구 개금동,경상사고,0,0,1,0,차대사람 - 차도통행중,안전운전불이행,건조,맑음,단일로 - 기타,승용,남,34세,상해없음,보행자,여,63세,경상
2019091300100302,2019년 9월 13일 16시,금요일,부산광역시 해운대구 중동,중상사고,0,1,0,0,차대사람 - 횡단중,보행자보호의무위반,건조,맑음,단일로 - 기타,승합,남,57세,상해없음,보행자,여,20세,중상
2019091300100324,2019년 9월 13일 17시,금요일,부산광역시 북구 덕천동,경상사고,0,0,6,0,차대차 - 기타,안전운전불이행,건조,맑음,단일로 - 기타,승용,여,56세,경상,승용,남,24세,경상
2019091300100325,2019년 9월 13일 17시,금요일,부산광역시 동래구 명륜동,경상사고,0,0,2,0,차대차 - 기타,안전거리미확보,건조,맑음,단일로 - 기타,승용,남,56세,상해없음,승합,남,48세,상해없음
2019091300100382,2019년 9월 13일 19시,금요일,부산광역시 남구 대연동,중상사고,0,1,0,0,차대차 - 측면충돌,안전운전불이행,건조,맑음,단일로 - 기타,이륜,남,36세,중상,승용,남,30세,상해없음
2019091300100394,2019년 9월 13일 20시,금요일,부산광역시 사하구 구평동,경상사고,0,0,1,0,차대차 - 기타,차로위반,건조,맑음,단일로 - 기타,승용,남,21세,상해없음,승용,여,30세,경상
2019091400100015,2019년 9월 14일 00시,토요일,부산광역시 서구 충무동3가,중상사고,0,1,0,0,차대사람 - 길가장자리구역통행중,안전운전불이행,건조,맑음,단일로 - 기타,승용,남,33세,상해없음,보행자,남,60세,중상
2019091400100016,2019년 9월 14일 00시,토요일,부산광역시 금정구 서동,경상사고,0,0,3,0,차대차 - 기타,기타,건조,맑음,교차로 - 교차로안,이륜,남,16세,상해없음,승용,남,53세,경상
2019091400100060,2019년 9월 14일 05시,토요일,부산광역시 연제구 연산동,경상사고,0,0,1,0,차대차 - 기타,안전운전불이행,건조,맑음,단일로 - 기타,승용,남,59세,상해없음,승용,남,50세,상해없음
2019091400100068,2019년 9월 14일 06시,토요일,부산광역시 동래구 명륜동,경상사고,0,0,2,0,차대차 - 기타,교차로운행방법위반,건조,맑음,교차로 - 교차로안,승용,남,30세,상해없음,승용,남,68세,경상
2019091400100069,2019년 9월 14일 06시,토요일,부산광역시 연제구 연산동,중상사고,0,1,0,0,차대사람 - 횡단중,안전운전불이행,건조,맑음,단일로 - 기타,승용,남,63세,상해없음,보행자,여,70세,중상
2019091400100076,2019년 9월 14일 09시,토요일,부산광역시 수영구 광안동,경상사고,0,0,1,0,차대차 - 측면충돌,안전거리미확보,건조,맑음,단일로 - 기타,화물,남,62세,상해없음,승용,여,26세,경상
2019091400100093,2019년 9월 14일 10시,토요일,부산광역시 서구 암남동,경상사고,0,0,2,0,차대차 - 측면충돌,안전운전불이행,건조,맑음,단일로 - 기타,승용,남,69세,경상,화물,남,70세,경상
2019091400100102,2019년 9월 14일 11시,토요일,부산광역시 동래구 명륜동,경상사고,0,0,1,0,차대차 - 측면충돌,안전운전불이행,건조,맑음,단일로 - 기타,승용,남,33세,상해없음,승용,여,59세,경상
2019091400100103,2019년 9월 14일 11시,토요일,부산광역시 영도구 동삼동,경상사고,0,0,1,0,차대차 - 측면충돌,교차로운행방법위반,건조,맑음,교차로 - 교차로안,화물,남,53세,상해없음,승용,남,32세,상해없음
2019091400100104,2019년 9월 14일 11시,토요일,부산광역시 사상구 학장동,경상사고,0,0,1,0,차대차 - 측면충돌,안전운전불이행,건조,맑음,단일로 - 기타,승용,남,38세,상해없음,승용,남,52세,경상
2019091400100159,2019년 9월 14일 13시,토요일,부산광역시 수영구 광안동,경상사고,0,0,1,0,차대차 - 기타,안전거리미확보,건조,맑음,단일로 - 기타,승용,여,51세,상해없음,승합,남,50세,상해없음
2019091400100160,2019년 9월 14일 13시,토요일,부산광역시 해운대구 반송동,경상사고,0,0,2,0,차대차 - 기타,신호위반,건조,맑음,단일로 - 기타,승용,남,30세,상해없음,이륜,남,33세,경상
2019091400100161,2019년 9월 14일 13시,토요일,부산광역시 강서구 구랑동,경상사고,0,0,2,2,차대차 - 추돌,안전운전불이행,건조,맑음,교차로 - 교차로부근,승용,여,39세,상해없음,승용,남,39세,경상
2019091400100190,2019년 9월 14일 14시,토요일,부산광역시 북구 만덕동,중상사고,0,1,0,0,차대차 - 측면충돌,안전운전불이행,건조,맑음,교차로 - 교차로부근,승용,여,44세,상해없음,이륜,남,30세,중상
2019091400100191,2019년 9월 14일 14시,토요일,부산광역시 해운대구 반여동,경상사고,0,0,3,0,차대차 - 기타,교차로운행방법위반,기타,맑음,교차로 - 교차로부근,승용,남,64세,상해없음,승용,남,34세,경상
2019091400100192,2019년 9월 14일 14시,토요일,부산광역시 부산진구 부전동,경상사고,0,0,1,0,차대차 - 측면충돌,신호위반,건조,맑음,교차로 - 교차로안,승용,남,62세,상해없음,이륜,남,44세,경상
2019091400100223,2019년 9월 14일 15시,토요일,부산광역시 남구 대연동,경상사고,0,0,3,1,차대차 - 추돌,안전운전불이행,건조,맑음,단일로 - 기타,승용,남,39세,상해없음,승용,남,30세,경상
2019091400100224,2019년 9월 14일 15시,토요일,부산광역시 수영구 민락동,중상사고,0,1,0,0,차대차 - 측면충돌,교차로운행방법위반,건조,맑음,교차로 - 교차로안,원동기,남,63세,중상,승용,남,42세,상해없음
2019091400100225,2019년 9월 14일 15시,토요일,부산광역시 수영구 광안동,경상사고,0,0,1,0,차대차 - 측면충돌,안전운전불이행,건조,맑음,교차로 - 교차로안,승용,여,25세,상해없음,화물,남,37세,경상
2019091400100226,2019년 9월 14일 15시,토요일,부산광역시 금정구 부곡동,경상사고,0,0,1,0,차대차 - 측면충돌,교차로운행방법위반,건조,맑음,교차로 - 교차로안,승용,여,64세,상해없음,승합,남,38세,경상
2019091400100227,2019년 9월 14일 15시,토요일,부산광역시 연제구 연산동,경상사고,0,0,2,0,차대차 - 기타,신호위반,건조,맑음,교차로 - 교차로안,승용,여,40세,상해없음,승용,남,33세,경상
2019091400100251,2019년 9월 14일 16시,토요일,부산광역시 동구 범일동,경상사고,0,0,1,0,차대사람 - 기타,기타,건조,맑음,교차로 - 교차로부근,승용,남,51세,상해없음,보행자,남,59세,경상
2019091400100252,2019년 9월 14일 16시,토요일,부산광역시 남구 용호동,경상사고,0,0,1,0,차대차 - 기타,안전운전불이행,건조,맑음,교차로 - 교차로안,이륜,남,34세,경상,승용,남,69세,상해없음
2019091400100303,2019년 9월 14일 18시,토요일,부산광역시 부산진구 부전동,경상사고,0,0,1,0,차대사람 - 차도통행중,안전운전불이행,건조,맑음,교차로 - 교차로안,승용,남,57세,상해없음,보행자,여,32세,경상
2019091400100304,2019년 9월 14일 18시,토요일,부산광역시 기장군 기장읍,경상사고,0,0,2,0,차대차 - 추돌,안전운전불이행,건조,맑음,단일로 - 기타,승용,여,38세,상해없음,승용,남,63세,경상
2019091400100335,2019년 9월 14일 19시,토요일,부산광역시 남구 대연동,경상사고,0,0,1,0,차대사람 - 횡단중,보행자보호의무위반,건조,맑음,단일로 - 기타,승용,여,55세,상해없음,보행자,여,74세,경상
2019091400100336,2019년 9월 14일 19시,토요일,부산광역시 부산진구 전포동,경상사고,0,0,1,0,차대차 - 측면충돌,안전운전불이행,건조,맑음,단일로 - 기타,승용,남,59세,상해없음,승용,남,29세,상해없음
2019091400100337,2019년 9월 14일 19시,토요일,부산광역시 금정구 부곡동,중상사고,0,1,0,0,차대사람 - 기타,안전운전불이행,건조,맑음,교차로 - 교차로안,승용,여,42세,상해없음,보행자,남,46세,중상
2019091400100338,2019년 9월 14일 19시,토요일,부산광역시 사하구 장림동,경상사고,0,0,1,0,차대사람 - 횡단중,신호위반,건조,맑음,단일로 - 기타,이륜,남,17세,상해없음,보행자,여,8세,경상
2019091400100339,2019년 9월 14일 19시,토요일,부산광역시 사상구 덕포동,중상사고,0,1,0,1,차대사람 - 기타,기타,건조,맑음,단일로 - 기타,자전거,남,23세,부상신고,보행자,남,22세,중상
2019091400100357,2019년 9월 14일 20시,토요일,부산광역시 동구 범일동,중상사고,0,1,0,0,차대차 - 기타,안전운전불이행,건조,맑음,단일로 - 기타,승용,남,63세,상해없음,이륜,남,19세,중상
2019091400100358,2019년 9월 14일 20시,토요일,부산광역시 연제구 연산동,중상사고,0,1,1,0,차대사람 - 횡단중,보행자보호의무위반,건조,맑음,단일로 - 기타,이륜,남,24세,경상,보행자,남,58세,중상
2019091400100381,2019년 9월 14일 21시,토요일,부산광역시 해운대구 좌동,중상사고,0,1,0,0,차대차 - 정면충돌,안전운전불이행,건조,맑음,교차로 - 교차로안,승용,여,60세,기타불명,승용,남,28세,중상
2019091400100382,2019년 9월 14일 21시,토요일,부산광역시 사상구 학장동,경상사고,0,0,1,0,차대차 - 측면충돌,신호위반,건조,맑음,단일로 - 기타,승용,남,26세,상해없음,원동기,남,25세,경상
2019091400100403,2019년 9월 14일 22시,토요일,부산광역시 중구 남포동4가,경상사고,0,0,1,0,차대차 - 측면충돌,안전거리미확보,건조,맑음,교차로 - 교차로부근,기타불명,기타불명,미분류,기타불명,승용,남,59세,상해없음
2019091400100404,2019년 9월 14일 22시,토요일,부산광역시 강서구 범방동,중상사고,0,1,0,0,차대차 - 기타,안전운전불이행,건조,맑음,교차로 - 교차로부근,승용,남,32세,상해없음,승용,여,58세,중상
2019091400100421,2019년 9월 14일 23시,토요일,부산광역시 남구 대연동,중상사고,0,1,0,0,차대차 - 측면충돌,신호위반,건조,맑음,교차로 - 교차로안,화물,남,64세,상해없음,이륜,남,23세,중상
2019091400100422,2019년 9월 14일 23시,토요일,부산광역시 사하구 당리동,경상사고,0,0,1,0,차대차 - 추돌,안전운전불이행,건조,맑음,교차로 - 교차로부근,승용,남,59세,상해없음,승용,남,27세,상해없음
2019091500100019,2019년 9월 15일 00시,일요일,부산광역시 수영구 남천동,경상사고,0,0,1,0,차대차 - 측면충돌,신호위반,건조,맑음,교차로 - 교차로안,승용,남,49세,상해없음,승용,남,34세,경상
2019091500100020,2019년 9월 15일 00시,일요일,부산광역시 연제구 연산동,경상사고,0,0,1,0,차대차 - 추돌,안전운전불이행,건조,맑음,교차로 - 교차로부근,승용,남,61세,상해없음,이륜,남,32세,경상
2019091500100033,2019년 9월 15일 01시,일요일,부산광역시 남구 대연동,중상사고,0,1,0,0,차대차 - 측면충돌,차로위반,건조,맑음,단일로 - 기타,승용,여,29세,상해없음,이륜,남,18세,중상
2019091500100034,2019년 9월 15일 01시,일요일,부산광역시 사하구 하단동,경상사고,0,0,3,0,차대차 - 기타,신호위반,건조,맑음,교차로 - 교차로안,승용,남,41세,상해없음,승용,여,36세,경상
2019091500100044,2019년 9월 15일 02시,일요일,부산광역시 서구 부민동1가,사망사고,1,1,0,0,차대차 - 측면충돌,신호위반,건조,맑음,교차로 - 교차로안,이륜,남,15세,사망,승용,남,57세,상해없음
2019091500100086,2019년 9월 15일 07시,일요일,부산광역시 부산진구 부전동,경상사고,0,0,1,0,차대사람 - 기타,안전운전불이행,건조,맑음,교차로 - 교차로부근,승용,남,37세,상해없음,보행자,남,34세,경상
2019091500100092,2019년 9월 15일 08시,일요일,부산광역시 동래구 칠산동,경상사고,0,0,1,0,차대차 - 측면충돌,신호위반,건조,맑음,단일로 - 기타,승용,남,23세,상해없음,승용,남,52세,경상
2019091500100099,2019년 9월 15일 09시,일요일,부산광역시 사하구 신평동,중상사고,0,1,0,0,차대차 - 측면충돌,안전운전불이행,건조,맑음,교차로 - 교차로안,승용,여,63세,상해없음,이륜,남,30세,중상
2019091500100214,2019년 9월 15일 14시,일요일,부산광역시 북구 만덕동,경상사고,0,0,1,0,차대차 - 추돌,안전거리미확보,건조,맑음,단일로 - 지하차도(도로)내,승용,남,60세,상해없음,승용,여,33세,경상
2019091500100215,2019년 9월 15일 14시,일요일,부산광역시 사하구 괴정동,경상사고,0,0,1,0,차량단독 - 기타,안전운전불이행,건조,맑음,단일로 - 기타,승합,남,57세,상해없음,,,,
2019091500100243,2019년 9월 15일 15시,일요일,부산광역시 금정구 회동동,경상사고,0,0,5,0,차대차 - 추돌,안전거리미확보,건조,맑음,단일로 - 지하차도(도로)내,승용,남,34세,상해없음,승용,남,64세,경상
2019091500100244,2019년 9월 15일 15시,일요일,부산광역시 사상구 모라동,경상사고,0,0,1,0,차대차 - 측면충돌,교차로운행방법위반,건조,맑음,단일로 - 기타,승용,남,54세,상해없음,승용,여,51세,경상
2019091500100272,2019년 9월 15일 16시,일요일,부산광역시 서구 동대신동2가,경상사고,0,0,2,0,차량단독 - 기타,안전운전불이행,건조,맑음,단일로 - 기타,이륜,남,69세,경상,,,,
2019091500100307,2019년 9월 15일 17시,일요일,부산광역시 금정구 장전동,부상신고사고,0,0,0,1,차대사람 - 기타,안전운전불이행,건조,맑음,기타 - 기타,기타불명,기타불명,미분류,기타불명,보행자,여,21세,부상신고
2019091500100331,2019년 9월 15일 18시,일요일,부산광역시 중구 보수동3가,중상사고,0,1,4,0,차대차 - 측면충돌,안전운전불이행,건조,맑음,교차로 - 교차로안,승용,여,32세,경상,승용,남,64세,경상
2019091500100332,2019년 9월 15일 18시,일요일,부산광역시 해운대구 반여동,부상신고사고,0,0,0,1,차량단독 - 공작물충돌,안전운전불이행,건조,맑음,교차로 - 교차로안,승용,남,57세,부상신고,,,,
2019091500100368,2019년 9월 15일 19시,일요일,부산광역시 해운대구 송정동,중상사고,0,1,0,0,차대차 - 측면충돌,교차로운행방법위반,건조,맑음,교차로 - 교차로안,승용,남,23세,기타불명,승용,여,46세,중상
2019091500100369,2019년 9월 15일 19시,일요일,부산광역시 부산진구 전포동,중상사고,0,2,0,0,차대차 - 측면충돌,교차로운행방법위반,건조,맑음,교차로 - 교차로안,승용,여,57세,상해없음,승용,남,33세,중상
2019091500100397,2019년 9월 15일 20시,일요일,부산광역시 사하구 다대동,경상사고,0,0,1,0,차대차 - 기타,기타,건조,맑음,기타 - 기타,승용,남,52세,상해없음,이륜,남,25세,경상
2019091500100422,2019년 9월 15일 21시,일요일,부산광역시 남구 대연동,부상신고사고,0,0,0,1,차대차 - 기타,신호위반,건조,맑음,기타 - 기타,승용,남,49세,상해없음,이륜,남,34세,부상신고
2019091500100456,2019년 9월 15일 23시,일요일,부산광역시 동구 초량동,경상사고,0,0,1,0,차대차 - 기타,안전운전불이행,건조,맑음,단일로 - 기타,승용,남,67세,상해없음,승용,기타불명,미분류,기타불명
2019091600100030,2019년 9월 16일 00시,월요일,부산광역시 사상구 감전동,경상사고,0,0,1,0,차대차 - 측면충돌,차로위반,건조,맑음,단일로 - 기타,승용,남,19세,상해없음,이륜,남,25세,경상
2019091600100080,2019년 9월 16일 06시,월요일,부산광역시 남구 문현동,사망사고,1,0,0,0,차대사람 - 횡단중,안전운전불이행,건조,맑음,단일로 - 기타,화물,남,43세,상해없음,보행자,남,80세,사망
2019091600100119,2019년 9월 16일 08시,월요일,부산광역시 동래구 사직동,중상사고,0,1,2,0,차대차 - 추돌,안전거리미확보,건조,맑음,단일로 - 기타,승용,남,57세,중상,승용,여,36세,경상
2019091600100120,2019년 9월 16일 08시,월요일,부산광역시 해운대구 반송동,경상사고,0,0,3,0,차대차 - 추돌,안전운전불이행,건조,맑음,교차로 - 교차로부근,승용,여,34세,상해없음,승용,남,47세,경상
2019091600100121,2019년 9월 16일 08시,월요일,부산광역시 연제구 연산동,경상사고,0,0,1,0,차대차 - 기타,안전거리미확보,건조,맑음,교차로 - 교차로안,승합,남,59세,상해없음,승용,남,41세,경상
2019091600100122,2019년 9월 16일 08시,월요일,부산광역시 강서구 명지동,경상사고,0,0,1,0,차대차 - 측면충돌,기타,건조,맑음,교차로 - 교차로안,승용,여,42세,상해없음,승용,여,38세,경상
2019091600100180,2019년 9월 16일 09시,월요일,부산광역시 수영구 남천동,경상사고,0,0,1,0,차대차 - 측면충돌,안전거리미확보,건조,맑음,단일로 - 기타,승용,여,58세,상해없음,승용,여,52세,경상
2019091600100181,2019년 9월 16일 09시,월요일,부산광역시 사상구 모라동,중상사고,0,2,0,0,차대사람 - 보도통행중,보행자보호의무위반,건조,맑음,단일로 - 기타,승용,여,62세,기타불명,보행자,여,67세,중상
2019091600100217,2019년 9월 16일 10시,월요일,부산광역시 부산진구 가야동,경상사고,0,0,2,0,차대차 - 측면충돌,신호위반,건조,맑음,교차로 - 교차로안,승용,남,65세,상해없음,승용,남,61세,경상
2019091600100246,2019년 9월 16일 11시,월요일,부산광역시 사하구 하단동,경상사고,0,0,1,0,차대차 - 측면충돌,안전거리미확보,건조,맑음,단일로 - 지하차도(도로)내,승용,여,48세,상해없음,승합,여,51세,경상
2019091600100268,2019년 9월 16일 12시,월요일,부산광역시 남구 문현동,경상사고,0,0,4,0,차대차 - 추돌,신호위반,건조,맑음,교차로 - 교차로안,승용,남,45세,상해없음,승용,남,50세,경상
2019091600100269,2019년 9월 16일 12시,월요일,부산광역시 북구 구포동,중상사고,0,1,0,0,차대사람 - 기타,안전운전불이행,건조,맑음,단일로 - 기타,기타불명,남,59세,상해없음,보행자,여,72세,중상
2019091600100270,2019년 9월 16일 12시,월요일,부산광역시 동래구 사직동,경상사고,0,0,1,0,차대차 - 기타,신호위반,건조,맑음,교차로 - 교차로안,승합,남,42세,상해없음,승용,남,52세,경상
2019091600100271,2019년 9월 16일 12시,월요일,부산광역시 사상구 주례동,경상사고,0,0,1,0,차대사람 - 횡단중,신호위반,건조,맑음,교차로 - 교차로안,이륜,남,19세,상해없음,보행자,남,25세,경상
2019091600100309,2019년 9월 16일 13시,월요일,부산광역시 북구 만덕동,중상사고,0,1,0,0,차대차 - 기타,중앙선침범,건조,맑음,단일로 - 기타,승용,여,63세,상해없음,이륜,남,20세,중상
2019091600100310,2019년 9월 16일 13시,월요일,부산광역시 동래구 온천동,경상사고,0,0,1,0,차대사람 - 횡단중,보행자보호의무위반,건조,맑음,단일로 - 기타,승용,남,51세,상해없음,보행자,남,40세,경상
2019091600100311,2019년 9월 16일 13시,월요일,부산광역시 영도구 동삼동,중상사고,0,1,0,0,차대사람 - 길가장자리구역통행중,안전운전불이행,건조,맑음,단일로 - 기타,승용,여,54세,상해없음,보행자,여,81세,중상
2019091600100312,2019년 9월 16일 13시,월요일,부산광역시 해운대구 우동,중상사고,0,1,0,0,차대차 - 측면충돌,안전거리미확보,건조,맑음,단일로 - 기타,승용,남,56세,상해없음,승용,남,33세,중상
2019091600100313,2019년 9월 16일 13시,월요일,부산광역시 부산진구 부전동,경상사고,0,0,1,0,차대사람 - 기타,안전운전불이행,건조,맑음,단일로 - 기타,승용,여,47세,상해없음,보행자,여,22세,경상
2019091600100314,2019년 9월 16일 13시,월요일,부산광역시 금정구 부곡동,경상사고,0,0,2,0,차대차 - 기타,불법유턴,건조,맑음,교차로 - 교차로안,승용,남,57세,상해없음,승용,남,44세,경상
2019091600100347,2019년 9월 16일 14시,월요일,부산광역시 남구 대연동,경상사고,0,0,1,0,차대차 - 기타,교차로운행방법위반,건조,맑음,교차로 - 교차로안,승용,남,64세,상해없음,이륜,남,23세,경상
2019091600100348,2019년 9월 16일 14시,월요일,부산광역시 부산진구 양정동,경상사고,0,0,1,0,차대사람 - 기타,보행자보호의무위반,건조,맑음,단일로 - 기타,승합,남,72세,상해없음,보행자,남,39세,경상
2019091600100390,2019년 9월 16일 15시,월요일,부산광역시 해운대구 반송동,경상사고,0,0,2,1,차대차 - 측면충돌,안전운전불이행,건조,맑음,단일로 - 기타,승용,여,51세,부상신고,승용,여,23세,경상
2019091600100427,2019년 9월 16일 16시,월요일,부산광역시 연제구 연산동,경상사고,0,0,1,0,차대차 - 측면충돌,안전운전불이행,건조,맑음,단일로 - 기타,승용,남,64세,상해없음,자전거,남,84세,경상
2019091600100468,2019년 9월 16일 17시,월요일,부산광역시 해운대구 좌동,경상사고,0,0,1,0,차대차 - 측면충돌,신호위반,건조,맑음,교차로 - 교차로부근,승용,여,54세,상해없음,승용,여,31세,경상
2019091600100469,2019년 9월 16일 17시,월요일,부산광역시 부산진구 당감동,중상사고,0,1,0,0,차대사람 - 횡단중,신호위반,건조,맑음,교차로 - 교차로횡단보도내,자전거,남,9세,상해없음,보행자,여,82세,중상
2019091600100470,2019년 9월 16일 17시,월요일,부산광역시 강서구 성북동,경상사고,0,0,1,0,차대차 - 기타,안전운전불이행,건조,맑음,교차로 - 교차로안,특수,남,51세,상해없음,승합,남,48세,상해없음
2019091600100519,2019년 9월 16일 18시,월요일,부산광역시 수영구 남천동,중상사고,0,1,0,0,차대사람 - 횡단중,보행자보호의무위반,건조,맑음,교차로 - 교차로횡단보도내,승합,남,63세,상해없음,보행자,남,48세,중상
2019091600100520,2019년 9월 16일 18시,월요일,부산광역시 사하구 감천동,중상사고,0,1,0,0,차대사람 - 횡단중,신호위반,건조,맑음,교차로 - 교차로횡단보도내,이륜,남,18세,상해없음,보행자,여,7세,중상
2019091600100521,2019년 9월 16일 18시,월요일,부산광역시 사상구 주례동,중상사고,0,1,0,0,차대사람 - 횡단중,보행자보호의무위반,건조,맑음,교차로 - 교차로횡단보도내,승용,남,55세,상해없음,보행자,여,8세,중상
2019091600100563,2019년 9월 16일 19시,월요일,부산광역시 수영구 민락동,경상사고,0,0,1,0,차대차 - 측면충돌,신호위반,건조,맑음,기타 - 기타,승용,여,59세,상해없음,화물,남,29세,경상
2019091600100564,2019년 9월 16일 19시,월요일,부산광역시 동래구 온천동,경상사고,0,0,2,0,차대차 - 측면충돌,신호위반,건조,맑음,교차로 - 교차로부근,승용,여,60세,경상,승용,남,38세,경상