사고번호,사고일시,요일,시군구,사고내용,사망자수,중상자수,경상자수,부상신고자수,사고유형,법규위반,노면상태,기상상태,도로형태,가해운전자 차종,가해운전자 성별,가해운전자 연령,가해운전자 상해정도,피해운전자 차종,피해운전자 성별,피해운전자 연령,피해운전자 상해정도
2019092700100094,2019년 9월 27일 06시,금요일,부산광역시 서구 충무동1가,경상사고,0,0,1,0,차대사람 - 차도통행중,안전운전불이행,건조,맑음,단일로 - 기타,승용,남,62세,상해없음,보행자,여,70세,경상
2019092700100095,2019년 9월 27일 06시,금요일,부산광역시 강서구 신호동,경상사고,0,0,1,0,차량단독 - 공작물충돌,안전운전불이행,건조,맑음,교차로 - 교차로안,승용,남,68세,경상,,,,
2019092700100114,2019년 9월 27일 07시,금요일,부산광역시 연제구 연산동,중상사고,0,1,1,0,차대차 - 측면충돌,안전거리미확보,건조,맑음,단일로 - 기타,승용,여,47세,상해없음,승용,남,24세,중상
2019092700100147,2019년 9월 27일 08시,금요일,부산광역시 기장군 정관읍,경상사고,0,0,1,0,차대차 - 측면충돌,안전운전불이행,건조,맑음,단일로 - 기타,승합,남,65세,상해없음,승용,여,32세,경상
2019092700100190,2019년 9월 27일 09시,금요일,부산광역시 북구 구포동,중상사고,0,2,0,0,차대사람 - 길가장자리구역통행중,안전운전불이행,건조,맑음,단일로 - 기타,승용,남,61세,중상,보행자,여,58세,중상
2019092700100191,2019년 9월 27일 09시,금요일,부산광역시 부산진구 양정동,경상사고,0,0,2,0,차대차 - 측면충돌,안전운전불이행,건조,맑음,단일로 - 기타,승용,여,60세,상해없음,승용,남,75세,경상
2019092700100192,2019년 9월 27일 09시,금요일,부산광역시 사상구 학장동,중상사고,0,1,0,0,차대차 - 측면충돌,안전운전불이행,건조,맑음,단일로 - 기타,화물,남,56세,상해없음,화물,남,67세,중상
2019092700100233,2019년 9월 27일 10시,금요일,부산광역시 서구 서대신동3가,중상사고,0,1,0,0,차대사람 - 길가장자리구역통행중,안전운전불이행,건조,흐림,교차로 - 교차로안,승용,남,66세,상해없음,보행자,여,59세,중상
2019092700100269,2019년 9월 27일 11시,금요일,부산광역시 연제구 연산동,경상사고,0,0,1,0,차대사람 - 횡단중,안전운전불이행,건조,맑음,교차로 - 교차로부근,승용,여,48세,상해없음,보행자,남,26세,경상
2019092700100300,2019년 9월 27일 12시,금요일,부산광역시 수영구 광안동,중상사고,0,1,0,0,차대차 - 측면충돌,신호위반,건조,맑음,단일로 - 기타,승용,여,41세,상해없음,이륜,남,21세,중상
2019092700100301,2019년 9월 27일 12시,금요일,부산광역시 사하구 당리동,중상사고,0,1,0,0,차대사람 - 기타,안전운전불이행,건조,맑음,교차로 - 교차로안,승용,남,77세,상해없음,보행자,여,76세,중상
2019092700100412,2019년 9월 27일 15시,금요일,부산광역시 부산진구 양정동,경상사고,0,0,1,0,차대사람 - 횡단중,보행자보호의무위반,건조,맑음,교차로 - 교차로횡단보도내,승합,남,47세,상해없음,보행자,여,67세,경상
2019092700100413,2019년 9월 27일 15시,금요일,부산광역시 연제구 연산동,경상사고,0,0,1,0,차대차 - 측면충돌,안전거리미확보,건조,맑음,교차로 - 교차로부근,승용,남,61세,상해없음,승용,남,30세,경상
2019092700100453,2019년 9월 27일 16시,금요일,부산광역시 사하구 신평동,중상사고,0,1,1,0,차대차 - 정면충돌,중앙선침범,젖음/습기,비,단일로 - 기타,화물,남,41세,상해없음,승합,남,64세,중상
2019092700100497,2019년 9월 27일 17시,금요일,부산광역시 사하구 감천동,경상사고,0,0,1,0,차대사람 - 기타,안전운전불이행,건조,맑음,단일로 - 기타,승합,남,52세,상해없음,보행자,남,14세,경상
2019092700100548,2019년 9월 27일 18시,금요일,부산광역시 해운대구 반송동,경상사고,0,0,1,0,차대사람 - 횡단중,안전운전불이행,젖음/습기,비,교차로 - 교차로부근,승용,남,26세,상해없음,보행자,여,45세,경상
2019092700100549,2019년 9월 27일 18시,금요일,부산광역시 부산진구 범천동,중상사고,0,1,0,0,차대사람 - 기타,안전운전불이행,젖음/습기,비,기타 - 기타,승용,남,44세,상해없음,보행자,남,64세,중상
2019092700100550,2019년 9월 27일 18시,금요일,부산광역시 부산진구 부전동,경상사고,0,0,1,0,차대사람 - 기타,안전운전불이행,젖음/습기,비,교차로 - 교차로안,승용,여,29세,상해없음,보행자,남,24세,경상
2019092700100551,2019년 9월 27일 18시,금요일,부산광역시 연제구 연산동,부상신고사고,0,0,0,1,차대차 - 후진중충돌,안전운전불이행,젖음/습기,비,교차로 - 교차로부근,승용,여,51세,상해없음,승용,여,35세,부상신고
2019092700100552,2019년 9월 27일 18시,금요일,부산광역시 사상구 모라동,경상사고,0,0,1,0,차대차 - 측면충돌,안전거리미확보,젖음/습기,비,교차로 - 교차로안,승용,남,61세,상해없음,승용,남,57세,경상
2019092700100599,2019년 9월 27일 19시,금요일,부산광역시 남구 대연동,경상사고,0,0,1,0,차대차 - 기타,안전운전불이행,건조,맑음,교차로 - 교차로안,이륜,남,37세,경상,승용,남,22세,상해없음
2019092700100600,2019년 9월 27일 19시,금요일,부산광역시 북구 구포동,중상사고,0,1,0,0,차대사람 - 기타,안전운전불이행,젖음/습기,흐림,단일로 - 기타,승용,남,60세,상해없음,보행자,남,68세,중상
2019092700100601,2019년 9월 27일 19시,금요일,부산광역시 부산진구 범천동,경상사고,0,0,1,0,차대차 - 기타,안전운전불이행,젖음/습기,비,교차로 - 교차로안,승용,남,64세,상해없음,승합,남,51세,상해없음
2019092700100602,2019년 9월 27일 19시,금요일,부산광역시 부산진구 당감동,경상사고,0,0,1,0,차대차 - 추돌,중앙선침범,건조,흐림,교차로 - 교차로부근,승용,여,39세,상해없음,승용,남,26세,경상
2019092700100660,2019년 9월 27일 20시,금요일,부산광역시 부산진구 전포동,경상사고,0,0,1,0,차대차 - 기타,중앙선침범,젖음/습기,비,기타 - 기타,승용,남,48세,상해없음,이륜,남,23세,경상
2019092700100661,2019년 9월 27일 20시,금요일,부산광역시 강서구 송정동,중상사고,0,1,0,0,차대사람 - 기타,안전운전불이행,젖음/습기,비,교차로 - 교차로부근,승용,남,37세,상해없음,보행자,남,29세,중상
2019092700100692,2019년 9월 27일 21시,금요일,부산광역시 부산진구 전포동,경상사고,0,0,1,0,차대차 - 기타,신호위반,젖음/습기,비,교차로 - 교차로안,승용,남,68세,상해없음,이륜,남,28세,경상
2019092700100693,2019년 9월 27일 21시,금요일,부산광역시 사하구 신평동,경상사고,0,0,2,0,차대차 - 기타,안전거리미확보,젖음/습기,비,교차로 - 교차로부근,승용,남,23세,상해없음,승용,남,28세,경상
2019092700100694,2019년 9월 27일 21시,금요일,부산광역시 사하구 괴정동,경상사고,0,0,1,0,차대차 - 기타,차로위반,젖음/습기,비,교차로 - 교차로부근,승용,남,23세,상해없음,이륜,남,19세,경상
2019092700100695,2019년 9월 27일 21시,금요일,부산광역시 사상구 덕포동,경상사고,0,0,1,0,차대차 - 추돌,안전운전불이행,젖음/습기,비,단일로 - 기타,화물,남,47세,상해없음,승용,남,68세,경상
2019092700100696,2019년 9월 27일 21시,금요일,부산광역시 기장군 기장읍,경상사고,0,0,3,1,차대차 - 측면충돌,안전운전불이행,건조,맑음,교차로 - 교차로안,승용,남,49세,상해없음,승용,남,32세,경상
2019092700100720,2019년 9월 27일 22시,금요일,부산광역시 영도구 영선동2가,경상사고,0,0,1,0,차대차 - 기타,안전운전불이행,젖음/습기,비,교차로 - 교차로안,원동기,남,47세,경상,승용,남,60세,상해없음
2019092700100721,2019년 9월 27일 22시,금요일,부산광역시 영도구 남항동1가,경상사고,0,0,1,0,차대사람 - 횡단중,안전운전불이행,젖음/습기,맑음,교차로 - 교차로횡단보도내,승용,남,58세,상해없음,보행자,남,53세,경상
2019092700100751,2019년 9월 27일 23시,금요일,부산광역시 남구 용호동,중상사고,0,1,0,0,차대사람 - 횡단중,신호위반,건조,맑음,단일로 - 기타,이륜,남,35세,상해없음,보행자,여,50세,중상
2019092700100752,2019년 9월 27일 23시,금요일,부산광역시 영도구 청학동,경상사고,0,0,1,0,차대차 - 기타,신호위반,젖음/습기,비,단일로 - 기타,승용,남,25세,기타불명,이륜,남,27세,경상
2019092700100753,2019년 9월 27일 23시,금요일,부산광역시 연제구 연산동,경상사고,0,0,1,0,차대차 - 기타,안전운전불이행,젖음/습기,비,단일로 - 기타,승용,남,47세,상해없음,승용,남,58세,경상
2019092800100061,2019년 9월 28일 01시,토요일,부산광역시 사하구 장림동,경상사고,0,0,1,0,차대사람 - 기타,신호위반,젖음/습기,비,교차로 - 교차로안,승용,남,37세,상해없음,보행자,남,22세,경상
2019092800100062,2019년 9월 28일 01시,토요일,부산광역시 기장군 기장읍,중상사고,0,1,0,0,차대사람 - 횡단중,안전운전불이행,건조,맑음,교차로 - 교차로안,화물,남,67세,상해없음,보행자,여,56세,중상
2019092800100084,2019년 9월 28일 02시,토요일,부산광역시 부산진구 개금동,중상사고,0,1,1,0,차량단독 - 공작물충돌,안전운전불이행,젖음/습기,비,단일로 - 기타,승용,남,53세,상해없음,,,,
2019092800100125,2019년 9월 28일 06시,토요일,부산광역시 북구 금곡동,경상사고,0,0,1,0,차대차 - 기타,안전운전불이행,젖음/습기,비,단일로 - 기타,승용,남,47세,상해없음,승용,남,72세,경상
2019092800100139,2019년 9월 28일 07시,토요일,부산광역시 동구 범일동,경상사고,0,0,3,0,차대차 - 추돌,안전운전불이행,건조,맑음,단일로 - 기타,승용,남,71세,상해없음,승용,남,32세,경상
2019092800100140,2019년 9월 28일 07시,토요일,부산광역시 동구 범일동,경상사고,0,0,2,0,차대차 - 추돌,안전운전불이행,건조,맑음,단일로 - 기타,화물,남,48세,상해없음,승용,남,61세,경상
2019092800100141,2019년 9월 28일 07시,토요일,부산광역시 사하구 하단동,중상사고,0,1,2,0,차대차 - 기타,안전운전불이행,젖음/습기,흐림,단일로 - 고가도로위,승용,남,36세,상해없음,화물,남,68세,경상
2019092800100142,2019년 9월 28일 07시,토요일,부산광역시 사하구 하단동,경상사고,0,0,1,0,차대차 - 기타,안전운전불이행,젖음/습기,흐림,단일로 - 교량,승용,남,48세,상해없음,승용,남,49세,경상
2019092800100167,2019년 9월 28일 08시,토요일,부산광역시 부산진구 부암동,경상사고,0,0,1,0,차대차 - 측면충돌,차로위반,건조,맑음,교차로 - 교차로안,승용,남,52세,상해없음,승용,여,43세,경상
2019092800100191,2019년 9월 28일 09시,토요일,부산광역시 연제구 연산동,경상사고,0,0,2,0,차대차 - 측면충돌,기타,건조,맑음,교차로 - 교차로안,승용,남,33세,경상,승용,남,72세,경상
2019092800100259,2019년 9월 28일 11시,토요일,부산광역시 수영구 광안동,중상사고,0,1,0,0,차대차 - 기타,안전운전불이행,건조,맑음,교차로 - 교차로부근,승용,여,36세,상해없음,승합,남,54세,상해없음
2019092800100260,2019년 9월 28일 11시,토요일,부산광역시 부산진구 양정동,경상사고,0,0,1,0,차대차 - 추돌,안전운전불이행,건조,맑음,단일로 - 기타,이륜,남,18세,상해없음,승용,남,58세,상해없음
2019092800100261,2019년 9월 28일 11시,토요일,부산광역시 강서구 대저1동,부상신고사고,0,0,0,1,차대차 - 측면충돌,안전거리미확보,건조,맑음,단일로 - 기타,기타불명,기타불명,미분류,기타불명,화물,남,64세,부상신고
2019092800100305,2019년 9월 28일 12시,토요일,부산광역시 동래구 온천동,중상사고,0,1,0,0,차대사람 - 횡단중,보행자보호의무위반,건조,맑음,교차로 - 교차로횡단보도내,화물,남,71세,상해없음,보행자,여,22세,중상
2019092800100347,2019년 9월 28일 13시,토요일,부산광역시 수영구 광안동,경상사고,0,0,1,1,차대차 - 측면충돌,안전운전불이행,건조,맑음,단일로 - 기타,이륜,남,22세,부상신고,승용,남,51세,경상
2019092800100398,2019년 9월 28일 14시,토요일,부산광역시 강서구 명지동,중상사고,0,1,3,1,차대차 - 기타,안전운전불이행,젖음/습기,비,단일로 - 기타,승용,여,49세,중상,승용,남,37세,경상
2019092800100451,2019년 9월 28일 15시,토요일,부산광역시 부산진구 부암동,경상사고,0,0,4,0,차대차 - 후진중충돌,안전운전불이행,젖음/습기,비,교차로 - 교차로안,승용,여,71세,상해없음,승용,남,31세,경상
2019092800100452,2019년 9월 28일 15시,토요일,부산광역시 부산진구 양정동,경상사고,0,0,1,0,차대차 - 기타,안전운전불이행,젖음/습기,비,교차로 - 교차로안,승용,여,63세,상해없음,승용,남,20세,경상
2019092800100453,2019년 9월 28일 15시,토요일,부산광역시 사하구 신평동,경상사고,0,0,5,0,차대차 - 기타,안전운전불이행,젖음/습기,비,교차로 - 교차로부근,승용,남,61세,경상,화물,남,45세,경상
2019092800100492,2019년 9월 28일 16시,토요일,부산광역시 동구 범일동,경상사고,0,0,4,0,차대차 - 기타,안전운전불이행,젖음/습기,비,교차로 - 교차로안,승용,남,70세,상해없음,승용,남,36세,경상
2019092800100493,2019년 9월 28일 16시,토요일,부산광역시 서구 서대신동2가,경상사고,0,0,1,0,차대차 - 측면충돌,안전거리미확보,젖음/습기,비,단일로 - 기타,승용,남,31세,상해없음,승용,남,28세,상해없음
2019092800100494,2019년 9월 28일 16시,토요일,부산광역시 수영구 민락동,경상사고,0,0,1,0,차대차 - 기타,안전운전불이행,젖음/습기,비,단일로 - 교량,승용,남,43세,상해없음,승용,여,35세,경상
2019092800100495,2019년 9월 28일 16시,토요일,부산광역시 북구 덕천동,중상사고,0,1,0,0,차량단독 - 공작물충돌,안전운전불이행,젖음/습기,맑음,단일로 - 기타,승용,남,60세,상해없음,,,,
2019092800100496,2019년 9월 28일 16시,토요일,부산광역시 부산진구 전포동,경상사고,0,0,4,0,차대차 - 기타,교차로운행방법위반,젖음/습기,비,교차로 - 교차로안,승용,여,37세,상해없음,승용,남,49세,경상
2019092800100497,2019년 9월 28일 16시,토요일,부산광역시 부산진구 개금동,경상사고,0,0,1,0,차대차 - 기타,안전거리미확보,젖음/습기,비,단일로 - 고가도로위,기타불명,기타불명,미분류,기타불명,이륜,남,54세,경상
2019092800100498,2019년 9월 28일 16시,토요일,부산광역시 사하구 하단동,중상사고,0,1,0,0,차대차 - 기타,안전운전불이행,젖음/습기,비,교차로 - 교차로부근,승용,남,69세,상해없음,이륜,남,30세,중상
2019092800100499,2019년 9월 28일 16시,토요일,부산광역시 강서구 강동동,경상사고,0,0,1,0,차대차 - 측면충돌,안전운전불이행,건조,맑음,교차로 - 교차로안,화물,남,47세,상해없음,승용,남,26세,경상
2019092800100567,2019년 9월 28일 18시,토요일,부산광역시 강서구 대저2동,경상사고,0,0,2,0,차대차 - 추돌,안전운전불이행,건조,맑음,단일로 - 기타,승용,여,35세,상해없음,승용,여,49세,경상
2019092800100616,2019년 9월 28일 19시,토요일,부산광역시 남구 감만동,중상사고,0,1,1,0,차대사람 - 기타,안전운전불이행,젖음/습기,비,교차로 - 교차로안,승용,여,47세,상해없음,보행자,남,64세,경상
2019092800100617,2019년 9월 28일 19시,토요일,부산광역시 북구 구포동,경상사고,0,0,1,0,차대차 - 측면충돌,기타,젖음/습기,흐림,교차로 - 교차로부근,화물,남,60세,상해없음,이륜,여,43세,경상
2019092800100618,2019년 9월 28일 19시,토요일,부산광역시 부산진구 개금동,경상사고,0,0,1,0,차대차 - 기타,안전운전불이행,젖음/습기,비,교차로 - 교차로부근,이륜,기타불명,미분류,기타불명,승용,남,61세,경상
2019092800100619,2019년 9월 28일 19시,토요일,부산광역시 수영구 망미동,경상사고,0,0,1,0,차대차 - 추돌,안전운전불이행,젖음/습기,비,교차로 - 교차로부근,승용,남,70세,상해없음,이륜,남,29세,경상
2019092800100671,2019년 9월 28일 20시,토요일,부산광역시 사상구 괘법동,중상사고,0,1,0,0,차대차 - 측면충돌,안전거리미확보,건조,맑음,단일로 - 기타,승용,남,55세,상해없음,이륜,남,29세,중상
2019092800100696,2019년 9월 28일 21시,토요일,부산광역시 수영구 민락동,경상사고,0,0,1,0,차대차 - 측면충돌,안전운전불이행,건조,맑음,기타 - 기타,승용,남,27세,상해없음,승용,남,59세,상해없음
2019092800100697,2019년 9월 28일 21시,토요일,부산광역시 부산진구 부전동,중상사고,0,1,0,0,차대차 - 추돌,안전운전불이행,건조,맑음,교차로 - 교차로안,승용,남,38세,상해없음,이륜,남,27세,중상
2019092800100698,2019년 9월 28일 21시,토요일,부산광역시 금정구 부곡동,경상사고,0,0,1,0,차대차 - 기타,안전운전불이행,젖음/습기,맑음,교차로 - 교차로안,승용,남,61세,상해없음,이륜,남,24세,경상
2019092800100699,2019년 9월 28일 21시,토요일,부산광역시 사하구 하단동,중상사고,0,1,0,0,차대차 - 기타,신호위반,젖음/습기,흐림,단일로 - 기타,이륜,남,34세,상해없음,이륜,남,64세,중상
2019092800100700,2019년 9월 28일 21시,토요일,부산광역시 강서구 명지동,경상사고,0,0,3,0,차대차 - 기타,안전운전불이행,젖음/습기,맑음,교차로 - 교차로안,승용,남,49세,상해없음,승용,여,55세,경상
2019092800100733,2019년 9월 28일 22시,토요일,부산광역시 부산진구 부암동,중상사고,0,1,0,0,차대사람 - 횡단중,보행자보호의무위반,젖음/습기,맑음,교차로 - 교차로횡단보도내,승용,여,32세,상해없음,보행자,여,75세,중상
2019092800100734,2019년 9월 28일 22시,토요일,부산광역시 연제구 거제동,중상사고,0,1,0,0,차대차 - 측면충돌,신호위반,젖음/습기,흐림,교차로 - 교차로안,승용,남,34세,상해없음,이륜,남,36세,중상
2019092800100735,2019년 9월 28일 22시,토요일,부산광역시 사상구 괘법동,경상사고,0,0,1,0,차대사람 - 기타,안전운전불이행,건조,맑음,단일로 - 기타,승용,남,59세,상해없음,보행자,남,21세,경상
2019092800100764,2019년 9월 28일 23시,토요일,부산광역시 수영구 민락동,경상사고,0,0,1,0,차대차 - 후진중충돌,안전운전불이행,건조,맑음,기타 - 기타,승용,남,51세,상해없음,승용,남,32세,경상
2019092800100765,2019년 9월 28일 23시,토요일,부산광역시 북구 화명동,중상사고,0,2,1,0,차대차 - 기타,신호위반,건조,맑음,교차로 - 교차로안,이륜,남,18세,중상,승용,남,62세,경상
2019092800100766,2019년 9월 28일 23시,토요일,부산광역시 사하구 감천동,중상사고,0,1,1,1,차량단독 - 공작물충돌,과속,건조,맑음,단일로 - 기타,승용,남,24세,부상신고,,,,
2019092900100023,2019년 9월 29일 00시,일요일,부산광역시 동래구 명륜동,경상사고,0,0,2,0,차대차 - 측면충돌,안전운전불이행,건조,맑음,교차로 - 교차로부근,승용,남,64세,상해없음,승용,여,33세,경상
2019092900100042,2019년 9월 29일 01시,일요일,부산광역시 금정구 노포동,경상사고,0,0,1,0,차대차 - 추돌,안전운전불이행,건조,맑음,단일로 - 기타,기타불명,기타불명,미분류,기타불명,기타불명,기타불명,미분류,기타불명
2019092900100043,2019년 9월 29일 01시,일요일,부산광역시 사하구 괴정동,중상사고,0,1,0,1,차대차 - 기타,차로위반,젖음/습기,비,단일로 - 기타,승용,남,55세,부상신고,승용,남,57세,중상
2019092900100078,2019년 9월 29일 05시,일요일,부산광역시 해운대구 우동,중상사고,0,2,0,0,차대사람 - 횡단중,신호위반,건조,맑음,교차로 - 교차로부근,승용,남,45세,상해없음,보행자,여,56세,중상
2019092900100119,2019년 9월 29일 08시,일요일,부산광역시 사상구 괘법동,경상사고,0,0,1,0,차량단독 - 기타,안전운전불이행,건조,맑음,교차로 - 교차로안,승용,남,58세,상해없음,,,,
2019092900100132,2019년 9월 29일 09시,일요일,부산광역시 사상구 감전동,경상사고,0,0,3,0,차대차 - 기타,안전운전불이행,건조,맑음,교차로 - 교차로안,승용,여,58세,경상,승용,남,67세,상해없음
2019092900100133,2019년 9월 29일 09시,일요일,부산광역시 기장군 기장읍,경상사고,0,0,1,0,차대차 - 기타,교차로운행방법위반,건조,맑음,교차로 - 교차로안,승용,여,51세,상해없음,승합,남,57세,경상
2019092900100155,2019년 9월 29일 10시,일요일,부산광역시 동래구 명륜동,경상사고,0,0,2,0,차대차 - 기타,안전운전불이행,건조,맑음,교차로 - 교차로부근,승용,남,25세,경상,승용,여,63세,상해없음
2019092900100185,2019년 9월 29일 11시,일요일,부산광역시 남구 용호동,부상신고사고,0,0,0,1,차대사람 - 기타,안전운전불이행,건조,맑음,단일로 - 기타,승용,남,51세,상해없음,보행자,여,64세,부상신고
2019092900100211,2019년 9월 29일 12시,일요일,부산광역시 수영구 민락동,중상사고,0,1,2,0,차대차 - 측면충돌,안전운전불이행,건조,맑음,단일로 - 기타,승용,여,32세,경상,승용,여,36세,중상
2019092900100212,2019년 9월 29일 12시,일요일,부산광역시 해운대구 우동,경상사고,0,0,1,0,차대차 - 측면충돌,신호위반,건조,맑음,교차로 - 교차로안,이륜,남,24세,경상,승용,남,63세,상해없음
2019092900100213,2019년 9월 29일 12시,일요일,부산광역시 사상구 모라동,경상사고,0,0,2,0,차대차 - 기타,안전운전불이행,건조,맑음,교차로 - 교차로부근,이륜,남,28세,상해없음,이륜,남,46세,경상
2019092900100303,2019년 9월 29일 15시,일요일,부산광역시 해운대구 중동,중상사고,0,1,0,0,차대사람 - 횡단중,보행자보호의무위반,기타,맑음,단일로 - 기타,화물,남,61세,상해없음,보행자,남,81세,중상
2019092900100342,2019년 9월 29일 16시,일요일,부산광역시 동래구 온천동,경상사고,0,0,1,0,차대차 - 측면충돌,안전거리미확보,건조,맑음,단일로 - 기타,승용,남,56세,상해없음,승용,남,35세,경상
2019092900100343,2019년 9월 29일 16시,일요일,부산광역시 연제구 연산동,경상사고,0,0,1,0,차대차 - 측면충돌,교차로운행방법위반,건조,맑음,교차로 - 교차로안,승용,여,42세,상해없음,이륜,남,24세,경상
2019092900100378,2019년 9월 29일 17시,일요일,부산광역시 사하구 감천동,경상사고,0,0,1,0,차대차 - 기타,신호위반,건조,맑음,교차로 - 교차로부근,승용,남,28세,상해없음,승용,남,26세,경상
2019092900100412,2019년 9월 29일 18시,일요일,부산광역시 강서구 봉림동,경상사고,0,0,2,0,차대차 - 추돌,안전운전불이행,건조,맑음,교차로 - 교차로부근,승용,남,30세,상해없음,승용,남,23세,경상
2019092900100456,2019년 9월 29일 19시,일요일,부산광역시 중구 부평동2가,경상사고,0,0,1,0,차대차 - 측면충돌,안전운전불이행,건조,맑음,단일로 - 기타,승용,남,35세,상해없음,승용,남,55세,경상
2019092900100457,2019년 9월 29일 19시,일요일,부산광역시 금정구 구서동,경상사고,0,0,1,0,차대차 - 측면충돌,안전운전불이행,건조,맑음,교차로 - 교차로부근,승용,여,42세,상해없음,승용,여,32세,경상
2019092900100458,2019년 9월 29일 19시,일요일,부산광역시 강서구 명지동,중상사고,0,1,0,0,차대사람 - 차도통행중,안전운전불이행,건조,맑음,교차로 - 교차로부근,승용,남,31세,상해없음,보행자,남,59세,중상
2019092900100507,2019년 9월 29일 20시,일요일,부산광역시 부산진구 개금동,경상사고,0,0,1,0,차대사람 - 횡단중,안전운전불이행,건조,맑음,교차로 - 교차로부근,승용,남,66세,상해없음,보행자,남,14세,경상
2019092900100508,2019년 9월 29일 20시,일요일,부산광역시 사하구 다대동,중상사고,0,1,0,0,차대사람 - 횡단중,안전운전불이행,건조,맑음,교차로 - 교차로부근,이륜,남,17세,상해없음,보행자,남,60세,중상
2019092900100564,2019년 9월 29일 22시,일요일,부산광역시 북구 구포동,경상사고,0,0,3,0,차대차 - 기타,신호위반,건조,맑음,교차로 - 교차로안,승용,남,62세,상해없음,승용,남,41세,경상
2019092900100565,2019년 9월 29일 22시,일요일,부산광역시 동래구 명장동,경상사고,0,0,1,0,차대차 - 측면충돌,중앙선침범,건조,맑음,교차로 - 교차로부근,승용,남,32세,상해없음,승용,남,56세,경상
2019092900100566,2019년 9월 29일 22시,일요일,부산광역시 사하구 하단동,경상사고,0,0,1,0,차대차 - 기타,안전운전불이행,건조,맑음,단일로 - 지하차도(도로)내,이륜,남,35세,경상,승용,남,45세,상해없음
2019093000100021,2019년 9월 30일 00시,월요일,부산광역시 사하구 괴정동,경상사고,0,0,2,0,차대차 - 측면충돌,중앙선침범,건조,맑음,단일로 - 기타,승용,남,55세,상해없음,승용,남,56세,경상
2019093000100072,2019년 9월 30일 06시,월요일,부산광역시 북구 구포동,경상사고,0,0,1,0,차량단독 - 기타,안전운전불이행,건조,맑음,교차로 - 교차로안,이륜,남,26세,경상,,,,
2019093000100133,2019년 9월 30일 08시,월요일,부산광역시 수영구 광안동,경상사고,0,0,1,0,차대차 - 기타,안전운전불이행,건조,맑음,교차로 - 교차로횡단보도내,승용,여,47세,상해없음,승용,남,60세,경상
2019093000100134,2019년 9월 30일 08시,월요일,부산광역시 북구 덕천동,경상사고,0,0,2,1,차대차 - 기타,신호위반,건조,맑음,단일로 - 기타,승용,남,66세,상해없음,승용,남,68세,상해없음
2019093000100135,2019년 9월 30일 08시,월요일,부산광역시 북구 구포동,경상사고,0,0,1,0,차대차 - 기타,안전거리미확보,건조,맑음,단일로 - 기타,승용,여,29세,상해없음,승용,여,51세,경상
2019093000100136,2019년 9월 30일 08시,월요일,부산광역시 사하구 장림동,경상사고,0,0,1,0,차대차 - 추돌,안전거리미확보,건조,맑음,단일로 - 지하차도(도로)내,승합,남,62세,상해없음,화물,남,71세,경상
2019093000100137,2019년 9월 30일 08시,월요일,부산광역시 사상구 삼락동,경상사고,0,0,1,0,차대차 - 측면충돌,안전거리미확보,건조,맑음,단일로 - 기타,승용,남,35세,상해없음,승용,여,51세,경상
2019093000100177,2019년 9월 30일 09시,월요일,부산광역시 강서구 대저2동,중상사고,0,1,0,0,차대차 - 기타,기타,건조,맑음,교차로 - 교차로안,화물,남,49세,상해없음,원동기,여,65세,중상
2019093000100208,2019년 9월 30일 10시,월요일,부산광역시 동구 좌천동,부상신고사고,0,0,0,1,차대차 - 추돌,안전운전불이행,젖음/습기,흐림,교차로 - 교차로안,승합,남,48세,상해없음,승용,남,66세,부상신고
2019093000100240,2019년 9월 30일 11시,월요일,부산광역시 강서구 명지동,중상사고,0,1,0,0,차대차 - 기타,안전운전불이행,건조,맑음,교차로 - 교차로부근,승용,여,43세,상해없음,자전거,여,59세,중상
2019093000100276,2019년 9월 30일 12시,월요일,부산광역시 남구 용호동,중상사고,0,1,0,0,차대차 - 측면충돌,안전운전불이행,건조,맑음,단일로 - 기타,승용,남,18세,상해없음,이륜,남,47세,중상
2019093000100277,2019년 9월 30일 12시,월요일,부산광역시 사하구 하단동,부상신고사고,0,0,0,1,차대사람 - 기타,기타,건조,맑음,기타 - 기타,자전거,기타불명,미분류,기타불명,보행자,여,47세,부상신고
2019093000100315,2019년 9월 30일 13시,월요일,부산광역시 사하구 다대동,경상사고,0,0,1,0,차대차 - 기타,안전운전불이행,건조,맑음,단일로 - 지하차도(도로)내,화물,남,49세,상해없음,승용,남,68세,상해없음
2019093000100316,2019년 9월 30일 13시,월요일,부산광역시 강서구 명지동,경상사고,0,0,1,0,차대차 - 기타,안전운전불이행,건조,맑음,단일로 - 기타,화물,남,56세,상해없음,승용,남,42세,경상
2019093000100356,2019년 9월 30일 14시,월요일,부산광역시 서구 암남동,경상사고,0,0,1,0,차대차 - 측면충돌,안전운전불이행,건조,맑음,단일로 - 기타,화물,남,32세,상해없음,승용,남,51세,경상
2019093000100357,2019년 9월 30일 14시,월요일,부산광역시 부산진구 부전동,경상사고,0,0,1,0,차대차 - 기타,신호위반,건조,맑음,교차로 - 교차로안,이륜,남,28세,상해없음,이륜,남,70세,경상
2019093000100358,2019년 9월 30일 14시,월요일,부산광역시 금정구 서동,중상사고,0,1,1,0,차대차 - 기타,안전운전불이행,건조,맑음,교차로 - 교차로안,승용,남,26세,상해없음,승용,여,35세,경상