사고번호,사고일시,요일,시군구,사고내용,사망자수,중상자수,경상자수,부상신고자수,사고유형,법규위반,노면상태,기상상태,도로형태,가해운전자 차종,가해운전자 성별,가해운전자 연령,가해운전자 상해정도,피해운전자 차종,피해운전자 성별,피해운전자 연령,피해운전자 상해정도
2019100300100336,2019년 10월 3일 14시,목요일,부산광역시 동래구 칠산동,중상사고,0,1,0,0,차대사람 - 횡단중,보행자보호의무위반,건조,맑음,단일로 - 기타,승용,남,46세,상해없음,보행자,남,49세,중상
2019100300100337,2019년 10월 3일 14시,목요일,부산광역시 부산진구 개금동,중상사고,0,1,1,0,차대차 - 추돌,안전운전불이행,건조,맑음,단일로 - 기타,승용,남,32세,상해없음,승용,남,41세,중상
2019100300100338,2019년 10월 3일 14시,목요일,부산광역시 사하구 하단동,경상사고,0,0,1,0,차대사람 - 기타,안전운전불이행,건조,맑음,단일로 - 기타,승용,여,53세,상해없음,보행자,여,21세,경상
2019100300100339,2019년 10월 3일 14시,목요일,부산광역시 사하구 하단동,중상사고,0,1,0,0,차대차 - 측면충돌,차로위반,건조,맑음,단일로 - 기타,승용,여,42세,상해없음,이륜,남,40세,중상
2019100300100340,2019년 10월 3일 14시,목요일,부산광역시 수영구 광안동,중상사고,0,1,0,0,차대차 - 기타,안전운전불이행,건조,맑음,단일로 - 기타,이륜,남,34세,중상,화물,남,66세,상해없음
2019100300100367,2019년 10월 3일 15시,목요일,부산광역시 동래구 명륜동,중상사고,0,1,0,0,차대사람 - 횡단중,안전운전불이행,건조,맑음,교차로 - 교차로부근,승용,남,40세,상해없음,보행자,여,69세,중상
2019100300100368,2019년 10월 3일 15시,목요일,부산광역시 해운대구 우동,중상사고,0,1,0,0,차대차 - 기타,신호위반,기타,맑음,교차로 - 교차로안,이륜,남,18세,중상,화물,남,41세,상해없음
2019100300100369,2019년 10월 3일 15시,목요일,부산광역시 사하구 하단동,중상사고,0,1,0,0,차대차 - 측면충돌,안전운전불이행,건조,맑음,단일로 - 기타,승용,여,32세,상해없음,자전거,남,83세,중상
2019100300100370,2019년 10월 3일 15시,목요일,부산광역시 사하구 장림동,경상사고,0,0,1,0,차대차 - 측면충돌,안전거리미확보,건조,맑음,단일로 - 기타,승용,남,73세,상해없음,이륜,남,17세,경상
2019100300100371,2019년 10월 3일 15시,목요일,부산광역시 강서구 명지동,부상신고사고,0,0,0,1,차대차 - 측면충돌,안전운전불이행,건조,맑음,교차로 - 교차로안,자전거,남,58세,상해없음,자전거,남,14세,부상신고
2019100300100372,2019년 10월 3일 15시,목요일,부산광역시 강서구 대저2동,중상사고,0,1,0,0,차대차 - 측면충돌,안전운전불이행,건조,맑음,단일로 - 기타,승용,남,78세,상해없음,승용,남,58세,중상
2019100300100415,2019년 10월 3일 16시,목요일,부산광역시 강서구 대저2동,경상사고,0,0,1,0,차대사람 - 기타,안전운전불이행,건조,맑음,단일로 - 기타,자전거,남,60세,상해없음,보행자,남,61세,경상
2019100300100443,2019년 10월 3일 17시,목요일,부산광역시 남구 문현동,경상사고,0,0,2,0,차대차 - 측면충돌,안전운전불이행,건조,맑음,기타 - 기타,승용,남,59세,상해없음,승용,여,36세,경상
2019100300100444,2019년 10월 3일 17시,목요일,부산광역시 사하구 하단동,경상사고,0,0,1,0,차대차 - 측면충돌,차로위반,건조,맑음,단일로 - 기타,승용,여,30세,상해없음,승용,남,63세,상해없음
2019100300100477,2019년 10월 3일 18시,목요일,부산광역시 북구 덕천동,경상사고,0,0,2,0,차대차 - 추돌,안전거리미확보,건조,맑음,단일로 - 기타,승용,남,54세,상해없음,승용,남,60세,상해없음
2019100300100508,2019년 10월 3일 19시,목요일,부산광역시 부산진구 당감동,경상사고,0,0,1,0,차대사람 - 기타,안전운전불이행,건조,맑음,교차로 - 교차로안,승용,여,49세,상해없음,보행자,여,58세,경상
2019100300100509,2019년 10월 3일 19시,목요일,부산광역시 금정구 서동,부상신고사고,0,0,0,1,차대사람 - 기타,안전운전불이행,건조,맑음,단일로 - 기타,기타불명,기타불명,미분류,기타불명,보행자,남,71세,부상신고
2019100300100557,2019년 10월 3일 21시,목요일,부산광역시 부산진구 전포동,경상사고,0,0,1,0,차대사람 - 기타,안전운전불이행,건조,맑음,교차로 - 교차로안,화물,남,31세,상해없음,보행자,남,45세,경상
2019100300100558,2019년 10월 3일 21시,목요일,부산광역시 부산진구 범천동,경상사고,0,0,1,0,차대차 - 측면충돌,안전거리미확보,건조,맑음,교차로 - 교차로부근,화물,남,45세,상해없음,승용,남,64세,경상
2019100300100583,2019년 10월 3일 22시,목요일,부산광역시 동래구 온천동,부상신고사고,0,0,0,1,차량단독 - 기타,안전운전불이행,건조,맑음,단일로 - 기타,이륜,남,25세,부상신고,,,,
2019100300100603,2019년 10월 3일 23시,목요일,부산광역시 남구 대연동,중상사고,0,1,0,0,차대사람 - 횡단중,신호위반,건조,맑음,교차로 - 교차로안,승용,남,22세,상해없음,보행자,여,72세,중상
2019100400100058,2019년 10월 4일 04시,금요일,부산광역시 북구 덕천동,부상신고사고,0,0,0,2,차대차 - 측면충돌,안전운전불이행,건조,맑음,단일로 - 기타,승용,남,27세,상해없음,승용,남,71세,상해없음
2019100400100062,2019년 10월 4일 05시,금요일,부산광역시 금정구 오륜동,중상사고,0,2,0,0,차량단독 - 기타,안전운전불이행,젖음/습기,맑음,단일로 - 기타,이륜,여,22세,중상,,,,
2019100400100063,2019년 10월 4일 05시,금요일,부산광역시 사하구 장림동,중상사고,0,2,1,0,차대차 - 측면충돌,안전거리미확보,건조,기타,교차로 - 교차로부근,이륜,남,19세,경상,이륜,남,18세,중상
2019100400100098,2019년 10월 4일 07시,금요일,부산광역시 강서구 명지동,경상사고,0,0,1,0,차대차 - 기타,안전운전불이행,건조,맑음,단일로 - 기타,특수,남,30세,상해없음,승용,여,43세,경상
2019100400100133,2019년 10월 4일 08시,금요일,부산광역시 동래구 낙민동,경상사고,0,0,1,0,차대차 - 측면충돌,교차로운행방법위반,건조,맑음,교차로 - 교차로안,승용,남,37세,상해없음,자전거,여,50세,경상
2019100400100134,2019년 10월 4일 08시,금요일,부산광역시 해운대구 재송동,경상사고,0,0,1,0,차대사람 - 기타,보행자보호의무위반,건조,맑음,단일로 - 기타,승용,남,49세,상해없음,보행자,여,31세,경상
2019100400100135,2019년 10월 4일 08시,금요일,부산광역시 사하구 감천동,경상사고,0,0,1,0,차대사람 - 횡단중,신호위반,건조,맑음,기타 - 기타,이륜,남,62세,상해없음,보행자,여,33세,경상
2019100400100136,2019년 10월 4일 08시,금요일,부산광역시 사상구 모라동,경상사고,0,0,1,0,차대사람 - 횡단중,안전운전불이행,건조,맑음,단일로 - 기타,승용,여,44세,상해없음,보행자,여,33세,경상
2019100400100137,2019년 10월 4일 08시,금요일,부산광역시 사상구 괘법동,중상사고,0,1,0,0,차대사람 - 횡단중,안전운전불이행,건조,맑음,교차로 - 교차로부근,승용,남,66세,상해없음,보행자,여,69세,중상
2019100400100178,2019년 10월 4일 09시,금요일,부산광역시 동래구 사직동,중상사고,0,1,0,0,차대사람 - 길가장자리구역통행중,안전운전불이행,건조,맑음,단일로 - 기타,승용,남,34세,상해없음,보행자,여,78세,중상
2019100400100179,2019년 10월 4일 09시,금요일,부산광역시 금정구 노포동,경상사고,0,0,1,0,차대차 - 추돌,안전운전불이행,건조,맑음,단일로 - 기타,승합,남,59세,상해없음,승용,남,57세,경상
2019100400100199,2019년 10월 4일 10시,금요일,부산광역시 동구 수정동,경상사고,0,0,1,0,차대사람 - 기타,안전운전불이행,건조,맑음,단일로 - 기타,화물,남,53세,상해없음,보행자,여,43세,경상
2019100400100200,2019년 10월 4일 10시,금요일,부산광역시 부산진구 부전동,경상사고,0,0,1,0,차대차 - 측면충돌,안전거리미확보,건조,맑음,단일로 - 기타,승용,남,75세,상해없음,승용,여,33세,경상
2019100400100201,2019년 10월 4일 10시,금요일,부산광역시 부산진구 당감동,경상사고,0,0,1,0,차대차 - 추돌,안전운전불이행,건조,맑음,단일로 - 기타,승용,남,57세,상해없음,승용,여,43세,상해없음
2019100400100202,2019년 10월 4일 10시,금요일,부산광역시 사하구 하단동,경상사고,0,0,1,0,차대사람 - 횡단중,보행자보호의무위반,건조,맑음,단일로 - 지하차도(도로)내,기타불명,기타불명,미분류,기타불명,보행자,남,23세,경상
2019100400100203,2019년 10월 4일 10시,금요일,부산광역시 연제구 거제동,중상사고,0,1,0,0,차대사람 - 보도통행중,기타,건조,맑음,기타 - 기타,승용,남,47세,상해없음,보행자,여,65세,중상
2019100400100236,2019년 10월 4일 11시,금요일,부산광역시 사하구 하단동,경상사고,0,0,1,0,차대차 - 측면충돌,신호위반,건조,맑음,교차로 - 교차로안,승용,남,69세,상해없음,이륜,여,37세,경상
2019100400100278,2019년 10월 4일 12시,금요일,부산광역시 금정구 장전동,부상신고사고,0,0,0,1,차대차 - 추돌,안전운전불이행,건조,맑음,단일로 - 기타,원동기,남,51세,부상신고,승합,남,53세,상해없음
2019100400100329,2019년 10월 4일 13시,금요일,부산광역시 부산진구 전포동,경상사고,0,0,1,0,차대사람 - 횡단중,보행자보호의무위반,건조,맑음,교차로 - 교차로안,기타불명,기타불명,미분류,기타불명,보행자,남,39세,경상
2019100400100430,2019년 10월 4일 15시,금요일,부산광역시 부산진구 개금동,부상신고사고,0,0,0,1,차량단독 - 공작물충돌,안전운전불이행,건조,맑음,교차로 - 교차로부근,이륜,남,17세,부상신고,,,,
2019100400100431,2019년 10월 4일 15시,금요일,부산광역시 부산진구 양정동,경상사고,0,0,2,0,차대차 - 추돌,직진우회전진행방해,건조,맑음,교차로 - 교차로안,특수,남,53세,상해없음,승용,남,34세,경상
2019100400100432,2019년 10월 4일 15시,금요일,부산광역시 강서구 대저1동,경상사고,0,0,1,0,차대차 - 후진중충돌,불법유턴,건조,맑음,단일로 - 기타,화물,남,70세,상해없음,승용,여,36세,경상
2019100400100470,2019년 10월 4일 16시,금요일,부산광역시 수영구 남천동,중상사고,0,1,1,0,차대차 - 기타,안전운전불이행,건조,맑음,미분류 - 미분류,승용,남,63세,상해없음,승용,남,43세,경상
2019100400100471,2019년 10월 4일 16시,금요일,부산광역시 부산진구 범전동,경상사고,0,0,2,0,차대차 - 측면충돌,차로위반,건조,맑음,단일로 - 기타,승용,남,67세,상해없음,승용,남,73세,경상
2019100400100472,2019년 10월 4일 16시,금요일,부산광역시 사상구 덕포동,부상신고사고,0,0,0,1,차대차 - 측면충돌,안전운전불이행,건조,맑음,단일로 - 기타,이륜,남,64세,부상신고,승용,남,28세,상해없음
2019100400100507,2019년 10월 4일 17시,금요일,부산광역시 동구 범일동,경상사고,0,0,1,0,차대차 - 기타,차로위반,건조,맑음,단일로 - 고가도로위,화물,남,55세,상해없음,승용,여,45세,경상
2019100400100542,2019년 10월 4일 18시,금요일,부산광역시 북구 화명동,중상사고,0,1,0,0,차대차 - 기타,안전거리미확보,건조,맑음,단일로 - 기타,승용,여,59세,상해없음,이륜,남,17세,중상
2019100400100543,2019년 10월 4일 18시,금요일,부산광역시 북구 구포동,중상사고,0,1,0,0,차대차 - 기타,중앙선침범,건조,맑음,단일로 - 기타,승용,남,76세,상해없음,자전거,남,55세,중상
2019100400100544,2019년 10월 4일 18시,금요일,부산광역시 동래구 온천동,중상사고,0,1,0,0,차대사람 - 횡단중,보행자보호의무위반,건조,맑음,교차로 - 교차로부근,승용,남,58세,상해없음,보행자,여,17세,중상
2019100400100545,2019년 10월 4일 18시,금요일,부산광역시 기장군 정관읍,중상사고,0,1,0,0,차대차 - 정면충돌,신호위반,젖음/습기,흐림,교차로 - 교차로안,승용,남,46세,상해없음,이륜,남,48세,중상
2019100400100616,2019년 10월 4일 19시,금요일,부산광역시 동구 초량동,중상사고,0,1,0,0,차대사람 - 차도통행중,신호위반,건조,맑음,교차로 - 교차로안,화물,남,28세,상해없음,보행자,남,68세,중상
2019100400100617,2019년 10월 4일 19시,금요일,부산광역시 사상구 덕포동,경상사고,0,0,1,0,차대차 - 추돌,안전운전불이행,건조,맑음,기타 - 기타,승용,남,29세,상해없음,승용,남,48세,경상
2019100400100705,2019년 10월 4일 21시,금요일,부산광역시 동래구 온천동,경상사고,0,0,1,0,차량단독 - 기타,기타,건조,맑음,단일로 - 기타,승합,남,51세,상해없음,,,,
2019100400100706,2019년 10월 4일 21시,금요일,부산광역시 부산진구 부전동,경상사고,0,0,1,0,차대차 - 기타,차로위반,건조,맑음,단일로 - 기타,화물,남,60세,상해없음,승용,남,44세,상해없음
2019100400100723,2019년 10월 4일 22시,금요일,부산광역시 동래구 안락동,중상사고,0,1,0,0,차대사람 - 차도통행중,중앙선침범,건조,맑음,교차로 - 교차로부근,승합,남,63세,상해없음,보행자,남,63세,중상
2019100400100724,2019년 10월 4일 22시,금요일,부산광역시 금정구 구서동,중상사고,0,1,0,0,차대차 - 추돌,안전운전불이행,건조,맑음,교차로 - 교차로부근,승용,남,26세,상해없음,화물,남,65세,중상
2019100400100725,2019년 10월 4일 22시,금요일,부산광역시 연제구 연산동,경상사고,0,0,4,0,차대차 - 기타,안전운전불이행,건조,맑음,단일로 - 기타,승용,남,19세,상해없음,승용,남,50세,기타불명
2019100400100749,2019년 10월 4일 23시,금요일,부산광역시 서구 암남동,경상사고,0,0,1,1,차대차 - 추돌,안전거리미확보,건조,맑음,단일로 - 기타,승용,남,57세,부상신고,승용,남,47세,경상
2019100400100750,2019년 10월 4일 23시,금요일,부산광역시 강서구 명지동,중상사고,0,1,0,1,차대차 - 추돌,안전운전불이행,건조,맑음,단일로 - 기타,승용,남,27세,상해없음,승용,남,53세,부상신고
2019100500100081,2019년 10월 5일 06시,토요일,부산광역시 해운대구 우동,경상사고,0,0,1,0,차대차 - 추돌,안전운전불이행,건조,맑음,단일로 - 교량,승용,남,25세,상해없음,승용,남,73세,경상
2019100500100113,2019년 10월 5일 08시,토요일,부산광역시 사상구 감전동,중상사고,0,1,0,0,차대차 - 기타,안전운전불이행,건조,맑음,단일로 - 기타,승용,남,36세,상해없음,자전거,남,70세,중상
2019100500100142,2019년 10월 5일 09시,토요일,부산광역시 사하구 하단동,경상사고,0,0,1,0,차대사람 - 횡단중,보행자보호의무위반,건조,맑음,교차로 - 교차로부근,승용,여,51세,상해없음,보행자,여,51세,경상
2019100500100143,2019년 10월 5일 09시,토요일,부산광역시 연제구 연산동,중상사고,0,1,0,0,차대사람 - 기타,안전운전불이행,건조,맑음,교차로 - 교차로부근,승용,여,36세,상해없음,보행자,여,60세,중상
2019100500100170,2019년 10월 5일 10시,토요일,부산광역시 동구 범일동,중상사고,0,1,0,0,차대사람 - 기타,안전운전불이행,건조,맑음,단일로 - 기타,승용,남,66세,상해없음,보행자,여,62세,중상
2019100500100171,2019년 10월 5일 10시,토요일,부산광역시 연제구 연산동,중상사고,0,1,0,0,차대차 - 측면충돌,중앙선침범,건조,맑음,교차로 - 교차로안,자전거,남,15세,중상,승용,남,41세,상해없음
2019100500100172,2019년 10월 5일 10시,토요일,부산광역시 사상구 괘법동,경상사고,0,0,1,0,차대차 - 측면충돌,안전운전불이행,건조,맑음,교차로 - 교차로안,승용,남,38세,상해없음,승용,남,70세,경상
2019100500100201,2019년 10월 5일 11시,토요일,부산광역시 영도구 남항동2가,중상사고,0,1,0,0,차대차 - 측면충돌,중앙선침범,건조,맑음,단일로 - 기타,승용,남,59세,상해없음,이륜,남,31세,중상
2019100500100202,2019년 10월 5일 11시,토요일,부산광역시 연제구 거제동,경상사고,0,0,1,0,차대사람 - 차도통행중,안전운전불이행,건조,맑음,교차로 - 교차로부근,승용,남,32세,상해없음,보행자,남,54세,경상
2019100500100203,2019년 10월 5일 11시,토요일,부산광역시 강서구 신호동,중상사고,0,1,0,0,차대사람 - 기타,안전운전불이행,건조,맑음,단일로 - 기타,승합,남,56세,상해없음,보행자,남,58세,중상
2019100500100229,2019년 10월 5일 12시,토요일,부산광역시 서구 서대신동3가,경상사고,0,0,1,0,차대차 - 기타,신호위반,건조,맑음,단일로 - 터널,승용,남,67세,상해없음,승합,남,46세,상해없음
2019100500100230,2019년 10월 5일 12시,토요일,부산광역시 남구 대연동,중상사고,0,1,0,0,차대차 - 기타,안전운전불이행,건조,맑음,단일로 - 기타,승용,남,37세,상해없음,이륜,남,64세,중상
2019100500100231,2019년 10월 5일 12시,토요일,부산광역시 동래구 안락동,경상사고,0,0,3,0,차대차 - 기타,안전운전불이행,건조,맑음,단일로 - 기타,승용,남,45세,상해없음,승용,남,62세,경상
2019100500100232,2019년 10월 5일 12시,토요일,부산광역시 부산진구 범천동,중상사고,0,1,1,0,차대차 - 측면충돌,교차로운행방법위반,건조,맑음,교차로 - 교차로안,승용,여,70세,상해없음,승용,남,30세,중상
2019100500100233,2019년 10월 5일 12시,토요일,부산광역시 강서구 명지동,경상사고,0,0,1,0,차대차 - 측면충돌,안전거리미확보,건조,맑음,교차로 - 교차로안,승용,남,69세,상해없음,이륜,여,27세,경상
2019100500100307,2019년 10월 5일 14시,토요일,부산광역시 남구 감만동,경상사고,0,0,1,0,차대차 - 기타,안전운전불이행,건조,맑음,단일로 - 기타,승합,남,66세,상해없음,이륜,남,18세,경상
2019100500100308,2019년 10월 5일 14시,토요일,부산광역시 부산진구 부암동,경상사고,0,0,2,2,차대차 - 측면충돌,안전거리미확보,건조,맑음,교차로 - 교차로부근,승용,여,59세,경상,승용,남,32세,부상신고
2019100500100343,2019년 10월 5일 15시,토요일,부산광역시 수영구 남천동,경상사고,0,0,2,0,차대차 - 추돌,안전운전불이행,건조,맑음,단일로 - 기타,승용,남,79세,상해없음,승용,여,43세,경상
2019100500100344,2019년 10월 5일 15시,토요일,부산광역시 수영구 남천동,경상사고,0,0,1,0,차대사람 - 길가장자리구역통행중,안전운전불이행,건조,맑음,단일로 - 기타,승용,여,56세,상해없음,보행자,여,60세,경상
2019100500100345,2019년 10월 5일 15시,토요일,부산광역시 연제구 거제동,경상사고,0,0,1,0,차대차 - 기타,신호위반,건조,맑음,교차로 - 교차로부근,승용,여,61세,상해없음,승용,남,31세,경상
2019100500100372,2019년 10월 5일 16시,토요일,부산광역시 수영구 남천동,중상사고,0,1,0,0,차대사람 - 기타,안전운전불이행,건조,맑음,단일로 - 기타,승용,여,55세,상해없음,보행자,여,55세,중상
2019100500100373,2019년 10월 5일 16시,토요일,부산광역시 부산진구 가야동,경상사고,0,0,1,0,차대차 - 측면충돌,교차로운행방법위반,건조,맑음,교차로 - 교차로안,승용,남,63세,상해없음,승용,남,57세,경상
2019100500100374,2019년 10월 5일 16시,토요일,부산광역시 사하구 다대동,경상사고,0,0,1,0,차대차 - 측면충돌,안전운전불이행,건조,맑음,단일로 - 기타,승합,남,65세,상해없음,화물,남,60세,상해없음
2019100500100375,2019년 10월 5일 16시,토요일,부산광역시 수영구 망미동,중상사고,0,1,0,0,차대차 - 측면충돌,중앙선침범,젖음/습기,비,교차로 - 교차로안,이륜,남,18세,중상,승용,여,56세,상해없음
2019100500100376,2019년 10월 5일 16시,토요일,부산광역시 기장군 일광면,경상사고,0,0,1,1,차대차 - 기타,안전거리미확보,건조,맑음,단일로 - 고가도로위,승용,남,32세,상해없음,화물,남,57세,부상신고
2019100500100405,2019년 10월 5일 17시,토요일,부산광역시 금정구 부곡동,경상사고,0,0,1,0,차대차 - 기타,교차로운행방법위반,젖음/습기,비,교차로 - 교차로안,이륜,남,40세,경상,승용,남,31세,상해없음
2019100500100436,2019년 10월 5일 18시,토요일,부산광역시 금정구 남산동,중상사고,0,1,0,0,차대사람 - 횡단중,보행자보호의무위반,젖음/습기,비,단일로 - 기타,승용,여,64세,기타불명,보행자,남,68세,중상
2019100500100437,2019년 10월 5일 18시,토요일,부산광역시 사상구 주례동,중상사고,0,1,0,0,차대사람 - 기타,안전운전불이행,건조,맑음,단일로 - 기타,원동기,기타불명,미분류,기타불명,보행자,여,47세,중상
2019100500100479,2019년 10월 5일 19시,토요일,부산광역시 서구 아미동2가,중상사고,0,1,2,0,차대차 - 추돌,안전운전불이행,건조,맑음,교차로 - 교차로안,승용,남,46세,상해없음,승용,남,42세,중상
2019100500100480,2019년 10월 5일 19시,토요일,부산광역시 북구 화명동,경상사고,0,0,1,0,차대차 - 기타,안전거리미확보,젖음/습기,흐림,교차로 - 교차로안,승용,남,36세,상해없음,이륜,남,50세,경상
2019100500100481,2019년 10월 5일 19시,토요일,부산광역시 동래구 낙민동,중상사고,0,1,0,0,차대차 - 측면충돌,안전운전불이행,젖음/습기,비,교차로 - 교차로안,승용,여,64세,상해없음,이륜,남,30세,중상
2019100500100482,2019년 10월 5일 19시,토요일,부산광역시 해운대구 석대동,경상사고,0,0,1,0,차대차 - 측면충돌,차로위반,건조,맑음,단일로 - 기타,승용,남,47세,상해없음,승용,남,43세,경상
2019100500100483,2019년 10월 5일 19시,토요일,부산광역시 금정구 금사동,경상사고,0,0,2,0,차대차 - 추돌,직진우회전진행방해,젖음/습기,비,교차로 - 교차로안,승용,여,48세,상해없음,승합,남,36세,경상
2019100500100514,2019년 10월 5일 20시,토요일,부산광역시 수영구 민락동,부상신고사고,0,0,0,1,차대차 - 기타,안전운전불이행,건조,맑음,단일로 - 기타,이륜,남,20세,부상신고,승용,남,45세,상해없음
2019100500100545,2019년 10월 5일 21시,토요일,부산광역시 해운대구 우동,중상사고,0,1,0,0,차대사람 - 횡단중,신호위반,건조,맑음,단일로 - 기타,이륜,남,22세,상해없음,보행자,여,51세,중상
2019100500100598,2019년 10월 5일 23시,토요일,부산광역시 수영구 광안동,경상사고,0,0,1,0,차대차 - 측면충돌,차로위반,건조,맑음,단일로 - 기타,이륜,남,27세,상해없음,이륜,남,26세,경상
2019100500100599,2019년 10월 5일 23시,토요일,부산광역시 동래구 명장동,부상신고사고,0,0,0,1,차량단독 - 기타,안전운전불이행,건조,맑음,단일로 - 기타,승용,남,52세,상해없음,,,,
2019100500100600,2019년 10월 5일 23시,토요일,부산광역시 기장군 기장읍,중상사고,0,2,0,0,차대차 - 측면충돌,중앙선침범,건조,맑음,교차로 - 교차로부근,승합,여,39세,상해없음,화물,남,41세,중상
2019100600100060,2019년 10월 6일 03시,일요일,부산광역시 서구 남부민동,중상사고,0,1,1,0,차대사람 - 횡단중,신호위반,건조,맑음,단일로 - 기타,이륜,남,18세,경상,보행자,여,61세,중상
2019100600100061,2019년 10월 6일 03시,일요일,부산광역시 사상구 괘법동,중상사고,0,1,0,0,차대차 - 측면충돌,교차로운행방법위반,건조,흐림,교차로 - 교차로안,승용,남,68세,상해없음,이륜,남,18세,중상
2019100600100071,2019년 10월 6일 04시,일요일,부산광역시 동래구 안락동,중상사고,0,1,0,0,차대사람 - 차도통행중,안전운전불이행,건조,맑음,단일로 - 기타,승용,남,69세,상해없음,보행자,여,18세,중상
2019100600100098,2019년 10월 6일 06시,일요일,부산광역시 중구 남포동6가,중상사고,0,1,0,0,차대사람 - 횡단중,안전운전불이행,건조,맑음,단일로 - 기타,승용,남,78세,상해없음,보행자,남,57세,중상
2019100600100099,2019년 10월 6일 06시,일요일,부산광역시 남구 감만동,중상사고,0,1,1,0,차대사람 - 횡단중,안전운전불이행,건조,맑음,단일로 - 기타,이륜,남,22세,경상,보행자,여,69세,중상
2019100600100100,2019년 10월 6일 06시,일요일,부산광역시 사하구 다대동,중상사고,0,2,0,0,차대차 - 기타,안전운전불이행,건조,맑음,단일로 - 기타,이륜,남,16세,중상,화물,남,67세,기타불명
2019100600100101,2019년 10월 6일 06시,일요일,부산광역시 기장군 정관읍,경상사고,0,0,1,0,차대사람 - 횡단중,안전운전불이행,건조,맑음,기타 - 기타,승용,남,50세,상해없음,보행자,여,82세,경상
2019100600100120,2019년 10월 6일 08시,일요일,부산광역시 강서구 명지동,경상사고,0,0,1,0,차대차 - 추돌,안전운전불이행,건조,맑음,단일로 - 기타,승용,남,36세,상해없음,승용,여,59세,경상
2019100600100137,2019년 10월 6일 09시,일요일,부산광역시 수영구 광안동,중상사고,0,1,0,0,차대차 - 측면충돌,직진우회전진행방해,건조,맑음,교차로 - 교차로안,승용,남,74세,상해없음,이륜,남,77세,중상
2019100600100175,2019년 10월 6일 11시,일요일,부산광역시 동래구 명륜동,경상사고,0,0,1,0,차대차 - 측면충돌,교차로운행방법위반,건조,맑음,교차로 - 교차로안,승용,남,71세,상해없음,승용,여,56세,경상
2019100600100198,2019년 10월 6일 12시,일요일,부산광역시 북구 만덕동,경상사고,0,0,1,0,차대차 - 후진중충돌,안전운전불이행,건조,맑음,교차로 - 교차로부근,승용,여,33세,상해없음,승합,남,35세,경상
2019100600100227,2019년 10월 6일 13시,일요일,부산광역시 동래구 온천동,경상사고,0,0,1,0,차대차 - 기타,안전운전불이행,건조,맑음,단일로 - 기타,이륜,남,39세,상해없음,이륜,남,26세,경상
2019100600100262,2019년 10월 6일 14시,일요일,부산광역시 금정구 회동동,경상사고,0,0,1,0,차대차 - 추돌,안전거리미확보,건조,흐림,단일로 - 기타,승용,남,73세,상해없음,승용,여,52세,경상
2019100600100297,2019년 10월 6일 15시,일요일,부산광역시 연제구 연산동,중상사고,0,2,1,0,차량단독 - 공작물충돌,안전운전불이행,건조,맑음,단일로 - 기타,승용,여,60세,중상,,,,
2019100600100327,2019년 10월 6일 16시,일요일,부산광역시 동래구 수안동,중상사고,0,1,0,0,차대차 - 정면충돌,중앙선침범,건조,맑음,단일로 - 기타,승용,여,33세,상해없음,승용,남,46세,중상
2019100600100328,2019년 10월 6일 16시,일요일,부산광역시 사하구 하단동,경상사고,0,0,7,0,차대차 - 추돌,안전운전불이행,건조,맑음,단일로 - 기타,승용,여,57세,상해없음,승용,남,36세,경상
2019100600100329,2019년 10월 6일 16시,일요일,부산광역시 강서구 대저1동,경상사고,0,0,1,0,차대차 - 측면충돌,신호위반,건조,맑음,교차로 - 교차로안,승용,남,38세,상해없음,승합,여,52세,경상
2019100600100359,2019년 10월 6일 17시,일요일,부산광역시 동래구 명장동,경상사고,0,0,1,0,차대차 - 측면충돌,중앙선침범,건조,맑음,단일로 - 기타,승용,남,57세,상해없음,이륜,남,18세,경상
2019100600100383,2019년 10월 6일 18시,일요일,부산광역시 동구 초량동,경상사고,0,0,1,0,차대차 - 기타,교차로운행방법위반,건조,맑음,교차로 - 교차로안,이륜,남,36세,경상,승용,남,68세,상해없음
2019100600100384,2019년 10월 6일 18시,일요일,부산광역시 해운대구 좌동,경상사고,0,0,1,1,차대차 - 정면충돌,신호위반,건조,맑음,교차로 - 교차로안,승용,여,52세,부상신고,승용,남,22세,경상
2019100600100385,2019년 10월 6일 18시,일요일,부산광역시 부산진구 양정동,부상신고사고,0,0,0,1,차대사람 - 기타,안전운전불이행,건조,맑음,교차로 - 교차로안,기타불명,기타불명,미분류,기타불명,보행자,여,20세,부상신고
2019100600100386,2019년 10월 6일 18시,일요일,부산광역시 수영구 망미동,중상사고,0,1,0,0,차대차 - 후진중충돌,안전운전불이행,건조,맑음,단일로 - 기타,승합,남,67세,상해없음,승용,여,43세,중상
2019100600100429,2019년 10월 6일 19시,일요일,부산광역시 동래구 온천동,중상사고,0,1,0,0,차대사람 - 횡단중,보행자보호의무위반,건조,맑음,교차로 - 교차로안,승용,남,31세,상해없음,보행자,남,55세,중상
2019100600100430,2019년 10월 6일 19시,일요일,부산광역시 연제구 거제동,경상사고,0,0,1,0,차대차 - 기타,차로위반,건조,맑음,단일로 - 기타,승용,여,27세,상해없음,승용,남,29세,경상