사고번호,사고일시,요일,시군구,사고내용,사망자수,중상자수,경상자수,부상신고자수,사고유형,법규위반,노면상태,기상상태,도로형태,가해운전자 차종,가해운전자 성별,가해운전자 연령,가해운전자 상해정도,피해운전자 차종,피해운전자 성별,피해운전자 연령,피해운전자 상해정도
2019100600100455,2019년 10월 6일 20시,일요일,부산광역시 부산진구 당감동,중상사고,0,1,0,0,차대차 - 추돌,안전거리미확보,건조,맑음,단일로 - 기타,이륜,남,35세,중상,승용,남,31세,상해없음
2019100600100511,2019년 10월 6일 22시,일요일,부산광역시 부산진구 부암동,중상사고,0,1,0,0,차량단독 - 기타,안전운전불이행,건조,맑음,단일로 - 기타,이륜,남,46세,중상,,,,
2019100700100024,2019년 10월 7일 00시,월요일,부산광역시 해운대구 중동,중상사고,0,1,0,0,차대차 - 측면충돌,신호위반,건조,맑음,교차로 - 교차로부근,승용,남,30세,상해없음,이륜,남,42세,중상
2019100700100025,2019년 10월 7일 00시,월요일,부산광역시 금정구 부곡동,중상사고,0,1,0,0,차대사람 - 차도통행중,안전운전불이행,건조,맑음,교차로 - 교차로안,승용,남,31세,상해없음,보행자,남,64세,중상
2019100700100026,2019년 10월 7일 00시,월요일,부산광역시 금정구 서동,부상신고사고,0,0,0,1,차대사람 - 기타,안전운전불이행,건조,맑음,기타 - 기타,기타불명,기타불명,미분류,기타불명,보행자,남,54세,부상신고
2019100700100041,2019년 10월 7일 02시,월요일,부산광역시 연제구 거제동,경상사고,0,0,1,0,차대차 - 측면충돌,안전운전불이행,건조,맑음,단일로 - 기타,승용,남,31세,상해없음,이륜,남,58세,경상
2019100700100064,2019년 10월 7일 05시,월요일,부산광역시 부산진구 부전동,부상신고사고,0,0,0,1,차대차 - 측면충돌,안전운전불이행,건조,맑음,교차로 - 교차로부근,이륜,남,73세,부상신고,화물,남,53세,상해없음
2019100700100103,2019년 10월 7일 07시,월요일,부산광역시 동구 수정동,경상사고,0,0,3,0,차대차 - 기타,안전거리미확보,건조,맑음,단일로 - 터널,승용,남,26세,상해없음,화물,여,53세,경상
2019100700100142,2019년 10월 7일 08시,월요일,부산광역시 영도구 동삼동,경상사고,0,0,1,0,차대차 - 측면충돌,안전거리미확보,건조,맑음,단일로 - 기타,승용,남,61세,상해없음,승용,여,34세,경상
2019100700100143,2019년 10월 7일 08시,월요일,부산광역시 해운대구 반여동,경상사고,0,0,1,0,차대차 - 측면충돌,안전운전불이행,건조,흐림,교차로 - 교차로안,승용,남,65세,상해없음,이륜,남,32세,경상
2019100700100200,2019년 10월 7일 09시,월요일,부산광역시 부산진구 연지동,중상사고,0,1,0,0,차대사람 - 차도통행중,안전운전불이행,건조,맑음,단일로 - 기타,승용,남,45세,상해없음,보행자,남,82세,중상
2019100700100232,2019년 10월 7일 10시,월요일,부산광역시 북구 덕천동,경상사고,0,0,1,0,차대차 - 측면충돌,신호위반,건조,맑음,교차로 - 교차로안,승용,여,58세,상해없음,원동기,남,66세,경상
2019100700100233,2019년 10월 7일 10시,월요일,부산광역시 북구 만덕동,경상사고,0,0,1,0,차대차 - 측면충돌,안전운전불이행,건조,맑음,교차로 - 교차로부근,승합,남,72세,상해없음,승용,남,57세,경상
2019100700100299,2019년 10월 7일 12시,월요일,부산광역시 금정구 장전동,중상사고,0,1,2,0,차대차 - 기타,신호위반,건조,맑음,교차로 - 교차로안,이륜,남,25세,중상,승용,여,53세,경상
2019100700100300,2019년 10월 7일 12시,월요일,부산광역시 사하구 하단동,경상사고,0,0,1,0,차대차 - 측면충돌,안전거리미확보,건조,맑음,단일로 - 기타,건설기계,남,48세,상해없음,승용,여,41세,경상
2019100700100335,2019년 10월 7일 13시,월요일,부산광역시 서구 동대신동3가,중상사고,0,1,0,0,차량단독 - 기타,기타,건조,흐림,단일로 - 기타,승합,남,55세,상해없음,,,,
2019100700100364,2019년 10월 7일 14시,월요일,부산광역시 해운대구 좌동,경상사고,0,0,1,0,차대차 - 추돌,신호위반,건조,맑음,교차로 - 교차로안,이륜,여,26세,상해없음,승용,남,27세,경상
2019100700100365,2019년 10월 7일 14시,월요일,부산광역시 연제구 연산동,부상신고사고,0,0,0,1,차대차 - 추돌,안전운전불이행,건조,맑음,교차로 - 교차로부근,이륜,남,21세,부상신고,승용,남,61세,상해없음
2019100700100407,2019년 10월 7일 15시,월요일,부산광역시 북구 덕천동,부상신고사고,0,0,0,1,차대차 - 기타,안전거리미확보,건조,맑음,단일로 - 기타,승용,여,70세,상해없음,승용,여,51세,부상신고
2019100700100408,2019년 10월 7일 15시,월요일,부산광역시 해운대구 우동,중상사고,0,1,0,0,차대차 - 추돌,안전거리미확보,건조,맑음,교차로 - 교차로부근,승용,남,63세,상해없음,승합,남,60세,중상
2019100700100453,2019년 10월 7일 16시,월요일,부산광역시 부산진구 부전동,경상사고,0,0,1,0,차대사람 - 횡단중,보행자보호의무위반,건조,맑음,단일로 - 기타,승용,남,66세,상해없음,보행자,남,33세,경상
2019100700100480,2019년 10월 7일 17시,월요일,부산광역시 해운대구 재송동,경상사고,0,0,1,0,차대차 - 기타,교차로운행방법위반,젖음/습기,흐림,교차로 - 교차로안,화물,남,40세,상해없음,이륜,남,25세,경상
2019100700100518,2019년 10월 7일 18시,월요일,부산광역시 해운대구 우동,중상사고,0,1,0,0,차대사람 - 기타,안전운전불이행,젖음/습기,비,단일로 - 기타,승용,남,28세,상해없음,보행자,여,70세,중상
2019100700100519,2019년 10월 7일 18시,월요일,부산광역시 부산진구 양정동,중상사고,0,1,0,0,차대차 - 측면충돌,기타,젖음/습기,비,교차로 - 교차로안,승용,남,40세,상해없음,이륜,남,35세,중상
2019100700100520,2019년 10월 7일 18시,월요일,부산광역시 강서구 생곡동,중상사고,0,1,0,0,차대사람 - 기타,안전운전불이행,젖음/습기,비,단일로 - 기타,승용,남,49세,상해없음,보행자,남,48세,중상
2019100700100584,2019년 10월 7일 19시,월요일,부산광역시 영도구 동삼동,중상사고,0,1,0,0,차대차 - 측면충돌,교차로운행방법위반,젖음/습기,비,교차로 - 교차로안,승용,남,58세,상해없음,이륜,남,40세,중상
2019100700100585,2019년 10월 7일 19시,월요일,부산광역시 해운대구 재송동,경상사고,0,0,1,0,차대사람 - 기타,안전운전불이행,건조,맑음,단일로 - 기타,승용,남,57세,상해없음,보행자,여,57세,경상
2019100700100586,2019년 10월 7일 19시,월요일,부산광역시 사하구 신평동,중상사고,0,1,0,0,차대사람 - 기타,안전운전불이행,젖음/습기,비,단일로 - 지하차도(도로)내,승용,여,53세,상해없음,보행자,남,48세,중상
2019100700100587,2019년 10월 7일 19시,월요일,부산광역시 사하구 하단동,경상사고,0,0,1,0,차대차 - 기타,안전운전불이행,젖음/습기,흐림,단일로 - 지하차도(도로)내,화물,남,22세,상해없음,승용,남,36세,경상
2019100700100669,2019년 10월 7일 21시,월요일,부산광역시 남구 대연동,경상사고,0,0,1,0,차대사람 - 기타,안전운전불이행,건조,맑음,단일로 - 기타,이륜,남,20세,상해없음,보행자,여,47세,경상
2019100700100711,2019년 10월 7일 23시,월요일,부산광역시 부산진구 부전동,경상사고,0,0,2,0,차대차 - 측면충돌,신호위반,건조,맑음,교차로 - 교차로안,승용,남,58세,기타불명,승용,남,36세,경상
2019100700100712,2019년 10월 7일 23시,월요일,부산광역시 금정구 부곡동,경상사고,0,0,1,0,차량단독 - 기타,안전운전불이행,건조,맑음,단일로 - 기타,승용,남,65세,상해없음,,,,
2019100800100028,2019년 10월 8일 00시,화요일,부산광역시 해운대구 좌동,경상사고,0,0,1,0,차대차 - 기타,안전운전불이행,건조,맑음,교차로 - 교차로부근,승용,여,42세,상해없음,사륜오토바이(ATV),남,37세,경상
2019100800100045,2019년 10월 8일 01시,화요일,부산광역시 동래구 온천동,중상사고,0,1,0,0,차대사람 - 횡단중,신호위반,젖음/습기,흐림,교차로 - 교차로안,승용,남,59세,상해없음,보행자,남,50세,중상
2019100800100046,2019년 10월 8일 01시,화요일,부산광역시 사하구 감천동,경상사고,0,0,2,0,차대차 - 기타,안전운전불이행,건조,맑음,교차로 - 교차로부근,승용,남,78세,상해없음,승용,남,45세,경상
2019100800100071,2019년 10월 8일 05시,화요일,부산광역시 기장군 정관읍,부상신고사고,0,0,0,1,차대차 - 기타,안전운전불이행,건조,맑음,단일로 - 기타,화물,남,42세,상해없음,승용,남,44세,부상신고
2019100800100089,2019년 10월 8일 06시,화요일,부산광역시 금정구 장전동,경상사고,0,0,1,0,차대차 - 측면충돌,교차로운행방법위반,건조,맑음,교차로 - 교차로안,승용,남,26세,상해없음,승용,남,66세,경상
2019100800100090,2019년 10월 8일 06시,화요일,부산광역시 사하구 장림동,중상사고,0,1,0,0,차대차 - 기타,안전운전불이행,건조,맑음,교차로 - 교차로안,화물,남,57세,상해없음,이륜,남,70세,중상
2019100800100148,2019년 10월 8일 08시,화요일,부산광역시 사하구 괴정동,부상신고사고,0,0,0,1,차대차 - 기타,안전운전불이행,건조,맑음,교차로 - 교차로부근,승용,여,44세,상해없음,이륜,남,68세,부상신고
2019100800100149,2019년 10월 8일 08시,화요일,부산광역시 기장군 철마면,중상사고,0,1,0,0,차대사람 - 길가장자리구역통행중,안전운전불이행,건조,맑음,단일로 - 기타,화물,남,58세,상해없음,보행자,여,67세,중상
2019100800100213,2019년 10월 8일 10시,화요일,부산광역시 금정구 부곡동,부상신고사고,0,0,0,1,차대사람 - 횡단중,보행자보호의무위반,건조,맑음,교차로 - 교차로횡단보도내,화물,남,39세,상해없음,보행자,여,62세,부상신고
2019100800100255,2019년 10월 8일 11시,화요일,부산광역시 수영구 광안동,경상사고,0,0,1,0,차대사람 - 횡단중,보행자보호의무위반,건조,맑음,교차로 - 교차로횡단보도내,승합,여,39세,상해없음,보행자,남,63세,경상
2019100800100256,2019년 10월 8일 11시,화요일,부산광역시 부산진구 양정동,경상사고,0,0,1,0,차대차 - 측면충돌,신호위반,건조,맑음,단일로 - 기타,승용,여,57세,상해없음,자전거,남,37세,경상
2019100800100257,2019년 10월 8일 11시,화요일,부산광역시 금정구 장전동,경상사고,0,0,1,0,차대차 - 추돌,안전운전불이행,건조,맑음,단일로 - 기타,승용,남,59세,상해없음,승용,남,33세,경상
2019100800100258,2019년 10월 8일 11시,화요일,부산광역시 연제구 거제동,경상사고,0,0,1,0,차대차 - 측면충돌,안전운전불이행,건조,맑음,교차로 - 교차로안,승용,여,49세,상해없음,승용,여,49세,경상
2019100800100259,2019년 10월 8일 11시,화요일,부산광역시 강서구 지사동,경상사고,0,0,1,0,차대차 - 기타,안전운전불이행,건조,맑음,교차로 - 교차로안,화물,남,62세,상해없음,승용,여,65세,경상
2019100800100260,2019년 10월 8일 11시,화요일,부산광역시 기장군 정관읍,경상사고,0,0,1,0,차대사람 - 횡단중,보행자보호의무위반,건조,맑음,교차로 - 교차로횡단보도내,승용,여,54세,상해없음,보행자,여,33세,경상
2019100800100291,2019년 10월 8일 12시,화요일,부산광역시 북구 구포동,중상사고,0,1,0,0,차대사람 - 기타,보행자보호의무위반,건조,맑음,교차로 - 교차로횡단보도내,화물,남,36세,상해없음,보행자,여,70세,중상
2019100800100292,2019년 10월 8일 12시,화요일,부산광역시 영도구 청학동,경상사고,0,0,2,0,차대차 - 기타,안전운전불이행,건조,맑음,교차로 - 교차로안,승용,남,36세,상해없음,승용,남,45세,경상
2019100800100293,2019년 10월 8일 12시,화요일,부산광역시 부산진구 부전동,부상신고사고,0,0,0,1,차대차 - 측면충돌,안전운전불이행,건조,맑음,단일로 - 기타,개인형이동수단(PM),남,56세,부상신고,승용,여,57세,상해없음
2019100800100294,2019년 10월 8일 12시,화요일,부산광역시 부산진구 부암동,경상사고,0,0,1,0,차대차 - 측면충돌,안전거리미확보,건조,맑음,단일로 - 기타,승용,남,69세,상해없음,화물,남,66세,경상
2019100800100295,2019년 10월 8일 12시,화요일,부산광역시 사하구 신평동,중상사고,0,1,0,0,차대차 - 기타,직진우회전진행방해,건조,맑음,교차로 - 교차로안,이륜,남,68세,상해없음,이륜,남,54세,중상
2019100800100325,2019년 10월 8일 13시,화요일,부산광역시 수영구 남천동,경상사고,0,0,1,1,차대차 - 측면충돌,안전운전불이행,건조,맑음,기타 - 기타,승용,여,37세,상해없음,화물,남,28세,경상
2019100800100360,2019년 10월 8일 14시,화요일,부산광역시 북구 화명동,경상사고,0,0,1,0,차대차 - 측면충돌,안전운전불이행,건조,맑음,단일로 - 지하차도(도로)내,승용,여,58세,상해없음,승용,남,33세,경상
2019100800100450,2019년 10월 8일 16시,화요일,부산광역시 동래구 사직동,경상사고,0,0,2,0,차대차 - 측면충돌,안전운전불이행,건조,맑음,교차로 - 교차로부근,승용,남,69세,상해없음,승용,여,57세,경상
2019100800100451,2019년 10월 8일 16시,화요일,부산광역시 부산진구 전포동,중상사고,0,1,0,0,차대사람 - 차도통행중,안전운전불이행,건조,맑음,교차로 - 교차로안,승용,여,48세,상해없음,보행자,여,87세,중상
2019100800100491,2019년 10월 8일 17시,화요일,부산광역시 부산진구 부전동,중상사고,0,1,0,0,차대차 - 측면충돌,신호위반,건조,맑음,교차로 - 교차로안,승용,남,21세,상해없음,이륜,여,21세,중상
2019100800100492,2019년 10월 8일 17시,화요일,부산광역시 수영구 수영동,부상신고사고,0,0,0,1,차대사람 - 기타,안전운전불이행,건조,맑음,단일로 - 기타,자전거,남,80세,상해없음,보행자,여,69세,부상신고
2019100800100493,2019년 10월 8일 17시,화요일,부산광역시 연제구 거제동,경상사고,0,0,1,0,차대차 - 측면충돌,안전운전불이행,건조,맑음,단일로 - 기타,승용,남,61세,상해없음,승용,남,37세,경상
2019100800100494,2019년 10월 8일 17시,화요일,부산광역시 강서구 명지동,부상신고사고,0,0,0,1,차대차 - 측면충돌,안전운전불이행,건조,맑음,단일로 - 기타,승용,남,61세,상해없음,화물,남,68세,부상신고
2019100800100547,2019년 10월 8일 18시,화요일,부산광역시 북구 구포동,부상신고사고,0,0,0,1,차량단독 - 공작물충돌,안전운전불이행,건조,맑음,단일로 - 지하차도(도로)내,이륜,남,45세,부상신고,,,,
2019100800100548,2019년 10월 8일 18시,화요일,부산광역시 동래구 칠산동,중상사고,0,3,3,1,차대차 - 추돌,안전운전불이행,건조,맑음,교차로 - 교차로안,승용,남,74세,중상,승용,여,43세,경상
2019100800100621,2019년 10월 8일 19시,화요일,부산광역시 부산진구 부전동,경상사고,0,0,1,0,차대차 - 측면충돌,안전운전불이행,건조,맑음,단일로 - 기타,승용,남,33세,상해없음,승용,남,26세,경상
2019100800100622,2019년 10월 8일 19시,화요일,부산광역시 금정구 부곡동,부상신고사고,0,0,0,1,차대사람 - 기타,안전운전불이행,건조,맑음,단일로 - 기타,승용,여,47세,상해없음,보행자,남,62세,부상신고
2019100800100710,2019년 10월 8일 21시,화요일,부산광역시 수영구 광안동,경상사고,0,0,1,0,차대사람 - 기타,안전운전불이행,건조,맑음,단일로 - 기타,승용,남,30세,상해없음,보행자,남,32세,경상
2019100800100711,2019년 10월 8일 21시,화요일,부산광역시 북구 덕천동,중상사고,0,1,1,0,차대차 - 추돌,안전운전불이행,건조,맑음,교차로 - 교차로부근,승용,남,22세,상해없음,화물,남,60세,경상
2019100800100712,2019년 10월 8일 21시,화요일,부산광역시 해운대구 반여동,경상사고,0,0,1,0,차대사람 - 횡단중,보행자보호의무위반,건조,맑음,교차로 - 교차로횡단보도내,승용,남,30세,상해없음,보행자,남,25세,경상
2019100800100713,2019년 10월 8일 21시,화요일,부산광역시 연제구 거제동,경상사고,0,0,1,0,차대사람 - 횡단중,안전운전불이행,건조,맑음,교차로 - 교차로안,승용,남,49세,상해없음,보행자,여,41세,경상
2019100800100714,2019년 10월 8일 21시,화요일,부산광역시 연제구 연산동,경상사고,0,0,1,0,차대사람 - 횡단중,보행자보호의무위반,건조,맑음,교차로 - 교차로횡단보도내,승용,여,44세,상해없음,보행자,남,67세,경상
2019100800100736,2019년 10월 8일 22시,화요일,부산광역시 북구 구포동,중상사고,0,1,0,0,차대사람 - 기타,안전운전불이행,건조,맑음,교차로 - 교차로안,화물,남,26세,상해없음,보행자,여,54세,중상
2019100800100737,2019년 10월 8일 22시,화요일,부산광역시 해운대구 우동,경상사고,0,0,1,0,차대차 - 측면충돌,신호위반,건조,맑음,교차로 - 교차로안,이륜,남,21세,경상,승용,남,67세,상해없음
2019100800100780,2019년 10월 8일 23시,화요일,부산광역시 수영구 민락동,경상사고,0,0,1,0,차대차 - 기타,교차로운행방법위반,건조,맑음,교차로 - 교차로안,승용,남,58세,상해없음,승용,남,53세,경상
2019100800100781,2019년 10월 8일 23시,화요일,부산광역시 부산진구 가야동,중상사고,0,1,0,0,차대차 - 추돌,안전거리미확보,건조,맑음,단일로 - 기타,승용,남,45세,상해없음,이륜,남,40세,중상
2019100800100782,2019년 10월 8일 23시,화요일,부산광역시 사하구 장림동,중상사고,0,1,1,0,차대차 - 추돌,안전운전불이행,건조,맑음,교차로 - 교차로안,승용,남,39세,상해없음,승용,남,67세,중상
2019100900100024,2019년 10월 9일 00시,수요일,부산광역시 해운대구 중동,경상사고,0,0,1,0,차대차 - 정면충돌,신호위반,건조,맑음,교차로 - 교차로안,승용,여,24세,상해없음,승용,남,52세,경상
2019100900100052,2019년 10월 9일 01시,수요일,부산광역시 부산진구 부전동,부상신고사고,0,0,0,1,차대차 - 측면충돌,신호위반,건조,맑음,교차로 - 교차로안,이륜,남,42세,부상신고,승용,남,67세,상해없음
2019100900100053,2019년 10월 9일 01시,수요일,부산광역시 사상구 괘법동,부상신고사고,0,0,0,1,차대사람 - 차도통행중,안전운전불이행,건조,맑음,단일로 - 기타,승용,남,27세,상해없음,보행자,남,22세,부상신고
2019100900100093,2019년 10월 9일 04시,수요일,부산광역시 사상구 감전동,경상사고,0,0,1,0,차대차 - 추돌,안전운전불이행,건조,맑음,교차로 - 교차로부근,승용,남,41세,상해없음,승용,여,54세,경상
2019100900100109,2019년 10월 9일 06시,수요일,부산광역시 부산진구 당감동,경상사고,0,0,1,0,차대차 - 측면충돌,신호위반,건조,맑음,교차로 - 교차로안,승합,남,48세,상해없음,승용,여,50세,경상
2019100900100110,2019년 10월 9일 06시,수요일,부산광역시 사상구 괘법동,중상사고,0,1,0,1,차대차 - 측면충돌,신호위반,건조,맑음,교차로 - 교차로안,이륜,남,76세,중상,승용,남,75세,부상신고
2019100900100141,2019년 10월 9일 08시,수요일,부산광역시 서구 남부민동,경상사고,0,0,1,0,차대사람 - 횡단중,보행자보호의무위반,건조,맑음,교차로 - 교차로부근,승용,여,51세,상해없음,보행자,남,62세,경상
2019100900100142,2019년 10월 9일 08시,수요일,부산광역시 해운대구 우동,경상사고,0,0,1,0,차대차 - 측면충돌,안전거리미확보,건조,맑음,교차로 - 교차로부근,이륜,남,54세,상해없음,승용,남,37세,경상
2019100900100164,2019년 10월 9일 09시,수요일,부산광역시 수영구 민락동,중상사고,0,1,0,0,차대사람 - 횡단중,안전운전불이행,건조,맑음,교차로 - 교차로안,승용,남,63세,상해없음,보행자,여,71세,중상
2019100900100165,2019년 10월 9일 09시,수요일,부산광역시 수영구 남천동,경상사고,0,0,1,0,차대차 - 측면충돌,차로위반,건조,맑음,교차로 - 교차로부근,승용,남,74세,상해없음,승용,남,27세,상해없음
2019100900100166,2019년 10월 9일 09시,수요일,부산광역시 영도구 동삼동,경상사고,0,0,3,0,차대차 - 추돌,신호위반,건조,맑음,교차로 - 교차로안,승용,여,43세,상해없음,승합,남,59세,경상
2019100900100167,2019년 10월 9일 09시,수요일,부산광역시 금정구 구서동,경상사고,0,0,2,0,차대차 - 추돌,안전운전불이행,건조,맑음,단일로 - 기타,승용,여,48세,상해없음,승용,여,49세,경상
2019100900100223,2019년 10월 9일 11시,수요일,부산광역시 남구 용호동,중상사고,0,1,0,0,차대차 - 측면충돌,안전운전불이행,건조,맑음,단일로 - 기타,승용,남,37세,상해없음,이륜,남,40세,중상
2019100900100250,2019년 10월 9일 12시,수요일,부산광역시 부산진구 양정동,중상사고,0,1,0,0,차대차 - 측면충돌,신호위반,건조,맑음,단일로 - 기타,승용,여,33세,상해없음,자전거,남,68세,중상
2019100900100251,2019년 10월 9일 12시,수요일,부산광역시 사하구 신평동,경상사고,0,0,1,0,차대차 - 측면충돌,안전운전불이행,건조,맑음,교차로 - 교차로안,승용,남,24세,상해없음,이륜,남,43세,경상
2019100900100252,2019년 10월 9일 12시,수요일,부산광역시 연제구 거제동,경상사고,0,0,1,0,차대사람 - 보도통행중,신호위반,건조,맑음,교차로 - 교차로횡단보도내,자전거,여,72세,상해없음,보행자,남,40세,경상
2019100900100253,2019년 10월 9일 12시,수요일,부산광역시 사상구 감전동,부상신고사고,0,0,0,2,차대차 - 기타,안전운전불이행,건조,맑음,단일로 - 기타,화물,여,37세,부상신고,승용,여,36세,부상신고
2019100900100254,2019년 10월 9일 12시,수요일,부산광역시 금정구 두구동,경상사고,0,0,5,0,차대차 - 추돌,안전운전불이행,건조,맑음,단일로 - 기타,승용,여,41세,경상,승용,남,49세,경상
2019100900100289,2019년 10월 9일 13시,수요일,부산광역시 서구 동대신동3가,중상사고,0,3,3,0,차대차 - 추돌,안전운전불이행,건조,맑음,교차로 - 교차로부근,승용,남,75세,상해없음,승용,남,70세,경상
2019100900100290,2019년 10월 9일 13시,수요일,부산광역시 동래구 안락동,경상사고,0,0,2,0,차대차 - 기타,중앙선침범,건조,맑음,기타 - 기타,승용,남,35세,상해없음,승용,남,36세,경상
2019100900100325,2019년 10월 9일 14시,수요일,부산광역시 강서구 대저2동,경상사고,0,0,1,0,차대차 - 측면충돌,안전거리미확보,건조,맑음,단일로 - 기타,승용,여,45세,상해없음,화물,남,46세,경상
2019100900100356,2019년 10월 9일 15시,수요일,부산광역시 연제구 연산동,경상사고,0,0,1,0,차대차 - 기타,안전운전불이행,건조,맑음,교차로 - 교차로안,승용,여,71세,상해없음,이륜,남,45세,경상
2019100900100357,2019년 10월 9일 15시,수요일,부산광역시 연제구 연산동,중상사고,0,1,2,0,차대차 - 측면충돌,기타,건조,맑음,교차로 - 교차로안,화물,남,51세,경상,이륜,남,28세,경상
2019100900100358,2019년 10월 9일 15시,수요일,부산광역시 연제구 연산동,경상사고,0,0,1,0,차대차 - 측면충돌,교차로운행방법위반,건조,맑음,교차로 - 교차로안,화물,남,55세,상해없음,승용,여,58세,경상
2019100900100397,2019년 10월 9일 16시,수요일,부산광역시 동래구 사직동,부상신고사고,0,0,0,1,차대차 - 기타,안전운전불이행,건조,맑음,단일로 - 기타,승용,남,39세,상해없음,승합,남,60세,상해없음
2019100900100398,2019년 10월 9일 16시,수요일,부산광역시 금정구 노포동,중상사고,0,1,0,0,차대차 - 측면충돌,안전운전불이행,건조,맑음,교차로 - 교차로안,승용,남,75세,상해없음,원동기,남,28세,중상
2019100900100399,2019년 10월 9일 16시,수요일,부산광역시 기장군 철마면,경상사고,0,0,1,0,차대사람 - 기타,안전운전불이행,건조,맑음,단일로 - 기타,승합,남,75세,상해없음,보행자,여,56세,경상
2019100900100436,2019년 10월 9일 17시,수요일,부산광역시 영도구 영선동4가,중상사고,0,1,0,0,차량단독 - 기타,안전운전불이행,건조,맑음,단일로 - 기타,화물,남,63세,중상,,,,
2019100900100437,2019년 10월 9일 17시,수요일,부산광역시 금정구 서동,부상신고사고,0,0,0,1,차대사람 - 기타,안전운전불이행,건조,맑음,기타 - 기타,이륜,남,37세,기타불명,보행자,남,53세,부상신고
2019100900100477,2019년 10월 9일 18시,수요일,부산광역시 북구 덕천동,중상사고,0,1,0,0,차대사람 - 기타,안전운전불이행,건조,맑음,교차로 - 교차로안,승용,남,67세,상해없음,보행자,여,80세,중상
2019100900100478,2019년 10월 9일 18시,수요일,부산광역시 수영구 망미동,경상사고,0,0,1,0,차대사람 - 횡단중,안전운전불이행,건조,맑음,교차로 - 교차로안,화물,남,64세,상해없음,보행자,남,80세,경상
2019100900100479,2019년 10월 9일 18시,수요일,부산광역시 사상구 엄궁동,중상사고,0,1,0,0,차대사람 - 횡단중,안전운전불이행,건조,맑음,교차로 - 교차로안,승용,남,26세,상해없음,보행자,여,68세,중상
2019100900100520,2019년 10월 9일 19시,수요일,부산광역시 동구 좌천동,경상사고,0,0,1,0,차대차 - 기타,안전거리미확보,건조,맑음,단일로 - 기타,승용,남,41세,상해없음,승용,남,50세,경상
2019100900100521,2019년 10월 9일 19시,수요일,부산광역시 부산진구 범천동,중상사고,0,1,0,0,차량단독 - 기타,기타,건조,맑음,단일로 - 기타,승합,남,58세,상해없음,,,,
2019100900100522,2019년 10월 9일 19시,수요일,부산광역시 금정구 구서동,중상사고,0,1,1,0,차대사람 - 기타,신호위반,건조,맑음,교차로 - 교차로횡단보도내,이륜,남,23세,상해없음,보행자,남,39세,중상
2019100900100563,2019년 10월 9일 20시,수요일,부산광역시 북구 구포동,부상신고사고,0,0,0,1,차대차 - 기타,안전운전불이행,건조,맑음,교차로 - 교차로부근,자전거,남,13세,부상신고,화물,남,65세,상해없음
2019100900100564,2019년 10월 9일 20시,수요일,부산광역시 부산진구 부전동,경상사고,0,0,1,0,차대사람 - 기타,안전운전불이행,건조,맑음,단일로 - 기타,승용,남,23세,상해없음,보행자,남,24세,경상
2019100900100600,2019년 10월 9일 21시,수요일,부산광역시 금정구 장전동,경상사고,0,0,1,0,차대사람 - 기타,안전운전불이행,건조,맑음,기타 - 기타,승용,여,67세,상해없음,보행자,여,21세,경상
2019100900100619,2019년 10월 9일 22시,수요일,부산광역시 사하구 신평동,중상사고,0,1,0,0,차대사람 - 기타,안전운전불이행,건조,맑음,교차로 - 교차로부근,승용,남,63세,상해없음,보행자,남,57세,중상
2019100900100646,2019년 10월 9일 23시,수요일,부산광역시 동래구 사직동,경상사고,0,0,1,0,차대차 - 측면충돌,안전운전불이행,건조,맑음,교차로 - 교차로안,승용,남,31세,상해없음,승용,남,51세,경상
2019100900100647,2019년 10월 9일 23시,수요일,부산광역시 연제구 연산동,중상사고,0,1,0,0,차대차 - 기타,신호위반,건조,맑음,단일로 - 기타,이륜,남,59세,상해없음,이륜,남,30세,중상
2019101000100024,2019년 10월 10일 00시,목요일,부산광역시 북구 구포동,경상사고,0,0,1,0,차량단독 - 기타,안전운전불이행,건조,맑음,단일로 - 기타,이륜,남,40세,경상,,,,
2019101000100025,2019년 10월 10일 00시,목요일,부산광역시 부산진구 부전동,중상사고,0,1,0,0,차대사람 - 횡단중,보행자보호의무위반,건조,맑음,교차로 - 교차로부근,승용,남,67세,상해없음,보행자,남,59세,중상
2019101000100051,2019년 10월 10일 05시,목요일,부산광역시 부산진구 당감동,경상사고,0,0,1,0,차대사람 - 기타,안전운전불이행,건조,맑음,기타 - 기타,승용,남,66세,상해없음,보행자,여,22세,경상
2019101000100067,2019년 10월 10일 06시,목요일,부산광역시 강서구 대저2동,중상사고,0,1,0,0,차대차 - 기타,불법유턴,건조,맑음,교차로 - 교차로부근,자전거,남,86세,중상,승용,남,46세,상해없음
2019101000100068,2019년 10월 10일 06시,목요일,부산광역시 강서구 강동동,사망사고,1,1,4,0,차대차 - 추돌,안전거리미확보,건조,맑음,단일로 - 교량,특수,남,40세,상해없음,승용,남,56세,사망
2019101000100084,2019년 10월 10일 07시,목요일,부산광역시 해운대구 반여동,부상신고사고,0,0,0,1,차대차 - 기타,안전운전불이행,건조,맑음,단일로 - 기타,승용,남,50세,상해없음,승용,남,33세,부상신고
2019101000100117,2019년 10월 10일 08시,목요일,부산광역시 남구 대연동,중상사고,0,1,0,0,차대사람 - 길가장자리구역통행중,안전운전불이행,건조,맑음,교차로 - 교차로안,승용,여,45세,상해없음,보행자,여,70세,중상