사고번호,사고일시,요일,시군구,사고내용,사망자수,중상자수,경상자수,부상신고자수,사고유형,법규위반,노면상태,기상상태,도로형태,가해운전자 차종,가해운전자 성별,가해운전자 연령,가해운전자 상해정도,피해운전자 차종,피해운전자 성별,피해운전자 연령,피해운전자 상해정도
2019101000100118,2019년 10월 10일 08시,목요일,부산광역시 수영구 남천동,경상사고,0,0,1,0,차대사람 - 기타,안전운전불이행,건조,맑음,교차로 - 교차로부근,기타불명,기타불명,미분류,기타불명,보행자,여,76세,경상
2019101000100119,2019년 10월 10일 08시,목요일,부산광역시 연제구 거제동,부상신고사고,0,0,0,1,차대차 - 추돌,안전거리미확보,건조,맑음,단일로 - 기타,이륜,남,17세,부상신고,승용,여,51세,상해없음
2019101000100177,2019년 10월 10일 09시,목요일,부산광역시 해운대구 반여동,경상사고,0,0,1,0,차대차 - 측면충돌,중앙선침범,건조,맑음,단일로 - 기타,화물,남,25세,상해없음,화물,남,50세,경상
2019101000100178,2019년 10월 10일 09시,목요일,부산광역시 기장군 정관읍,경상사고,0,0,1,0,차대차 - 추돌,안전거리미확보,건조,맑음,단일로 - 기타,화물,남,48세,상해없음,기타불명,기타불명,미분류,기타불명
2019101000100200,2019년 10월 10일 10시,목요일,부산광역시 북구 구포동,중상사고,0,1,4,0,차대차 - 추돌,안전운전불이행,건조,맑음,단일로 - 기타,승용,남,40세,상해없음,승용,여,43세,경상
2019101000100201,2019년 10월 10일 10시,목요일,부산광역시 사하구 괴정동,부상신고사고,0,0,0,1,차대차 - 추돌,안전거리미확보,건조,맑음,단일로 - 기타,원동기,남,19세,부상신고,승용,여,35세,상해없음
2019101000100202,2019년 10월 10일 10시,목요일,부산광역시 사하구 장림동,경상사고,0,0,1,0,차대차 - 기타,안전운전불이행,건조,맑음,교차로 - 교차로부근,승합,남,46세,상해없음,화물,남,52세,상해없음
2019101000100203,2019년 10월 10일 10시,목요일,부산광역시 연제구 연산동,경상사고,0,0,1,0,차대사람 - 기타,안전운전불이행,건조,맑음,단일로 - 기타,승용,남,65세,상해없음,보행자,남,59세,경상
2019101000100204,2019년 10월 10일 10시,목요일,부산광역시 사상구 덕포동,경상사고,0,0,1,0,차대사람 - 횡단중,보행자보호의무위반,건조,맑음,교차로 - 교차로횡단보도내,승용,남,61세,상해없음,보행자,남,71세,경상
2019101000100271,2019년 10월 10일 12시,목요일,부산광역시 서구 동대신동1가,경상사고,0,0,2,0,차대차 - 측면충돌,안전운전불이행,건조,맑음,단일로 - 기타,승용,여,36세,상해없음,승용,남,38세,경상
2019101000100272,2019년 10월 10일 12시,목요일,부산광역시 해운대구 반송동,경상사고,0,0,1,0,차대사람 - 기타,안전운전불이행,건조,맑음,단일로 - 기타,승용,남,50세,상해없음,보행자,여,82세,경상
2019101000100273,2019년 10월 10일 12시,목요일,부산광역시 해운대구 중동,경상사고,0,0,1,0,차대사람 - 기타,안전운전불이행,건조,맑음,교차로 - 교차로부근,승용,여,32세,상해없음,보행자,여,55세,경상
2019101000100304,2019년 10월 10일 13시,목요일,부산광역시 동구 초량동,경상사고,0,0,3,0,차대차 - 측면충돌,교차로운행방법위반,건조,맑음,교차로 - 교차로안,승용,남,26세,상해없음,승용,남,55세,경상
2019101000100346,2019년 10월 10일 14시,목요일,부산광역시 부산진구 개금동,중상사고,0,1,0,0,차대사람 - 차도통행중,안전운전불이행,건조,맑음,교차로 - 교차로안,승용,남,40세,상해없음,보행자,남,68세,중상
2019101000100347,2019년 10월 10일 14시,목요일,부산광역시 부산진구 가야동,경상사고,0,0,1,0,차대사람 - 보도통행중,기타,건조,맑음,단일로 - 기타,승용,남,49세,상해없음,보행자,남,74세,경상
2019101000100388,2019년 10월 10일 15시,목요일,부산광역시 수영구 남천동,경상사고,0,0,1,0,차대차 - 측면충돌,신호위반,건조,맑음,교차로 - 교차로안,승용,남,78세,상해없음,이륜,남,28세,경상
2019101000100389,2019년 10월 10일 15시,목요일,부산광역시 동래구 명륜동,중상사고,0,1,0,0,차대사람 - 기타,안전운전불이행,건조,맑음,단일로 - 기타,화물,남,41세,상해없음,보행자,여,71세,중상
2019101000100390,2019년 10월 10일 15시,목요일,부산광역시 영도구 남항동1가,경상사고,0,0,1,0,차대차 - 기타,안전운전불이행,건조,맑음,단일로 - 기타,특수,남,58세,상해없음,이륜,남,22세,경상
2019101000100391,2019년 10월 10일 15시,목요일,부산광역시 부산진구 전포동,중상사고,0,1,0,0,차대차 - 기타,안전운전불이행,건조,맑음,단일로 - 기타,자전거,남,75세,중상,승용,여,24세,상해없음
2019101000100440,2019년 10월 10일 16시,목요일,부산광역시 서구 동대신동2가,부상신고사고,0,0,0,1,차대차 - 측면충돌,안전운전불이행,건조,맑음,단일로 - 기타,원동기,남,31세,부상신고,승용,기타불명,미분류,기타불명
2019101000100441,2019년 10월 10일 16시,목요일,부산광역시 북구 화명동,경상사고,0,0,1,0,차대차 - 기타,중앙선침범,건조,맑음,단일로 - 기타,승합,남,49세,상해없음,이륜,남,27세,경상
2019101000100442,2019년 10월 10일 16시,목요일,부산광역시 북구 구포동,경상사고,0,0,1,0,차대차 - 측면충돌,교차로운행방법위반,건조,맑음,교차로 - 교차로안,승용,남,46세,상해없음,원동기,여,57세,경상
2019101000100443,2019년 10월 10일 16시,목요일,부산광역시 부산진구 가야동,중상사고,0,1,0,0,차대사람 - 보도통행중,기타,건조,맑음,단일로 - 기타,화물,남,28세,상해없음,보행자,남,78세,중상
2019101000100444,2019년 10월 10일 16시,목요일,부산광역시 사하구 신평동,경상사고,0,0,2,0,차대차 - 기타,안전운전불이행,건조,맑음,단일로 - 지하차도(도로)내,승용,여,47세,경상,승용,남,27세,경상
2019101000100445,2019년 10월 10일 16시,목요일,부산광역시 연제구 거제동,경상사고,0,0,2,0,차대차 - 추돌,안전운전불이행,건조,맑음,단일로 - 기타,화물,남,24세,상해없음,승용,남,62세,경상
2019101000100485,2019년 10월 10일 17시,목요일,부산광역시 북구 덕천동,경상사고,0,0,1,0,차대사람 - 기타,안전운전불이행,건조,맑음,단일로 - 기타,화물,남,55세,상해없음,보행자,여,83세,경상
2019101000100524,2019년 10월 10일 18시,목요일,부산광역시 수영구 망미동,중상사고,0,1,0,0,차대사람 - 횡단중,안전운전불이행,건조,맑음,교차로 - 교차로부근,승용,남,55세,상해없음,보행자,남,33세,중상
2019101000100525,2019년 10월 10일 18시,목요일,부산광역시 사상구 모라동,중상사고,0,2,1,0,차대차 - 측면충돌,기타,건조,맑음,교차로 - 교차로안,이륜,남,16세,중상,승용,남,37세,상해없음
2019101000100579,2019년 10월 10일 19시,목요일,부산광역시 중구 남포동5가,경상사고,0,0,1,0,차대차 - 기타,안전운전불이행,건조,맑음,교차로 - 교차로부근,승합,남,59세,상해없음,이륜,남,46세,경상
2019101000100580,2019년 10월 10일 19시,목요일,부산광역시 사상구 덕포동,중상사고,0,1,0,0,차대차 - 기타,안전운전불이행,건조,맑음,단일로 - 기타,승용,남,41세,상해없음,승용,남,61세,중상
2019101000100630,2019년 10월 10일 20시,목요일,부산광역시 남구 대연동,경상사고,0,0,1,0,차대차 - 기타,안전운전불이행,건조,맑음,교차로 - 교차로안,승용,남,49세,상해없음,승용,남,43세,경상
2019101000100631,2019년 10월 10일 20시,목요일,부산광역시 해운대구 좌동,경상사고,0,0,1,0,차대차 - 추돌,안전운전불이행,건조,맑음,교차로 - 교차로부근,승용,남,56세,상해없음,승용,남,34세,경상
2019101000100632,2019년 10월 10일 20시,목요일,부산광역시 사하구 장림동,경상사고,0,0,1,0,차대차 - 기타,안전운전불이행,건조,맑음,단일로 - 기타,승용,남,52세,상해없음,이륜,남,41세,경상
2019101000100668,2019년 10월 10일 21시,목요일,부산광역시 강서구 명지동,중상사고,0,1,1,0,차대차 - 측면충돌,신호위반,건조,맑음,교차로 - 교차로안,승합,남,62세,경상,승용,남,42세,중상
2019101000100701,2019년 10월 10일 22시,목요일,부산광역시 남구 대연동,중상사고,0,1,0,0,차대사람 - 길가장자리구역통행중,안전운전불이행,건조,맑음,교차로 - 교차로부근,승용,남,29세,상해없음,보행자,여,17세,중상
2019101000100702,2019년 10월 10일 22시,목요일,부산광역시 부산진구 부암동,부상신고사고,0,0,0,1,차대차 - 기타,신호위반,건조,맑음,교차로 - 교차로안,승용,여,30세,상해없음,이륜,남,25세,부상신고
2019101100100065,2019년 10월 11일 02시,금요일,부산광역시 부산진구 부전동,경상사고,0,0,2,0,차대차 - 측면충돌,중앙선침범,건조,맑음,단일로 - 기타,화물,남,47세,상해없음,승용,남,72세,상해없음
2019101100100071,2019년 10월 11일 03시,금요일,부산광역시 서구 충무동3가,경상사고,0,0,4,0,차대차 - 추돌,안전거리미확보,건조,맑음,교차로 - 교차로부근,승용,남,24세,상해없음,승용,남,22세,경상
2019101100100077,2019년 10월 11일 04시,금요일,부산광역시 해운대구 우동,경상사고,0,0,2,0,차대차 - 측면충돌,교차로운행방법위반,건조,맑음,교차로 - 교차로안,승용,남,44세,상해없음,승용,남,78세,경상
2019101100100092,2019년 10월 11일 06시,금요일,부산광역시 강서구 봉림동,경상사고,0,0,1,0,차대차 - 추돌,안전거리미확보,건조,맑음,교차로 - 교차로부근,특수,남,31세,상해없음,특수,남,59세,상해없음
2019101100100140,2019년 10월 11일 08시,금요일,부산광역시 금정구 부곡동,부상신고사고,0,0,0,1,차대차 - 기타,중앙선침범,건조,맑음,단일로 - 기타,원동기,남,79세,부상신고,승용,여,45세,상해없음
2019101100100184,2019년 10월 11일 09시,금요일,부산광역시 동래구 사직동,부상신고사고,0,0,0,1,차대차 - 추돌,안전운전불이행,건조,맑음,교차로 - 교차로부근,자전거,여,65세,부상신고,승용,여,37세,상해없음
2019101100100185,2019년 10월 11일 09시,금요일,부산광역시 사상구 모라동,경상사고,0,0,1,0,차대차 - 측면충돌,차로위반,건조,맑음,단일로 - 기타,승용,남,53세,상해없음,승용,남,34세,경상
2019101100100226,2019년 10월 11일 10시,금요일,부산광역시 동구 범일동,중상사고,0,2,0,0,차대차 - 측면충돌,차로위반,건조,맑음,단일로 - 고가도로위,특수,남,60세,상해없음,승용,남,33세,중상
2019101100100227,2019년 10월 11일 10시,금요일,부산광역시 사하구 다대동,경상사고,0,0,2,0,차대사람 - 기타,안전운전불이행,건조,맑음,교차로 - 교차로안,이륜,남,30세,경상,보행자,여,55세,경상
2019101100100228,2019년 10월 11일 10시,금요일,부산광역시 기장군 일광면,중상사고,0,2,0,0,차대사람 - 기타,기타,건조,맑음,기타 - 기타,승용,남,76세,상해없음,보행자,남,19세,중상
2019101100100258,2019년 10월 11일 11시,금요일,부산광역시 서구 서대신동1가,중상사고,0,1,1,0,차대차 - 측면충돌,안전거리미확보,건조,맑음,단일로 - 기타,이륜,남,61세,중상,이륜,남,57세,경상
2019101100100259,2019년 10월 11일 11시,금요일,부산광역시 동래구 온천동,경상사고,0,0,1,0,차대차 - 기타,안전운전불이행,건조,맑음,단일로 - 기타,승용,남,42세,상해없음,승용,여,38세,경상
2019101100100260,2019년 10월 11일 11시,금요일,부산광역시 동래구 명장동,경상사고,0,0,1,1,차대차 - 측면충돌,안전거리미확보,건조,맑음,단일로 - 기타,승용,여,70세,부상신고,승용,여,63세,경상
2019101100100261,2019년 10월 11일 11시,금요일,부산광역시 해운대구 재송동,중상사고,0,1,1,0,차대차 - 추돌,안전거리미확보,건조,맑음,단일로 - 기타,화물,남,66세,상해없음,화물,남,42세,상해없음
2019101100100262,2019년 10월 11일 11시,금요일,부산광역시 강서구 명지동,중상사고,0,1,0,0,차대차 - 추돌,안전운전불이행,건조,맑음,교차로 - 교차로부근,화물,남,59세,상해없음,승용,남,61세,중상
2019101100100263,2019년 10월 11일 11시,금요일,부산광역시 강서구 대저1동,경상사고,0,0,1,0,차대차 - 측면충돌,안전거리미확보,건조,맑음,단일로 - 기타,화물,남,54세,상해없음,승용,여,49세,경상
2019101100100295,2019년 10월 11일 12시,금요일,부산광역시 동구 초량동,경상사고,0,0,1,0,차대사람 - 기타,안전운전불이행,건조,맑음,단일로 - 기타,승용,남,75세,상해없음,보행자,남,25세,경상
2019101100100296,2019년 10월 11일 12시,금요일,부산광역시 부산진구 부전동,부상신고사고,0,0,0,1,차대차 - 측면충돌,교차로운행방법위반,건조,맑음,교차로 - 교차로안,이륜,남,37세,부상신고,승용,남,63세,상해없음
2019101100100297,2019년 10월 11일 12시,금요일,부산광역시 사상구 학장동,부상신고사고,0,0,0,1,차대차 - 측면충돌,안전운전불이행,건조,맑음,단일로 - 기타,이륜,남,20세,부상신고,건설기계,남,59세,상해없음
2019101100100298,2019년 10월 11일 12시,금요일,부산광역시 사상구 주례동,부상신고사고,0,0,0,1,차대차 - 측면충돌,직진우회전진행방해,건조,맑음,교차로 - 교차로안,이륜,남,42세,부상신고,승용,남,21세,상해없음
2019101100100329,2019년 10월 11일 13시,금요일,부산광역시 동구 초량동,경상사고,0,0,1,0,차대차 - 기타,신호위반,건조,맑음,교차로 - 교차로안,승용,여,24세,상해없음,승용,남,69세,상해없음
2019101100100330,2019년 10월 11일 13시,금요일,부산광역시 남구 대연동,사망사고,1,0,0,0,차대사람 - 기타,안전운전불이행,건조,맑음,교차로 - 교차로안,승용,남,79세,상해없음,보행자,여,75세,사망
2019101100100331,2019년 10월 11일 13시,금요일,부산광역시 해운대구 우동,경상사고,0,0,1,0,차대차 - 추돌,안전운전불이행,건조,맑음,단일로 - 기타,승용,여,54세,상해없음,승용,여,31세,경상
2019101100100332,2019년 10월 11일 13시,금요일,부산광역시 사상구 학장동,중상사고,0,2,0,0,차대차 - 측면충돌,중앙선침범,건조,맑음,단일로 - 기타,승용,남,57세,중상,승용,여,68세,상해없음
2019101100100358,2019년 10월 11일 14시,금요일,부산광역시 수영구 남천동,경상사고,0,0,1,0,차대차 - 기타,안전운전불이행,건조,맑음,기타 - 기타,승용,남,69세,상해없음,이륜,남,38세,경상
2019101100100359,2019년 10월 11일 14시,금요일,부산광역시 수영구 민락동,경상사고,0,0,1,0,차대차 - 추돌,안전운전불이행,건조,맑음,단일로 - 기타,승용,여,37세,상해없음,승용,여,41세,경상
2019101100100360,2019년 10월 11일 14시,금요일,부산광역시 강서구 명지동,경상사고,0,0,1,0,차대사람 - 횡단중,보행자보호의무위반,건조,맑음,단일로 - 기타,승용,남,27세,상해없음,보행자,여,10세,경상
2019101100100437,2019년 10월 11일 16시,금요일,부산광역시 남구 용호동,중상사고,0,1,0,0,차대차 - 기타,교차로운행방법위반,건조,맑음,교차로 - 교차로안,자전거,남,72세,중상,승용,여,59세,상해없음
2019101100100438,2019년 10월 11일 16시,금요일,부산광역시 부산진구 당감동,경상사고,0,0,1,0,차대사람 - 횡단중,안전운전불이행,건조,맑음,단일로 - 기타,승용,여,63세,상해없음,보행자,여,9세,경상
2019101100100439,2019년 10월 11일 16시,금요일,부산광역시 부산진구 부전동,경상사고,0,0,1,0,차대사람 - 횡단중,안전운전불이행,건조,맑음,단일로 - 기타,화물,남,44세,상해없음,보행자,여,22세,경상
2019101100100440,2019년 10월 11일 16시,금요일,부산광역시 부산진구 당감동,경상사고,0,0,1,0,차대차 - 기타,안전운전불이행,건조,맑음,단일로 - 기타,승용,남,17세,상해없음,승용,남,28세,경상
2019101100100441,2019년 10월 11일 16시,금요일,부산광역시 사상구 모라동,경상사고,0,0,1,0,차대사람 - 기타,안전운전불이행,건조,맑음,교차로 - 교차로부근,승용,여,51세,상해없음,보행자,남,64세,경상
2019101100100499,2019년 10월 11일 17시,금요일,부산광역시 중구 보수동1가,경상사고,0,0,4,0,차대차 - 추돌,안전운전불이행,건조,맑음,교차로 - 교차로부근,승용,여,57세,상해없음,승용,남,44세,경상
2019101100100500,2019년 10월 11일 17시,금요일,부산광역시 남구 감만동,경상사고,0,0,1,1,차대차 - 추돌,교차로운행방법위반,건조,맑음,교차로 - 교차로안,승용,남,28세,상해없음,승용,남,41세,경상
2019101100100501,2019년 10월 11일 17시,금요일,부산광역시 해운대구 우동,중상사고,0,1,0,0,차대차 - 추돌,안전운전불이행,건조,맑음,단일로 - 기타,개인형이동수단(PM),남,35세,중상,승용,남,44세,상해없음
2019101100100502,2019년 10월 11일 17시,금요일,부산광역시 부산진구 전포동,경상사고,0,0,1,0,차대사람 - 기타,안전운전불이행,건조,맑음,기타 - 기타,승용,남,25세,상해없음,보행자,남,15세,경상
2019101100100503,2019년 10월 11일 17시,금요일,부산광역시 사하구 괴정동,경상사고,0,0,1,0,차대사람 - 기타,안전운전불이행,건조,맑음,단일로 - 기타,승용,여,39세,상해없음,보행자,남,77세,경상
2019101100100557,2019년 10월 11일 18시,금요일,부산광역시 사하구 장림동,경상사고,0,0,1,0,차대차 - 기타,안전운전불이행,건조,맑음,교차로 - 교차로부근,승용,남,75세,상해없음,승용,여,68세,경상
2019101100100558,2019년 10월 11일 18시,금요일,부산광역시 연제구 연산동,경상사고,0,0,1,0,차대사람 - 기타,안전운전불이행,건조,맑음,교차로 - 교차로부근,승용,남,60세,상해없음,보행자,여,67세,경상
2019101100100624,2019년 10월 11일 19시,금요일,부산광역시 사하구 신평동,중상사고,0,1,0,0,차대차 - 기타,안전운전불이행,건조,맑음,교차로 - 교차로부근,승용,남,36세,상해없음,승용,남,64세,중상
2019101100100625,2019년 10월 11일 19시,금요일,부산광역시 강서구 구랑동,중상사고,0,2,0,0,차대차 - 기타,신호위반,건조,맑음,교차로 - 교차로안,승용,여,46세,상해없음,승용,남,31세,중상
2019101100100684,2019년 10월 11일 20시,금요일,부산광역시 수영구 광안동,부상신고사고,0,0,0,1,차대차 - 추돌,차로위반,건조,맑음,단일로 - 기타,승용,남,71세,상해없음,이륜,남,19세,부상신고
2019101100100725,2019년 10월 11일 21시,금요일,부산광역시 금정구 서동,중상사고,0,1,0,0,차대차 - 측면충돌,기타,건조,맑음,교차로 - 교차로안,승용,남,71세,상해없음,승용,남,56세,중상
2019101100100750,2019년 10월 11일 22시,금요일,부산광역시 남구 대연동,경상사고,0,0,1,0,차대차 - 추돌,안전운전불이행,건조,맑음,단일로 - 기타,특수,남,39세,상해없음,승용,여,59세,경상
2019101100100751,2019년 10월 11일 22시,금요일,부산광역시 수영구 광안동,중상사고,0,1,0,0,차대차 - 측면충돌,안전운전불이행,건조,맑음,단일로 - 기타,승용,남,65세,상해없음,이륜,남,39세,중상
2019101100100752,2019년 10월 11일 22시,금요일,부산광역시 사하구 하단동,중상사고,0,1,0,0,차대차 - 기타,안전운전불이행,건조,맑음,교차로 - 교차로부근,승용,여,44세,상해없음,승용,남,47세,상해없음
2019101100100753,2019년 10월 11일 22시,금요일,부산광역시 기장군 정관읍,경상사고,0,0,1,0,차대차 - 측면충돌,차로위반,건조,흐림,단일로 - 기타,승용,남,26세,상해없음,이륜,남,18세,경상
2019101100100786,2019년 10월 11일 23시,금요일,부산광역시 영도구 대교동2가,경상사고,0,0,1,0,차대사람 - 길가장자리구역통행중,안전운전불이행,건조,맑음,단일로 - 기타,승용,남,58세,상해없음,보행자,남,53세,경상
2019101100100787,2019년 10월 11일 23시,금요일,부산광역시 금정구 서동,부상신고사고,0,0,0,1,차대차 - 기타,안전운전불이행,건조,맑음,단일로 - 기타,이륜,남,33세,부상신고,승용,남,33세,상해없음
2019101200100074,2019년 10월 12일 03시,토요일,부산광역시 부산진구 전포동,경상사고,0,0,2,1,차대차 - 추돌,신호위반,건조,맑음,교차로 - 교차로안,이륜,남,22세,상해없음,승용,남,57세,경상
2019101200100084,2019년 10월 12일 04시,토요일,부산광역시 동래구 수안동,중상사고,0,1,1,0,차대차 - 측면충돌,안전거리미확보,건조,맑음,단일로 - 기타,승용,남,69세,상해없음,승용,남,51세,중상
2019101200100085,2019년 10월 12일 04시,토요일,부산광역시 부산진구 가야동,부상신고사고,0,0,0,1,차대차 - 추돌,안전운전불이행,건조,맑음,단일로 - 기타,승용,남,59세,부상신고,승용,남,36세,상해없음
2019101200100092,2019년 10월 12일 05시,토요일,부산광역시 해운대구 우동,중상사고,0,1,2,0,차대차 - 측면충돌,안전운전불이행,건조,맑음,교차로 - 교차로안,승용,남,47세,상해없음,승용,남,53세,중상
2019101200100137,2019년 10월 12일 08시,토요일,부산광역시 동구 수정동,경상사고,0,0,1,0,차대차 - 추돌,안전운전불이행,건조,맑음,단일로 - 기타,승용,남,21세,상해없음,승용,남,33세,경상
2019101200100138,2019년 10월 12일 08시,토요일,부산광역시 부산진구 부전동,경상사고,0,0,1,0,차대사람 - 기타,안전운전불이행,건조,맑음,단일로 - 기타,승합,남,44세,상해없음,보행자,남,73세,경상
2019101200100139,2019년 10월 12일 08시,토요일,부산광역시 사상구 삼락동,경상사고,0,0,1,0,차대차 - 측면충돌,안전운전불이행,건조,맑음,교차로 - 교차로안,자전거,남,64세,경상,승용,남,40세,상해없음
2019101200100166,2019년 10월 12일 09시,토요일,부산광역시 북구 구포동,경상사고,0,0,1,0,차대사람 - 기타,기타,건조,맑음,단일로 - 기타,승합,남,48세,상해없음,보행자,여,69세,경상
2019101200100206,2019년 10월 12일 10시,토요일,부산광역시 사하구 하단동,중상사고,0,1,0,0,차대차 - 기타,신호위반,건조,맑음,교차로 - 교차로안,승용,여,54세,상해없음,이륜,남,40세,중상
2019101200100207,2019년 10월 12일 10시,토요일,부산광역시 강서구 녹산동,경상사고,0,0,1,0,차대차 - 추돌,안전거리미확보,건조,맑음,단일로 - 기타,승용,남,74세,상해없음,승용,남,56세,경상
2019101200100252,2019년 10월 12일 11시,토요일,부산광역시 중구 보수동2가,경상사고,0,0,1,0,차대차 - 추돌,교차로운행방법위반,건조,맑음,교차로 - 교차로안,화물,남,63세,상해없음,승용,남,37세,경상
2019101200100300,2019년 10월 12일 12시,토요일,부산광역시 남구 대연동,경상사고,0,0,1,0,차대차 - 추돌,차로위반,건조,맑음,교차로 - 교차로부근,승용,남,46세,상해없음,승용,남,50세,경상
2019101200100301,2019년 10월 12일 12시,토요일,부산광역시 해운대구 우동,중상사고,0,1,6,0,차대차 - 측면충돌,안전거리미확보,건조,맑음,단일로 - 기타,승용,여,47세,상해없음,승합,남,43세,경상
2019101200100302,2019년 10월 12일 12시,토요일,부산광역시 사상구 감전동,경상사고,0,0,1,0,차대차 - 측면충돌,안전운전불이행,건조,맑음,교차로 - 교차로안,승용,여,51세,상해없음,승용,여,71세,경상
2019101200100340,2019년 10월 12일 13시,토요일,부산광역시 남구 문현동,경상사고,0,0,1,0,차대사람 - 기타,안전운전불이행,건조,맑음,단일로 - 기타,승용,남,51세,상해없음,보행자,여,29세,경상
2019101200100401,2019년 10월 12일 14시,토요일,부산광역시 사하구 하단동,경상사고,0,0,1,0,차대차 - 기타,안전운전불이행,건조,맑음,단일로 - 기타,승용,남,30세,상해없음,이륜,남,36세,경상
2019101200100402,2019년 10월 12일 14시,토요일,부산광역시 사하구 괴정동,경상사고,0,0,4,0,차대차 - 측면충돌,교차로운행방법위반,건조,맑음,교차로 - 교차로안,승용,남,51세,상해없음,승용,여,37세,경상
2019101200100447,2019년 10월 12일 15시,토요일,부산광역시 해운대구 재송동,중상사고,0,1,0,0,차대사람 - 차도통행중,안전운전불이행,건조,맑음,단일로 - 기타,승용,남,57세,상해없음,보행자,여,60세,중상
2019101200100448,2019년 10월 12일 15시,토요일,부산광역시 부산진구 부전동,경상사고,0,0,1,0,차대차 - 기타,안전운전불이행,건조,맑음,교차로 - 교차로안,승용,남,27세,상해없음,승용,남,28세,상해없음
2019101200100449,2019년 10월 12일 15시,토요일,부산광역시 수영구 망미동,경상사고,0,0,1,0,차대사람 - 기타,안전운전불이행,건조,맑음,교차로 - 교차로안,화물,여,63세,상해없음,보행자,여,66세,경상
2019101200100450,2019년 10월 12일 15시,토요일,부산광역시 수영구 망미동,경상사고,0,0,3,0,차대차 - 기타,신호위반,건조,맑음,교차로 - 교차로안,승용,남,49세,상해없음,승용,남,36세,경상
2019101200100496,2019년 10월 12일 16시,토요일,부산광역시 동구 수정동,중상사고,0,1,0,0,차대사람 - 보도통행중,보행자보호의무위반,건조,맑음,교차로 - 교차로횡단보도내,승용,남,74세,상해없음,보행자,여,72세,중상
2019101200100497,2019년 10월 12일 16시,토요일,부산광역시 동래구 안락동,경상사고,0,0,1,0,차대차 - 측면충돌,기타,건조,맑음,단일로 - 기타,이륜,남,56세,경상,승용,남,45세,상해없음
2019101200100498,2019년 10월 12일 16시,토요일,부산광역시 사하구 장림동,중상사고,0,1,0,0,차대차 - 기타,차로위반,건조,맑음,교차로 - 교차로부근,승용,남,48세,상해없음,이륜,남,19세,중상
2019101200100499,2019년 10월 12일 16시,토요일,부산광역시 연제구 연산동,경상사고,0,0,1,3,차대차 - 측면충돌,교차로운행방법위반,건조,맑음,교차로 - 교차로안,승용,남,29세,부상신고,승용,남,32세,경상
2019101200100500,2019년 10월 12일 16시,토요일,부산광역시 사상구 모라동,경상사고,0,0,2,0,차대차 - 측면충돌,안전운전불이행,건조,맑음,단일로 - 기타,승용,남,41세,상해없음,승용,남,34세,경상
2019101200100590,2019년 10월 12일 18시,토요일,부산광역시 금정구 노포동,경상사고,0,0,2,0,차대차 - 측면충돌,교차로운행방법위반,건조,맑음,교차로 - 교차로부근,기타불명,기타불명,미분류,기타불명,승용,여,48세,경상
2019101200100635,2019년 10월 12일 19시,토요일,부산광역시 부산진구 부전동,중상사고,0,1,0,0,차대차 - 측면충돌,안전거리미확보,건조,맑음,교차로 - 교차로부근,이륜,남,75세,중상,승용,여,49세,상해없음
2019101200100679,2019년 10월 12일 20시,토요일,부산광역시 북구 구포동,중상사고,0,1,0,0,차량단독 - 기타,기타,건조,맑음,단일로 - 기타,승합,남,52세,상해없음,,,,
2019101200100680,2019년 10월 12일 20시,토요일,부산광역시 부산진구 개금동,경상사고,0,0,1,0,차대사람 - 횡단중,신호위반,건조,맑음,교차로 - 교차로횡단보도내,이륜,남,22세,상해없음,보행자,여,63세,경상
2019101200100681,2019년 10월 12일 20시,토요일,부산광역시 사상구 주례동,경상사고,0,0,1,0,차대차 - 측면충돌,신호위반,건조,맑음,교차로 - 교차로안,이륜,남,57세,경상,승용,남,39세,상해없음
2019101200100765,2019년 10월 12일 23시,토요일,부산광역시 해운대구 재송동,경상사고,0,0,1,1,차대사람 - 횡단중,신호위반,건조,맑음,교차로 - 교차로횡단보도내,승용,여,45세,상해없음,보행자,남,42세,경상
2019101200100766,2019년 10월 12일 23시,토요일,부산광역시 사하구 다대동,경상사고,0,0,2,0,차대사람 - 횡단중,보행자보호의무위반,건조,맑음,교차로 - 교차로안,승용,여,58세,상해없음,보행자,남,56세,경상
2019101200100767,2019년 10월 12일 23시,토요일,부산광역시 연제구 연산동,경상사고,0,0,1,0,차대차 - 기타,신호위반,건조,맑음,교차로 - 교차로안,승용,남,60세,상해없음,자전거,남,16세,경상
2019101200100768,2019년 10월 12일 23시,토요일,부산광역시 강서구 녹산동,경상사고,0,0,3,0,차대차 - 추돌,안전운전불이행,건조,맑음,단일로 - 기타,승용,남,30세,상해없음,승용,여,36세,경상
2019101300100018,2019년 10월 13일 00시,일요일,부산광역시 수영구 광안동,경상사고,0,0,2,0,차대차 - 기타,안전운전불이행,건조,맑음,교차로 - 교차로안,승용,남,28세,상해없음,승용,남,59세,상해없음
2019101300100019,2019년 10월 13일 00시,일요일,부산광역시 수영구 망미동,중상사고,0,1,0,0,차대차 - 기타,안전운전불이행,건조,맑음,단일로 - 기타,승용,남,50세,상해없음,승용,남,72세,기타불명