사고번호,사고일시,요일,시군구,사고내용,사망자수,중상자수,경상자수,부상신고자수,사고유형,법규위반,노면상태,기상상태,도로형태,가해운전자 차종,가해운전자 성별,가해운전자 연령,가해운전자 상해정도,피해운전자 차종,피해운전자 성별,피해운전자 연령,피해운전자 상해정도
2019101300100072,2019년 10월 13일 05시,일요일,부산광역시 사상구 주례동,부상신고사고,0,0,0,1,차량단독 - 기타,안전운전불이행,건조,맑음,단일로 - 기타,개인형이동수단(PM),남,28세,부상신고,,,,
2019101300100096,2019년 10월 13일 07시,일요일,부산광역시 부산진구 범전동,경상사고,0,0,1,0,차대차 - 측면충돌,안전운전불이행,건조,맑음,교차로 - 교차로부근,화물,남,47세,상해없음,자전거,남,64세,경상
2019101300100097,2019년 10월 13일 07시,일요일,부산광역시 강서구 대저2동,중상사고,0,1,0,0,차대차 - 추돌,안전운전불이행,건조,맑음,단일로 - 기타,승용,여,59세,상해없음,승용,남,62세,중상
2019101300100213,2019년 10월 13일 13시,일요일,부산광역시 수영구 남천동,경상사고,0,0,2,0,차대차 - 측면충돌,안전운전불이행,건조,맑음,단일로 - 기타,승용,남,26세,상해없음,승용,남,70세,경상
2019101300100214,2019년 10월 13일 13시,일요일,부산광역시 북구 만덕동,중상사고,0,6,1,1,차대차 - 기타,중앙선침범,건조,맑음,단일로 - 기타,승용,남,41세,부상신고,승용,남,39세,경상
2019101300100245,2019년 10월 13일 14시,일요일,부산광역시 서구 암남동,경상사고,0,0,1,1,차대차 - 측면충돌,안전운전불이행,건조,맑음,단일로 - 기타,승용,여,58세,부상신고,화물,남,24세,상해없음
2019101300100246,2019년 10월 13일 14시,일요일,부산광역시 영도구 신선동3가,경상사고,0,0,3,0,차대차 - 측면충돌,교차로운행방법위반,건조,맑음,교차로 - 교차로안,승용,여,34세,경상,승용,남,73세,경상
2019101300100247,2019년 10월 13일 14시,일요일,부산광역시 부산진구 전포동,경상사고,0,0,1,0,차대차 - 기타,신호위반,건조,맑음,단일로 - 기타,승용,남,35세,상해없음,승용,여,49세,경상
2019101300100248,2019년 10월 13일 14시,일요일,부산광역시 사하구 다대동,중상사고,0,1,1,0,차대차 - 기타,안전운전불이행,건조,맑음,교차로 - 교차로부근,승용,남,41세,상해없음,승용,여,55세,중상
2019101300100249,2019년 10월 13일 14시,일요일,부산광역시 강서구 봉림동,경상사고,0,0,1,0,차대차 - 기타,안전운전불이행,건조,맑음,교차로 - 교차로부근,승용,남,67세,경상,승용,남,61세,상해없음
2019101300100290,2019년 10월 13일 15시,일요일,부산광역시 부산진구 초읍동,경상사고,0,0,2,0,차대차 - 측면충돌,안전운전불이행,건조,맑음,교차로 - 교차로안,화물,남,71세,상해없음,승용,여,51세,경상
2019101300100291,2019년 10월 13일 15시,일요일,부산광역시 사하구 신평동,경상사고,0,0,1,0,차대차 - 기타,안전거리미확보,건조,맑음,단일로 - 지하차도(도로)내,승용,남,54세,상해없음,승용,남,32세,경상
2019101300100323,2019년 10월 13일 16시,일요일,부산광역시 동래구 안락동,중상사고,0,3,3,1,차대차 - 추돌,안전운전불이행,건조,맑음,교차로 - 교차로부근,승용,남,22세,상해없음,승용,남,62세,경상
2019101300100324,2019년 10월 13일 16시,일요일,부산광역시 기장군 정관읍,부상신고사고,0,0,0,1,차대차 - 측면충돌,신호위반,건조,맑음,교차로 - 교차로안,승용,여,27세,상해없음,이륜,남,36세,부상신고
2019101300100352,2019년 10월 13일 17시,일요일,부산광역시 북구 덕천동,중상사고,0,3,0,0,차대차 - 기타,신호위반,건조,맑음,교차로 - 교차로안,승용,남,73세,상해없음,승용,남,57세,중상
2019101300100353,2019년 10월 13일 17시,일요일,부산광역시 부산진구 전포동,경상사고,0,0,1,0,차대차 - 추돌,안전운전불이행,건조,맑음,단일로 - 기타,승용,남,25세,상해없음,이륜,남,16세,경상
2019101300100354,2019년 10월 13일 17시,일요일,부산광역시 사상구 모라동,경상사고,0,0,4,0,차대차 - 측면충돌,안전거리미확보,건조,맑음,단일로 - 고가도로위,승용,남,45세,상해없음,승용,남,42세,경상
2019101300100384,2019년 10월 13일 18시,일요일,부산광역시 사하구 감천동,경상사고,0,0,1,0,차대차 - 측면충돌,차로위반,건조,맑음,단일로 - 기타,승용,남,74세,상해없음,특수,남,42세,경상
2019101300100423,2019년 10월 13일 19시,일요일,부산광역시 금정구 서동,경상사고,0,0,1,0,차대차 - 기타,안전운전불이행,건조,맑음,교차로 - 교차로부근,승용,남,49세,상해없음,이륜,남,27세,경상
2019101300100424,2019년 10월 13일 19시,일요일,부산광역시 기장군 정관읍,중상사고,0,1,0,0,차대차 - 정면충돌,안전운전불이행,건조,맑음,교차로 - 교차로안,승용,남,19세,상해없음,이륜,남,24세,중상
2019101300100456,2019년 10월 13일 20시,일요일,부산광역시 사하구 괴정동,경상사고,0,0,1,0,차대차 - 기타,신호위반,건조,맑음,교차로 - 교차로부근,이륜,남,19세,경상,승용,남,51세,상해없음
2019101300100457,2019년 10월 13일 20시,일요일,부산광역시 연제구 연산동,부상신고사고,0,0,0,1,차대사람 - 횡단중,안전운전불이행,건조,맑음,단일로 - 기타,승용,남,66세,상해없음,보행자,여,6세,부상신고
2019101300100458,2019년 10월 13일 20시,일요일,부산광역시 강서구 대저1동,경상사고,0,0,1,0,차대차 - 기타,신호위반,건조,맑음,교차로 - 교차로안,승용,남,38세,기타불명,승용,남,41세,경상
2019101300100491,2019년 10월 13일 21시,일요일,부산광역시 동래구 수안동,경상사고,0,0,1,0,차대차 - 측면충돌,안전운전불이행,건조,맑음,단일로 - 기타,이륜,남,36세,경상,승용,남,65세,상해없음
2019101300100492,2019년 10월 13일 21시,일요일,부산광역시 강서구 생곡동,경상사고,0,0,3,0,차대차 - 추돌,안전운전불이행,건조,맑음,교차로 - 교차로부근,승합,여,34세,상해없음,승용,남,49세,경상
2019101400100037,2019년 10월 14일 01시,월요일,부산광역시 서구 부민동3가,중상사고,0,1,0,0,차량단독 - 공작물충돌,안전운전불이행,건조,맑음,단일로 - 기타,이륜,남,59세,중상,,,,
2019101400100053,2019년 10월 14일 05시,월요일,부산광역시 부산진구 범천동,경상사고,0,0,1,0,차대사람 - 횡단중,보행자보호의무위반,건조,맑음,교차로 - 교차로부근,승용,남,68세,상해없음,보행자,여,70세,경상
2019101400100054,2019년 10월 14일 05시,월요일,부산광역시 강서구 대저2동,중상사고,0,1,1,0,차대차 - 측면충돌,신호위반,건조,맑음,교차로 - 교차로안,화물,남,64세,중상,승용,남,55세,경상
2019101400100068,2019년 10월 14일 06시,월요일,부산광역시 사하구 하단동,경상사고,0,0,1,0,차대사람 - 기타,안전운전불이행,건조,맑음,주차장 - 주차장,승용,남,57세,상해없음,보행자,남,30세,경상
2019101400100082,2019년 10월 14일 07시,월요일,부산광역시 동래구 사직동,경상사고,0,0,1,0,차대차 - 기타,안전운전불이행,건조,맑음,단일로 - 기타,화물,남,69세,상해없음,원동기,남,46세,경상
2019101400100083,2019년 10월 14일 07시,월요일,부산광역시 해운대구 중동,중상사고,0,1,0,0,차대차 - 정면충돌,중앙선침범,건조,맑음,교차로 - 교차로부근,승용,남,28세,상해없음,화물,남,60세,중상
2019101400100084,2019년 10월 14일 07시,월요일,부산광역시 사하구 구평동,경상사고,0,0,1,0,차량단독 - 전도전복 - 전복,안전운전불이행,건조,맑음,단일로 - 지하차도(도로)내,승용,남,36세,경상,,,,
2019101400100085,2019년 10월 14일 07시,월요일,부산광역시 사상구 괘법동,중상사고,0,1,0,0,차대차 - 측면충돌,차로위반,건조,맑음,단일로 - 기타,승용,남,50세,상해없음,승용,남,44세,중상
2019101400100117,2019년 10월 14일 08시,월요일,부산광역시 강서구 강동동,중상사고,0,1,0,0,차대차 - 기타,안전거리미확보,건조,맑음,단일로 - 기타,건설기계,남,49세,상해없음,승용,여,53세,중상
2019101400100118,2019년 10월 14일 08시,월요일,부산광역시 기장군 철마면,경상사고,0,0,2,0,차대차 - 기타,안전거리미확보,건조,맑음,단일로 - 기타,승용,남,33세,경상,승용,남,44세,상해없음
2019101400100161,2019년 10월 14일 09시,월요일,부산광역시 북구 화명동,경상사고,0,0,1,0,차대차 - 측면충돌,안전운전불이행,건조,맑음,교차로 - 교차로부근,승용,여,27세,상해없음,승용,여,47세,경상
2019101400100162,2019년 10월 14일 09시,월요일,부산광역시 부산진구 가야동,경상사고,0,0,1,0,차대차 - 측면충돌,안전거리미확보,건조,맑음,단일로 - 기타,화물,남,44세,상해없음,승용,남,63세,경상
2019101400100163,2019년 10월 14일 09시,월요일,부산광역시 수영구 수영동,중상사고,0,1,0,0,차대차 - 측면충돌,교차로운행방법위반,건조,맑음,교차로 - 교차로안,승용,여,39세,상해없음,이륜,여,72세,중상
2019101400100164,2019년 10월 14일 09시,월요일,부산광역시 연제구 연산동,경상사고,0,0,1,0,차대차 - 측면충돌,안전운전불이행,건조,맑음,교차로 - 교차로안,승용,여,58세,상해없음,승용,여,70세,경상
2019101400100203,2019년 10월 14일 10시,월요일,부산광역시 부산진구 범천동,경상사고,0,0,1,0,차대차 - 측면충돌,안전거리미확보,건조,맑음,교차로 - 교차로부근,화물,남,30세,경상,승합,남,64세,상해없음
2019101400100204,2019년 10월 14일 10시,월요일,부산광역시 사하구 하단동,경상사고,0,0,1,0,차대차 - 측면충돌,교차로운행방법위반,건조,맑음,교차로 - 교차로안,승용,남,26세,상해없음,승용,여,38세,경상
2019101400100239,2019년 10월 14일 11시,월요일,부산광역시 남구 용호동,경상사고,0,0,1,0,차량단독 - 기타,안전운전불이행,건조,맑음,교차로 - 교차로부근,승합,남,56세,상해없음,,,,
2019101400100240,2019년 10월 14일 11시,월요일,부산광역시 부산진구 전포동,경상사고,0,0,1,0,차대차 - 측면충돌,안전운전불이행,건조,맑음,단일로 - 기타,승용,남,37세,상해없음,승용,남,64세,경상
2019101400100287,2019년 10월 14일 12시,월요일,부산광역시 해운대구 반송동,경상사고,0,0,1,0,차대사람 - 기타,신호위반,건조,맑음,단일로 - 기타,승용,남,25세,상해없음,보행자,남,72세,경상
2019101400100288,2019년 10월 14일 12시,월요일,부산광역시 해운대구 우동,중상사고,0,1,0,0,차대사람 - 기타,신호위반,건조,맑음,교차로 - 교차로횡단보도내,승용,남,67세,상해없음,보행자,남,27세,중상
2019101400100360,2019년 10월 14일 14시,월요일,부산광역시 서구 암남동,중상사고,0,1,4,0,차대차 - 추돌,안전운전불이행,건조,맑음,단일로 - 기타,승용,남,70세,경상,화물,남,51세,경상
2019101400100361,2019년 10월 14일 14시,월요일,부산광역시 해운대구 재송동,중상사고,0,1,0,0,차대사람 - 기타,과속,건조,맑음,교차로 - 교차로안,이륜,남,18세,상해없음,보행자,여,15세,중상
2019101400100445,2019년 10월 14일 16시,월요일,부산광역시 영도구 대교동1가,중상사고,0,1,0,0,차대사람 - 횡단중,신호위반,건조,맑음,단일로 - 기타,이륜,남,50세,상해없음,보행자,여,62세,중상
2019101400100446,2019년 10월 14일 16시,월요일,부산광역시 부산진구 양정동,경상사고,0,0,1,0,차대사람 - 차도통행중,안전운전불이행,건조,맑음,단일로 - 기타,승용,여,50세,기타불명,보행자,여,81세,경상
2019101400100447,2019년 10월 14일 16시,월요일,부산광역시 부산진구 가야동,중상사고,0,1,0,0,차대차 - 측면충돌,신호위반,건조,맑음,교차로 - 교차로안,승용,남,73세,상해없음,화물,남,46세,상해없음
2019101400100492,2019년 10월 14일 17시,월요일,부산광역시 남구 대연동,경상사고,0,0,1,0,차대차 - 측면충돌,안전운전불이행,건조,맑음,단일로 - 기타,승용,남,66세,상해없음,이륜,남,18세,경상
2019101400100549,2019년 10월 14일 18시,월요일,부산광역시 북구 덕천동,경상사고,0,0,2,0,차대차 - 측면충돌,중앙선침범,건조,맑음,단일로 - 지하차도(도로)내,승용,남,49세,상해없음,승용,남,60세,경상
2019101400100550,2019년 10월 14일 18시,월요일,부산광역시 동래구 안락동,중상사고,0,1,0,0,차대사람 - 횡단중,보행자보호의무위반,건조,맑음,교차로 - 교차로횡단보도내,이륜,남,20세,상해없음,보행자,여,61세,중상
2019101400100551,2019년 10월 14일 18시,월요일,부산광역시 사하구 하단동,경상사고,0,0,1,0,차대차 - 측면충돌,안전운전불이행,건조,맑음,단일로 - 기타,화물,남,37세,상해없음,화물,남,39세,경상
2019101400100671,2019년 10월 14일 20시,월요일,부산광역시 서구 충무동1가,경상사고,0,0,1,0,차대사람 - 횡단중,보행자보호의무위반,건조,맑음,교차로 - 교차로횡단보도내,화물,남,67세,상해없음,보행자,여,72세,경상
2019101400100672,2019년 10월 14일 20시,월요일,부산광역시 서구 토성동4가,중상사고,0,1,0,0,차량단독 - 전도전복 - 전도,안전운전불이행,건조,맑음,교차로 - 교차로안,원동기,남,22세,중상,,,,
2019101400100673,2019년 10월 14일 20시,월요일,부산광역시 수영구 민락동,경상사고,0,0,1,0,차대차 - 측면충돌,안전운전불이행,건조,맑음,교차로 - 교차로안,승용,남,60세,상해없음,승용,남,54세,경상
2019101400100674,2019년 10월 14일 20시,월요일,부산광역시 동래구 온천동,경상사고,0,0,1,0,차대차 - 측면충돌,안전운전불이행,건조,맑음,교차로 - 교차로부근,승용,남,51세,상해없음,이륜,남,72세,기타불명
2019101400100675,2019년 10월 14일 20시,월요일,부산광역시 부산진구 전포동,경상사고,0,0,1,0,차대차 - 측면충돌,중앙선침범,건조,맑음,단일로 - 기타,자전거,남,65세,경상,승용,여,46세,상해없음
2019101400100708,2019년 10월 14일 21시,월요일,부산광역시 수영구 수영동,경상사고,0,0,1,0,차대사람 - 기타,안전운전불이행,건조,맑음,단일로 - 교량,자전거,남,11세,상해없음,보행자,여,53세,경상
2019101400100709,2019년 10월 14일 21시,월요일,부산광역시 기장군 기장읍,중상사고,0,1,0,0,차대사람 - 횡단중,안전운전불이행,건조,맑음,교차로 - 교차로부근,승용,남,63세,상해없음,보행자,남,65세,중상
2019101500100026,2019년 10월 15일 00시,화요일,부산광역시 사하구 하단동,중상사고,0,1,0,0,차대사람 - 횡단중,안전운전불이행,건조,맑음,단일로 - 기타,승용,남,64세,상해없음,보행자,남,61세,중상
2019101500100066,2019년 10월 15일 05시,화요일,부산광역시 사상구 덕포동,중상사고,0,1,0,0,차대사람 - 기타,신호위반,건조,맑음,교차로 - 교차로안,이륜,남,25세,상해없음,보행자,남,62세,중상
2019101500100078,2019년 10월 15일 06시,화요일,부산광역시 동구 좌천동,중상사고,0,1,0,0,차대사람 - 기타,안전운전불이행,건조,맑음,단일로 - 기타,승용,여,63세,상해없음,보행자,여,78세,중상
2019101500100097,2019년 10월 15일 07시,화요일,부산광역시 사상구 감전동,경상사고,0,0,1,0,차대차 - 측면충돌,교차로운행방법위반,건조,맑음,교차로 - 교차로안,화물,남,58세,상해없음,승용,여,35세,경상
2019101500100129,2019년 10월 15일 08시,화요일,부산광역시 해운대구 좌동,경상사고,0,0,1,0,차대차 - 추돌,안전운전불이행,건조,맑음,단일로 - 기타,승용,여,46세,상해없음,승용,여,30세,경상
2019101500100130,2019년 10월 15일 08시,화요일,부산광역시 사하구 하단동,중상사고,0,1,0,0,차대차 - 측면충돌,신호위반,건조,맑음,단일로 - 기타,승용,남,23세,상해없음,자전거,남,55세,중상
2019101500100264,2019년 10월 15일 11시,화요일,부산광역시 사하구 하단동,경상사고,0,0,1,0,차대차 - 측면충돌,안전운전불이행,건조,맑음,교차로 - 교차로부근,승용,남,75세,상해없음,승용,여,37세,경상
2019101500100304,2019년 10월 15일 12시,화요일,부산광역시 동래구 낙민동,경상사고,0,0,1,0,차대차 - 기타,안전운전불이행,건조,맑음,단일로 - 기타,승용,여,58세,상해없음,자전거,남,22세,경상
2019101500100305,2019년 10월 15일 12시,화요일,부산광역시 해운대구 반여동,경상사고,0,0,1,0,차대차 - 기타,직진우회전진행방해,건조,맑음,교차로 - 교차로안,승용,남,63세,기타불명,이륜,남,48세,경상
2019101500100377,2019년 10월 15일 14시,화요일,부산광역시 부산진구 부전동,경상사고,0,0,2,0,차대차 - 기타,교차로운행방법위반,건조,맑음,교차로 - 교차로부근,승용,남,71세,상해없음,승용,여,45세,경상
2019101500100378,2019년 10월 15일 14시,화요일,부산광역시 연제구 거제동,경상사고,0,0,1,0,차대차 - 기타,교차로운행방법위반,건조,맑음,단일로 - 기타,화물,남,48세,상해없음,이륜,남,21세,경상
2019101500100422,2019년 10월 15일 15시,화요일,부산광역시 부산진구 전포동,중상사고,0,1,0,0,차대차 - 기타,신호위반,건조,맑음,교차로 - 교차로안,승합,남,53세,상해없음,자전거,남,72세,중상
2019101500100423,2019년 10월 15일 15시,화요일,부산광역시 부산진구 전포동,경상사고,0,0,4,1,차대차 - 측면충돌,안전운전불이행,건조,맑음,교차로 - 교차로안,승용,남,27세,경상,승용,남,50세,경상
2019101500100424,2019년 10월 15일 15시,화요일,부산광역시 기장군 일광면,경상사고,0,0,1,0,차대차 - 추돌,안전운전불이행,건조,맑음,교차로 - 교차로부근,승용,남,52세,상해없음,화물,남,64세,경상
2019101500100425,2019년 10월 15일 15시,화요일,부산광역시 기장군 일광면,경상사고,0,0,1,0,차대차 - 기타,안전거리미확보,건조,맑음,교차로 - 교차로부근,승용,남,29세,상해없음,승용,여,46세,경상
2019101500100466,2019년 10월 15일 16시,화요일,부산광역시 사하구 장림동,경상사고,0,0,1,0,차대사람 - 기타,안전운전불이행,건조,맑음,단일로 - 기타,승용,여,60세,상해없음,보행자,남,24세,경상
2019101500100467,2019년 10월 15일 16시,화요일,부산광역시 강서구 범방동,중상사고,0,1,1,0,차대차 - 추돌,안전운전불이행,건조,맑음,단일로 - 기타,건설기계,남,58세,상해없음,승용,남,64세,경상
2019101500100468,2019년 10월 15일 16시,화요일,부산광역시 사상구 학장동,경상사고,0,0,2,0,차대차 - 측면충돌,안전운전불이행,건조,맑음,교차로 - 교차로안,화물,남,54세,경상,화물,남,23세,경상
2019101500100510,2019년 10월 15일 17시,화요일,부산광역시 서구 초장동,중상사고,0,1,0,0,차대사람 - 기타,안전운전불이행,건조,맑음,단일로 - 기타,승용,남,63세,상해없음,보행자,남,39세,중상
2019101500100511,2019년 10월 15일 17시,화요일,부산광역시 북구 구포동,경상사고,0,0,1,0,차대사람 - 횡단중,안전운전불이행,건조,맑음,단일로 - 기타,이륜,남,45세,상해없음,보행자,남,54세,경상
2019101500100512,2019년 10월 15일 17시,화요일,부산광역시 부산진구 범천동,경상사고,0,0,3,0,차대차 - 측면충돌,안전운전불이행,건조,맑음,교차로 - 교차로부근,화물,남,68세,상해없음,승용,여,31세,경상
2019101500100513,2019년 10월 15일 17시,화요일,부산광역시 사하구 장림동,부상신고사고,0,0,0,2,차대차 - 측면충돌,신호위반,건조,맑음,교차로 - 교차로안,승용,남,67세,상해없음,이륜,남,17세,부상신고
2019101500100567,2019년 10월 15일 18시,화요일,부산광역시 동구 범일동,중상사고,0,1,0,0,차대차 - 기타,안전거리미확보,건조,맑음,단일로 - 기타,승합,남,68세,상해없음,승합,남,60세,상해없음
2019101500100568,2019년 10월 15일 18시,화요일,부산광역시 금정구 구서동,중상사고,0,1,0,0,차대사람 - 횡단중,안전운전불이행,건조,맑음,기타 - 기타,승용,여,42세,상해없음,보행자,여,18세,중상
2019101500100569,2019년 10월 15일 18시,화요일,부산광역시 금정구 서동,경상사고,0,0,1,0,차대사람 - 보도통행중,보행자보호의무위반,건조,맑음,교차로 - 교차로안,승용,남,52세,상해없음,보행자,여,70세,경상
2019101500100570,2019년 10월 15일 18시,화요일,부산광역시 사하구 하단동,경상사고,0,0,1,0,차대차 - 추돌,중앙선침범,건조,맑음,단일로 - 기타,승용,남,31세,상해없음,원동기,남,27세,경상
2019101500100621,2019년 10월 15일 19시,화요일,부산광역시 동래구 온천동,경상사고,0,0,1,0,차대차 - 측면충돌,교차로운행방법위반,건조,맑음,교차로 - 교차로안,원동기,남,41세,경상,승용,남,44세,상해없음
2019101500100666,2019년 10월 15일 20시,화요일,부산광역시 동구 좌천동,부상신고사고,0,0,0,1,차량단독 - 기타,안전운전불이행,기타,맑음,기타 - 기타,이륜,남,49세,부상신고,,,,
2019101500100667,2019년 10월 15일 20시,화요일,부산광역시 수영구 남천동,경상사고,0,0,1,0,차대차 - 추돌,안전운전불이행,건조,맑음,단일로 - 기타,승용,남,42세,상해없음,승용,남,72세,경상
2019101500100668,2019년 10월 15일 20시,화요일,부산광역시 해운대구 좌동,중상사고,0,2,0,0,차대차 - 측면충돌,신호위반,건조,맑음,교차로 - 교차로안,승용,남,30세,상해없음,이륜,남,29세,중상
2019101500100669,2019년 10월 15일 20시,화요일,부산광역시 부산진구 양정동,중상사고,0,1,0,0,차대사람 - 기타,보행자보호의무위반,건조,맑음,교차로 - 교차로안,기타불명,기타불명,미분류,기타불명,보행자,여,64세,중상
2019101500100705,2019년 10월 15일 21시,화요일,부산광역시 부산진구 전포동,경상사고,0,0,1,0,차대사람 - 횡단중,보행자보호의무위반,건조,맑음,교차로 - 교차로횡단보도내,자전거,남,42세,상해없음,보행자,여,32세,경상
2019101500100747,2019년 10월 15일 23시,화요일,부산광역시 해운대구 반여동,경상사고,0,0,2,0,차대차 - 측면충돌,신호위반,건조,맑음,교차로 - 교차로안,승용,남,54세,상해없음,승용,남,40세,경상
2019101500100748,2019년 10월 15일 23시,화요일,부산광역시 사하구 다대동,경상사고,0,0,2,0,차대차 - 추돌,신호위반,건조,맑음,교차로 - 교차로안,승용,남,58세,상해없음,승용,남,21세,경상
2019101600100062,2019년 10월 16일 03시,수요일,부산광역시 사하구 괴정동,부상신고사고,0,0,0,1,차량단독 - 전도전복 - 전도,안전운전불이행,건조,기타,단일로 - 지하차도(도로)내,이륜,여,39세,부상신고,,,,
2019101600100063,2019년 10월 16일 03시,수요일,부산광역시 연제구 거제동,경상사고,0,0,3,0,차대차 - 정면충돌,안전거리미확보,건조,맑음,교차로 - 교차로부근,승용,남,41세,상해없음,승용,남,20세,경상
2019101600100071,2019년 10월 16일 05시,수요일,부산광역시 영도구 대교동1가,중상사고,0,1,0,0,차대차 - 측면충돌,신호위반,건조,맑음,단일로 - 기타,승용,남,67세,상해없음,이륜,남,36세,중상
2019101600100072,2019년 10월 16일 05시,수요일,부산광역시 금정구 서동,경상사고,0,0,1,0,차대사람 - 기타,안전운전불이행,건조,맑음,단일로 - 기타,승용,남,60세,상해없음,보행자,남,34세,경상
2019101600100073,2019년 10월 16일 05시,수요일,부산광역시 기장군 철마면,경상사고,0,0,2,0,차대차 - 기타,안전운전불이행,건조,맑음,단일로 - 기타,승용,남,65세,상해없음,승용,남,64세,경상
2019101600100083,2019년 10월 16일 06시,수요일,부산광역시 북구 만덕동,중상사고,0,1,0,0,차대차 - 측면충돌,안전운전불이행,건조,맑음,단일로 - 기타,승용,남,68세,상해없음,승용,남,60세,상해없음
2019101600100138,2019년 10월 16일 08시,수요일,부산광역시 북구 금곡동,중상사고,0,1,0,0,차대차 - 측면충돌,안전운전불이행,건조,맑음,교차로 - 교차로안,승용,남,38세,상해없음,자전거,남,77세,중상
2019101600100139,2019년 10월 16일 08시,수요일,부산광역시 부산진구 양정동,경상사고,0,0,1,0,차대차 - 측면충돌,안전거리미확보,건조,맑음,단일로 - 기타,승합,남,41세,기타불명,승용,여,46세,경상
2019101600100140,2019년 10월 16일 08시,수요일,부산광역시 금정구 장전동,중상사고,0,1,0,0,차대사람 - 횡단중,보행자보호의무위반,건조,맑음,단일로 - 기타,승용,남,48세,상해없음,보행자,남,26세,중상
2019101600100187,2019년 10월 16일 09시,수요일,부산광역시 남구 문현동,경상사고,0,0,1,0,차대차 - 측면충돌,안전운전불이행,건조,맑음,교차로 - 교차로안,승용,여,62세,상해없음,원동기,남,26세,경상
2019101600100188,2019년 10월 16일 09시,수요일,부산광역시 북구 금곡동,중상사고,0,1,0,0,차대사람 - 횡단중,안전운전불이행,건조,맑음,단일로 - 지하차도(도로)내,승합,남,45세,상해없음,보행자,여,68세,중상
2019101600100189,2019년 10월 16일 09시,수요일,부산광역시 동래구 수안동,경상사고,0,0,1,0,차대사람 - 기타,안전운전불이행,건조,맑음,단일로 - 기타,승용,여,45세,상해없음,보행자,남,39세,경상
2019101600100190,2019년 10월 16일 09시,수요일,부산광역시 영도구 동삼동,경상사고,0,0,1,0,차대차 - 측면충돌,교차로운행방법위반,건조,맑음,교차로 - 교차로안,승용,남,66세,상해없음,승합,남,51세,경상
2019101600100191,2019년 10월 16일 09시,수요일,부산광역시 사상구 학장동,경상사고,0,0,2,0,차대차 - 측면충돌,차로위반,건조,맑음,단일로 - 기타,승용,남,24세,상해없음,승용,남,51세,상해없음
2019101600100192,2019년 10월 16일 09시,수요일,부산광역시 사상구 모라동,경상사고,0,0,1,0,차대사람 - 기타,안전운전불이행,건조,맑음,단일로 - 기타,승합,여,55세,상해없음,보행자,남,33세,경상
2019101600100193,2019년 10월 16일 09시,수요일,부산광역시 기장군 장안읍,경상사고,0,0,1,0,차대차 - 측면충돌,안전거리미확보,건조,맑음,교차로 - 교차로부근,승용,여,61세,상해없음,원동기,남,60세,경상
2019101600100230,2019년 10월 16일 10시,수요일,부산광역시 동구 초량동,중상사고,0,1,0,0,차대사람 - 기타,기타,건조,맑음,기타 - 기타,승용,남,25세,상해없음,보행자,여,53세,중상
2019101600100231,2019년 10월 16일 10시,수요일,부산광역시 서구 동대신동1가,경상사고,0,0,1,0,차대차 - 기타,교차로운행방법위반,건조,맑음,교차로 - 교차로안,화물,남,38세,상해없음,승용,남,70세,상해없음
2019101600100232,2019년 10월 16일 10시,수요일,부산광역시 해운대구 우동,중상사고,0,1,0,0,차대사람 - 길가장자리구역통행중,안전운전불이행,건조,맑음,단일로 - 기타,기타불명,기타불명,미분류,기타불명,보행자,남,64세,중상
2019101600100233,2019년 10월 16일 10시,수요일,부산광역시 부산진구 개금동,경상사고,0,0,1,0,차대사람 - 기타,보행자보호의무위반,건조,맑음,교차로 - 교차로부근,승용,남,46세,상해없음,보행자,여,19세,경상
2019101600100275,2019년 10월 16일 11시,수요일,부산광역시 동래구 사직동,중상사고,0,1,0,0,차대사람 - 횡단중,안전운전불이행,건조,맑음,단일로 - 기타,화물,남,66세,상해없음,보행자,여,83세,중상
2019101600100276,2019년 10월 16일 11시,수요일,부산광역시 사하구 당리동,경상사고,0,0,1,0,차대차 - 기타,안전운전불이행,건조,맑음,단일로 - 기타,화물,남,56세,상해없음,승용,남,43세,경상
2019101600100277,2019년 10월 16일 11시,수요일,부산광역시 기장군 일광면,경상사고,0,0,1,0,차대사람 - 기타,안전운전불이행,건조,맑음,주차장 - 주차장,승용,여,70세,상해없음,보행자,여,56세,경상
2019101600100303,2019년 10월 16일 12시,수요일,부산광역시 남구 감만동,중상사고,0,1,0,0,차대차 - 기타,안전운전불이행,건조,맑음,교차로 - 교차로안,특수,남,70세,상해없음,이륜,남,59세,중상
2019101600100304,2019년 10월 16일 12시,수요일,부산광역시 수영구 광안동,경상사고,0,0,2,0,차대차 - 측면충돌,교차로운행방법위반,건조,맑음,교차로 - 교차로부근,승용,여,35세,상해없음,승용,여,69세,경상
2019101600100305,2019년 10월 16일 12시,수요일,부산광역시 사하구 감천동,경상사고,0,0,1,0,차대차 - 추돌,안전운전불이행,건조,맑음,교차로 - 교차로부근,승용,남,56세,상해없음,승용,남,42세,경상
2019101600100342,2019년 10월 16일 13시,수요일,부산광역시 동구 수정동,경상사고,0,0,1,0,차대사람 - 기타,안전운전불이행,건조,맑음,단일로 - 기타,이륜,기타불명,미분류,기타불명,보행자,여,17세,경상