사고번호,사고일시,요일,시군구,사고내용,사망자수,중상자수,경상자수,부상신고자수,사고유형,법규위반,노면상태,기상상태,도로형태,가해운전자 차종,가해운전자 성별,가해운전자 연령,가해운전자 상해정도,피해운전자 차종,피해운전자 성별,피해운전자 연령,피해운전자 상해정도
2019101600100343,2019년 10월 16일 13시,수요일,부산광역시 남구 문현동,경상사고,0,0,1,0,차대차 - 기타,안전운전불이행,건조,맑음,단일로 - 기타,승용,여,39세,상해없음,이륜,남,38세,경상
2019101600100394,2019년 10월 16일 14시,수요일,부산광역시 기장군 철마면,중상사고,0,4,1,0,차량단독 - 공작물충돌,안전운전불이행,건조,맑음,단일로 - 기타,승용,남,72세,경상,,,,
2019101600100425,2019년 10월 16일 15시,수요일,부산광역시 남구 용호동,중상사고,0,1,0,0,차대차 - 측면충돌,안전운전불이행,건조,맑음,단일로 - 기타,화물,여,55세,상해없음,승용,남,61세,중상
2019101600100426,2019년 10월 16일 15시,수요일,부산광역시 동래구 명장동,경상사고,0,0,1,0,차대차 - 측면충돌,교차로운행방법위반,건조,맑음,교차로 - 교차로안,승용,남,45세,상해없음,승용,여,56세,경상
2019101600100427,2019년 10월 16일 15시,수요일,부산광역시 해운대구 반여동,중상사고,0,1,0,0,차대사람 - 기타,안전운전불이행,건조,맑음,교차로 - 교차로부근,승용,여,42세,상해없음,보행자,남,17세,중상
2019101600100460,2019년 10월 16일 16시,수요일,부산광역시 중구 부평동1가,경상사고,0,0,1,0,차대차 - 측면충돌,안전운전불이행,건조,맑음,교차로 - 교차로부근,승용,남,60세,상해없음,승용,여,47세,경상
2019101600100461,2019년 10월 16일 16시,수요일,부산광역시 부산진구 부암동,경상사고,0,0,1,0,차대차 - 기타,안전운전불이행,건조,맑음,단일로 - 기타,승용,남,61세,상해없음,이륜,남,71세,경상
2019101600100462,2019년 10월 16일 16시,수요일,부산광역시 사하구 감천동,경상사고,0,0,1,0,차대차 - 측면충돌,안전운전불이행,건조,맑음,단일로 - 기타,승용,남,78세,상해없음,승용,여,46세,경상
2019101600100463,2019년 10월 16일 16시,수요일,부산광역시 수영구 망미동,부상신고사고,0,0,0,1,차대사람 - 기타,안전운전불이행,건조,맑음,단일로 - 기타,승용,남,71세,상해없음,보행자,여,14세,부상신고
2019101600100508,2019년 10월 16일 17시,수요일,부산광역시 남구 대연동,경상사고,0,0,1,0,차대차 - 기타,신호위반,건조,맑음,단일로 - 기타,이륜,남,25세,상해없음,승용,여,34세,경상
2019101600100509,2019년 10월 16일 17시,수요일,부산광역시 북구 구포동,경상사고,0,0,1,0,차대차 - 기타,안전거리미확보,건조,맑음,단일로 - 기타,승용,남,44세,상해없음,승합,남,38세,상해없음
2019101600100510,2019년 10월 16일 17시,수요일,부산광역시 부산진구 부암동,중상사고,0,1,0,0,차대차 - 기타,안전운전불이행,건조,맑음,교차로 - 교차로부근,이륜,남,48세,중상,화물,남,59세,상해없음
2019101600100511,2019년 10월 16일 17시,수요일,부산광역시 사하구 감천동,경상사고,0,0,4,0,차대차 - 기타,교차로운행방법위반,건조,맑음,교차로 - 교차로안,승용,여,63세,경상,승용,남,42세,경상
2019101600100512,2019년 10월 16일 17시,수요일,부산광역시 강서구 화전동,경상사고,0,0,2,0,차대차 - 추돌,안전운전불이행,건조,맑음,교차로 - 교차로부근,승용,남,34세,상해없음,승용,남,40세,경상
2019101600100552,2019년 10월 16일 18시,수요일,부산광역시 해운대구 우동,경상사고,0,0,2,0,차대차 - 측면충돌,안전운전불이행,건조,맑음,단일로 - 기타,승용,남,40세,상해없음,승용,남,45세,경상
2019101600100553,2019년 10월 16일 18시,수요일,부산광역시 연제구 거제동,중상사고,0,1,0,0,차대차 - 기타,기타,건조,맑음,단일로 - 기타,화물,남,29세,상해없음,이륜,남,39세,중상
2019101600100554,2019년 10월 16일 18시,수요일,부산광역시 사상구 주례동,중상사고,0,1,0,0,차대사람 - 보도통행중,보행자보호의무위반,건조,맑음,단일로 - 지하차도(도로)내,승용,남,78세,상해없음,보행자,남,68세,중상
2019101600100615,2019년 10월 16일 19시,수요일,부산광역시 해운대구 우동,경상사고,0,0,1,0,차대차 - 측면충돌,신호위반,건조,맑음,단일로 - 기타,화물,남,71세,상해없음,승용,남,56세,경상
2019101600100616,2019년 10월 16일 19시,수요일,부산광역시 부산진구 부전동,경상사고,0,0,2,0,차대차 - 측면충돌,안전운전불이행,건조,맑음,교차로 - 교차로안,승용,남,47세,상해없음,승용,남,34세,경상
2019101600100617,2019년 10월 16일 19시,수요일,부산광역시 금정구 구서동,경상사고,0,0,1,0,차대차 - 기타,교차로운행방법위반,건조,맑음,교차로 - 교차로부근,화물,남,56세,상해없음,승용,여,43세,경상
2019101600100650,2019년 10월 16일 20시,수요일,부산광역시 중구 중앙동5가,경상사고,0,0,1,0,차량단독 - 기타,기타,건조,맑음,단일로 - 기타,승합,남,40세,상해없음,,,,
2019101600100651,2019년 10월 16일 20시,수요일,부산광역시 동구 범일동,경상사고,0,0,1,0,차대차 - 기타,안전운전불이행,건조,맑음,단일로 - 기타,승용,남,65세,상해없음,이륜,남,39세,경상
2019101600100716,2019년 10월 16일 22시,수요일,부산광역시 북구 금곡동,경상사고,0,0,1,0,차대사람 - 기타,안전운전불이행,건조,맑음,교차로 - 교차로안,승합,남,59세,상해없음,보행자,남,66세,경상
2019101600100717,2019년 10월 16일 22시,수요일,부산광역시 동래구 사직동,경상사고,0,0,1,1,차대사람 - 횡단중,안전운전불이행,건조,맑음,단일로 - 기타,이륜,남,22세,부상신고,보행자,남,14세,경상
2019101600100718,2019년 10월 16일 22시,수요일,부산광역시 해운대구 중동,경상사고,0,0,1,0,차대차 - 추돌,안전운전불이행,건조,맑음,교차로 - 교차로부근,승용,남,28세,상해없음,승용,남,51세,경상
2019101600100730,2019년 10월 16일 23시,수요일,부산광역시 남구 대연동,중상사고,0,1,0,0,차량단독 - 기타,안전운전불이행,건조,맑음,단일로 - 기타,승합,남,38세,상해없음,,,,
2019101600100731,2019년 10월 16일 23시,수요일,부산광역시 영도구 영선동3가,경상사고,0,0,1,1,차량단독 - 기타,안전운전불이행,건조,맑음,단일로 - 기타,이륜,남,18세,부상신고,,,,
2019101700100037,2019년 10월 17일 01시,목요일,부산광역시 부산진구 당감동,경상사고,0,0,2,0,차대차 - 추돌,안전거리미확보,건조,맑음,단일로 - 기타,승용,남,65세,상해없음,승용,남,46세,경상
2019101700100048,2019년 10월 17일 02시,목요일,부산광역시 수영구 망미동,경상사고,0,0,1,0,차대차 - 기타,교차로운행방법위반,건조,맑음,교차로 - 교차로안,승용,여,55세,상해없음,개인형이동수단(PM),남,52세,경상
2019101700100061,2019년 10월 17일 03시,목요일,부산광역시 부산진구 부전동,경상사고,0,0,1,1,차대차 - 추돌,안전거리미확보,건조,맑음,단일로 - 기타,이륜,남,21세,부상신고,승용,남,21세,경상
2019101700100063,2019년 10월 17일 04시,목요일,부산광역시 사상구 모라동,중상사고,0,2,2,4,차대차 - 측면충돌,안전운전불이행,건조,맑음,단일로 - 기타,승합,남,65세,상해없음,화물,남,56세,기타불명
2019101700100097,2019년 10월 17일 07시,목요일,부산광역시 남구 문현동,경상사고,0,0,1,0,차대차 - 추돌,안전거리미확보,건조,맑음,교차로 - 교차로횡단보도내,기타불명,기타불명,미분류,기타불명,승용,여,50세,경상
2019101700100098,2019년 10월 17일 07시,목요일,부산광역시 영도구 신선동2가,중상사고,0,1,0,0,차대차 - 기타,안전운전불이행,건조,맑음,단일로 - 기타,화물,남,61세,상해없음,이륜,남,65세,중상
2019101700100099,2019년 10월 17일 07시,목요일,부산광역시 기장군 기장읍,중상사고,0,1,0,0,차대차 - 기타,안전운전불이행,건조,맑음,단일로 - 기타,승용,남,19세,상해없음,승용,남,39세,중상
2019101700100120,2019년 10월 17일 08시,목요일,부산광역시 부산진구 범천동,경상사고,0,0,1,0,차대차 - 측면충돌,신호위반,건조,맑음,교차로 - 교차로부근,승용,여,38세,상해없음,이륜,남,59세,경상
2019101700100168,2019년 10월 17일 09시,목요일,부산광역시 동구 좌천동,경상사고,0,0,2,0,차대차 - 추돌,안전운전불이행,건조,맑음,단일로 - 터널,승용,남,23세,상해없음,승용,남,67세,경상
2019101700100169,2019년 10월 17일 09시,목요일,부산광역시 동구 범일동,부상신고사고,0,0,0,1,차량단독 - 전도전복 - 전도,안전운전불이행,건조,맑음,교차로 - 교차로안,이륜,남,65세,부상신고,,,,
2019101700100207,2019년 10월 17일 10시,목요일,부산광역시 연제구 거제동,중상사고,0,3,1,0,차대차 - 측면충돌,안전거리미확보,건조,맑음,단일로 - 기타,승용,여,52세,경상,승용,여,40세,중상
2019101700100247,2019년 10월 17일 11시,목요일,부산광역시 부산진구 부전동,경상사고,0,0,1,0,차대차 - 측면충돌,신호위반,건조,맑음,교차로 - 교차로안,승용,여,39세,상해없음,승용,여,58세,경상
2019101700100275,2019년 10월 17일 12시,목요일,부산광역시 수영구 광안동,경상사고,0,0,1,0,차대차 - 측면충돌,안전운전불이행,건조,맑음,교차로 - 교차로안,승용,여,26세,상해없음,이륜,남,39세,경상
2019101700100276,2019년 10월 17일 12시,목요일,부산광역시 사하구 장림동,경상사고,0,0,1,0,차대사람 - 횡단중,안전운전불이행,건조,맑음,단일로 - 기타,이륜,남,62세,상해없음,보행자,남,65세,경상
2019101700100311,2019년 10월 17일 13시,목요일,부산광역시 북구 덕천동,경상사고,0,0,1,0,차대사람 - 기타,안전운전불이행,건조,맑음,단일로 - 기타,승용,남,61세,상해없음,보행자,남,64세,경상
2019101700100312,2019년 10월 17일 13시,목요일,부산광역시 금정구 금사동,중상사고,0,2,0,0,차대차 - 추돌,안전운전불이행,건조,맑음,기타 - 기타,승용,남,46세,상해없음,승용,여,49세,중상
2019101700100313,2019년 10월 17일 13시,목요일,부산광역시 연제구 거제동,중상사고,0,1,0,0,차대사람 - 차도통행중,안전운전불이행,건조,맑음,단일로 - 기타,화물,남,44세,상해없음,보행자,여,80세,중상
2019101700100350,2019년 10월 17일 14시,목요일,부산광역시 해운대구 재송동,경상사고,0,0,1,0,차대차 - 기타,차로위반,기타,맑음,단일로 - 기타,화물,남,76세,상해없음,승용,여,72세,경상
2019101700100351,2019년 10월 17일 14시,목요일,부산광역시 금정구 부곡동,중상사고,0,1,0,0,차대차 - 기타,안전거리미확보,건조,맑음,단일로 - 기타,건설기계,남,52세,상해없음,승용,여,39세,중상
2019101700100385,2019년 10월 17일 15시,목요일,부산광역시 중구 대창동1가,경상사고,0,0,1,0,차대사람 - 차도통행중,안전운전불이행,건조,맑음,단일로 - 기타,승용,여,68세,상해없음,보행자,남,29세,경상
2019101700100386,2019년 10월 17일 15시,목요일,부산광역시 해운대구 반송동,경상사고,0,0,1,0,차대사람 - 횡단중,보행자보호의무위반,건조,맑음,교차로 - 교차로횡단보도내,화물,남,46세,상해없음,보행자,남,7세,경상
2019101700100387,2019년 10월 17일 15시,목요일,부산광역시 해운대구 반여동,경상사고,0,0,1,0,차대사람 - 기타,안전운전불이행,건조,맑음,교차로 - 교차로안,화물,남,64세,상해없음,보행자,남,64세,경상
2019101700100388,2019년 10월 17일 15시,목요일,부산광역시 부산진구 양정동,경상사고,0,0,1,0,차대차 - 추돌,안전거리미확보,건조,맑음,단일로 - 기타,승용,남,46세,상해없음,이륜,남,69세,경상
2019101700100417,2019년 10월 17일 16시,목요일,부산광역시 금정구 구서동,중상사고,0,1,1,0,차대차 - 측면충돌,차로위반,건조,맑음,교차로 - 교차로부근,승용,남,27세,상해없음,승용,남,69세,중상
2019101700100418,2019년 10월 17일 16시,목요일,부산광역시 강서구 강동동,경상사고,0,0,1,0,차대차 - 기타,안전운전불이행,건조,맑음,교차로 - 교차로부근,이륜,남,70세,경상,승용,남,56세,상해없음
2019101700100461,2019년 10월 17일 17시,목요일,부산광역시 동래구 수안동,중상사고,0,1,0,0,차대차 - 기타,안전거리미확보,건조,맑음,교차로 - 교차로부근,승용,남,70세,상해없음,이륜,남,31세,중상
2019101700100462,2019년 10월 17일 17시,목요일,부산광역시 해운대구 우동,경상사고,0,0,1,0,차대차 - 측면충돌,안전거리미확보,건조,맑음,단일로 - 기타,승용,남,29세,상해없음,승용,남,57세,경상
2019101700100463,2019년 10월 17일 17시,목요일,부산광역시 해운대구 재송동,경상사고,0,0,1,0,차대차 - 측면충돌,안전운전불이행,건조,맑음,교차로 - 교차로안,승용,남,60세,상해없음,승용,여,39세,경상
2019101700100464,2019년 10월 17일 17시,목요일,부산광역시 기장군 기장읍,중상사고,0,1,0,0,차대차 - 측면충돌,교차로운행방법위반,건조,맑음,교차로 - 교차로안,승용,남,36세,상해없음,승용,남,67세,중상
2019101700100509,2019년 10월 17일 18시,목요일,부산광역시 부산진구 범전동,경상사고,0,0,1,0,차대차 - 측면충돌,중앙선침범,건조,맑음,단일로 - 기타,승용,여,48세,상해없음,승용,남,61세,경상
2019101700100510,2019년 10월 17일 18시,목요일,부산광역시 강서구 송정동,중상사고,0,1,0,0,차대차 - 기타,신호위반,건조,맑음,교차로 - 교차로부근,승용,여,41세,상해없음,승용,남,22세,중상
2019101700100579,2019년 10월 17일 19시,목요일,부산광역시 동래구 온천동,중상사고,0,1,0,0,차대차 - 측면충돌,안전운전불이행,건조,맑음,교차로 - 교차로안,승용,남,39세,상해없음,이륜,남,34세,중상
2019101700100580,2019년 10월 17일 19시,목요일,부산광역시 해운대구 우동,중상사고,0,1,0,0,차대차 - 측면충돌,안전운전불이행,건조,맑음,교차로 - 교차로안,승용,여,37세,상해없음,이륜,남,39세,중상
2019101700100581,2019년 10월 17일 19시,목요일,부산광역시 해운대구 재송동,중상사고,0,1,0,0,차대사람 - 횡단중,신호위반,건조,맑음,단일로 - 기타,이륜,남,17세,상해없음,보행자,여,12세,중상
2019101700100582,2019년 10월 17일 19시,목요일,부산광역시 부산진구 개금동,중상사고,0,1,0,0,차대사람 - 횡단중,안전운전불이행,건조,맑음,교차로 - 교차로안,승용,남,30세,상해없음,보행자,여,72세,중상
2019101700100583,2019년 10월 17일 19시,목요일,부산광역시 연제구 연산동,경상사고,0,0,1,0,차대차 - 측면충돌,신호위반,건조,맑음,교차로 - 교차로안,승용,남,29세,경상,승용,여,47세,상해없음
2019101700100620,2019년 10월 17일 20시,목요일,부산광역시 남구 용호동,중상사고,0,1,0,0,차대차 - 측면충돌,신호위반,건조,맑음,단일로 - 기타,원동기,남,27세,상해없음,자전거,남,62세,중상
2019101700100621,2019년 10월 17일 20시,목요일,부산광역시 북구 화명동,경상사고,0,0,2,0,차대차 - 추돌,안전거리미확보,건조,맑음,단일로 - 지하차도(도로)내,이륜,남,18세,경상,승용,남,26세,경상
2019101700100622,2019년 10월 17일 20시,목요일,부산광역시 동래구 온천동,경상사고,0,0,1,0,차대사람 - 횡단중,보행자보호의무위반,건조,맑음,단일로 - 기타,승용,여,41세,상해없음,보행자,여,24세,경상
2019101700100645,2019년 10월 17일 21시,목요일,부산광역시 동래구 수안동,경상사고,0,0,1,0,차대사람 - 기타,안전운전불이행,건조,맑음,단일로 - 기타,승합,남,51세,상해없음,보행자,여,72세,경상
2019101700100646,2019년 10월 17일 21시,목요일,부산광역시 기장군 기장읍,경상사고,0,0,1,0,차대차 - 추돌,안전운전불이행,건조,맑음,단일로 - 기타,승용,여,52세,상해없음,이륜,남,24세,경상
2019101700100665,2019년 10월 17일 22시,목요일,부산광역시 북구 덕천동,중상사고,0,1,0,0,차대사람 - 횡단중,보행자보호의무위반,건조,맑음,교차로 - 교차로횡단보도내,승용,남,72세,상해없음,보행자,여,22세,중상
2019101800100032,2019년 10월 18일 00시,금요일,부산광역시 사상구 엄궁동,중상사고,0,1,0,0,차대차 - 추돌,안전운전불이행,건조,맑음,단일로 - 기타,승용,남,26세,상해없음,승용,남,52세,중상
2019101800100047,2019년 10월 18일 01시,금요일,부산광역시 부산진구 개금동,경상사고,0,0,2,0,차대차 - 기타,신호위반,건조,맑음,교차로 - 교차로안,승용,남,29세,상해없음,승용,남,68세,경상
2019101800100048,2019년 10월 18일 01시,금요일,부산광역시 부산진구 전포동,경상사고,0,0,4,0,차대차 - 측면충돌,신호위반,건조,흐림,교차로 - 교차로안,승용,남,41세,상해없음,승용,남,65세,경상
2019101800100083,2019년 10월 18일 05시,금요일,부산광역시 강서구 명지동,경상사고,0,0,1,0,차대차 - 측면충돌,신호위반,젖음/습기,비,교차로 - 교차로안,승용,남,68세,상해없음,승용,남,34세,경상
2019101800100093,2019년 10월 18일 06시,금요일,부산광역시 서구 충무동3가,경상사고,0,0,1,0,차대차 - 후진중충돌,안전운전불이행,젖음/습기,비,단일로 - 기타,승용,여,50세,상해없음,승용,남,64세,경상
2019101800100112,2019년 10월 18일 07시,금요일,부산광역시 사하구 하단동,경상사고,0,0,1,0,차대차 - 측면충돌,안전운전불이행,젖음/습기,비,단일로 - 교량,건설기계,남,54세,상해없음,승용,여,28세,경상
2019101800100144,2019년 10월 18일 08시,금요일,부산광역시 남구 대연동,중상사고,0,1,1,0,차대차 - 측면충돌,신호위반,젖음/습기,비,교차로 - 교차로안,승용,남,54세,상해없음,화물,남,33세,경상
2019101800100145,2019년 10월 18일 08시,금요일,부산광역시 남구 대연동,경상사고,0,0,2,1,차대차 - 후진중충돌,안전운전불이행,젖음/습기,비,교차로 - 교차로부근,승용,여,34세,상해없음,이륜,남,21세,부상신고
2019101800100208,2019년 10월 18일 09시,금요일,부산광역시 금정구 부곡동,중상사고,0,1,0,0,차대차 - 기타,안전운전불이행,젖음/습기,비,단일로 - 기타,이륜,여,62세,중상,화물,남,37세,상해없음
2019101800100209,2019년 10월 18일 09시,금요일,부산광역시 사상구 학장동,중상사고,0,1,0,0,차대차 - 측면충돌,안전거리미확보,젖음/습기,비,단일로 - 기타,화물,남,62세,상해없음,승용,남,37세,중상
2019101800100210,2019년 10월 18일 09시,금요일,부산광역시 사상구 주례동,경상사고,0,0,2,0,차대차 - 측면충돌,안전운전불이행,건조,맑음,교차로 - 교차로부근,화물,남,69세,경상,승용,여,49세,경상
2019101800100211,2019년 10월 18일 09시,금요일,부산광역시 기장군 일광면,중상사고,0,1,0,0,차대차 - 추돌,안전운전불이행,젖음/습기,맑음,교차로 - 교차로부근,승용,남,27세,상해없음,화물,남,73세,중상
2019101800100248,2019년 10월 18일 10시,금요일,부산광역시 동구 초량동,경상사고,0,0,1,0,차량단독 - 기타,안전운전불이행,젖음/습기,비,단일로 - 기타,승합,남,43세,상해없음,,,,
2019101800100271,2019년 10월 18일 11시,금요일,부산광역시 서구 암남동,중상사고,0,1,0,0,차대사람 - 기타,안전운전불이행,젖음/습기,비,단일로 - 기타,화물,여,40세,상해없음,보행자,여,67세,중상
2019101800100272,2019년 10월 18일 11시,금요일,부산광역시 동래구 낙민동,경상사고,0,0,1,0,차대차 - 추돌,안전거리미확보,젖음/습기,비,단일로 - 기타,승용,남,32세,상해없음,승용,여,43세,경상
2019101800100273,2019년 10월 18일 11시,금요일,부산광역시 부산진구 양정동,경상사고,0,0,1,0,차대사람 - 횡단중,신호위반,젖음/습기,비,교차로 - 교차로횡단보도내,승용,남,72세,상해없음,보행자,남,74세,경상
2019101800100274,2019년 10월 18일 11시,금요일,부산광역시 연제구 연산동,경상사고,0,0,1,0,차대차 - 추돌,차로위반,젖음/습기,비,교차로 - 교차로부근,승용,남,64세,상해없음,승용,남,70세,상해없음
2019101800100275,2019년 10월 18일 11시,금요일,부산광역시 사상구 괘법동,경상사고,0,0,1,0,차대차 - 기타,안전운전불이행,젖음/습기,비,교차로 - 교차로안,이륜,남,58세,경상,승용,여,25세,상해없음
2019101800100311,2019년 10월 18일 12시,금요일,부산광역시 해운대구 재송동,부상신고사고,0,0,0,1,차대차 - 추돌,안전운전불이행,젖음/습기,비,교차로 - 교차로부근,화물,남,33세,부상신고,건설기계,남,52세,상해없음
2019101800100312,2019년 10월 18일 12시,금요일,부산광역시 부산진구 부전동,경상사고,0,0,1,0,차대사람 - 횡단중,보행자보호의무위반,젖음/습기,비,교차로 - 교차로안,승용,남,24세,상해없음,보행자,남,39세,경상
2019101800100313,2019년 10월 18일 12시,금요일,부산광역시 연제구 거제동,경상사고,0,0,1,0,차대차 - 측면충돌,직진우회전진행방해,건조,맑음,교차로 - 교차로안,승용,여,49세,상해없음,승용,남,67세,경상
2019101800100314,2019년 10월 18일 12시,금요일,부산광역시 사상구 괘법동,경상사고,0,0,1,0,차대차 - 기타,안전운전불이행,젖음/습기,비,교차로 - 교차로안,승용,남,82세,기타불명,승용,남,27세,경상
2019101800100350,2019년 10월 18일 13시,금요일,부산광역시 북구 덕천동,중상사고,0,1,0,0,차대차 - 기타,안전운전불이행,젖음/습기,비,교차로 - 교차로안,승용,여,46세,상해없음,이륜,남,28세,중상
2019101800100351,2019년 10월 18일 13시,금요일,부산광역시 해운대구 반여동,경상사고,0,0,1,0,차대차 - 추돌,안전운전불이행,건조,맑음,단일로 - 기타,승용,남,66세,기타불명,승용,남,35세,경상
2019101800100352,2019년 10월 18일 13시,금요일,부산광역시 사상구 감전동,부상신고사고,0,0,0,2,차대차 - 측면충돌,안전운전불이행,건조,맑음,단일로 - 기타,화물,남,50세,부상신고,승용,남,27세,부상신고
2019101800100353,2019년 10월 18일 13시,금요일,부산광역시 사상구 삼락동,경상사고,0,0,1,0,차대차 - 기타,기타,젖음/습기,비,단일로 - 기타,승용,남,28세,상해없음,승용,남,32세,상해없음
2019101800100393,2019년 10월 18일 14시,금요일,부산광역시 부산진구 부전동,중상사고,0,1,0,0,차대사람 - 기타,안전운전불이행,젖음/습기,비,단일로 - 기타,이륜,남,29세,기타불명,보행자,여,32세,중상
2019101800100435,2019년 10월 18일 15시,금요일,부산광역시 남구 대연동,경상사고,0,0,3,0,차대차 - 기타,안전운전불이행,젖음/습기,비,단일로 - 기타,승용,남,58세,상해없음,승용,여,43세,경상
2019101800100436,2019년 10월 18일 15시,금요일,부산광역시 금정구 장전동,경상사고,0,0,1,0,차대차 - 추돌,안전거리미확보,젖음/습기,비,단일로 - 기타,화물,남,64세,상해없음,승용,여,36세,경상
2019101800100471,2019년 10월 18일 16시,금요일,부산광역시 수영구 민락동,중상사고,0,1,0,0,차대사람 - 횡단중,안전운전불이행,젖음/습기,비,교차로 - 교차로안,이륜,남,45세,기타불명,보행자,남,13세,중상
2019101800100472,2019년 10월 18일 16시,금요일,부산광역시 해운대구 반여동,경상사고,0,0,1,0,차대차 - 기타,안전운전불이행,건조,맑음,교차로 - 교차로안,승용,여,72세,경상,승합,남,56세,상해없음
2019101800100513,2019년 10월 18일 17시,금요일,부산광역시 부산진구 부전동,중상사고,0,1,0,0,차대사람 - 기타,안전운전불이행,젖음/습기,비,단일로 - 기타,승용,여,47세,상해없음,보행자,여,66세,중상
2019101800100514,2019년 10월 18일 17시,금요일,부산광역시 부산진구 부암동,중상사고,0,2,0,0,차대차 - 추돌,안전거리미확보,젖음/습기,비,교차로 - 교차로부근,승용,남,30세,상해없음,승용,여,36세,중상
2019101800100515,2019년 10월 18일 17시,금요일,부산광역시 사하구 하단동,경상사고,0,0,1,0,차대차 - 측면충돌,중앙선침범,젖음/습기,비,단일로 - 기타,승용,남,44세,상해없음,이륜,남,35세,경상
2019101800100516,2019년 10월 18일 17시,금요일,부산광역시 사상구 덕포동,중상사고,0,1,0,0,차대차 - 기타,교차로운행방법위반,젖음/습기,흐림,교차로 - 교차로안,화물,남,24세,상해없음,자전거,여,31세,중상
2019101800100573,2019년 10월 18일 18시,금요일,부산광역시 동구 좌천동,경상사고,0,0,1,0,차대차 - 기타,신호위반,젖음/습기,비,단일로 - 기타,승용,여,56세,상해없음,이륜,남,21세,경상
2019101800100574,2019년 10월 18일 18시,금요일,부산광역시 부산진구 범천동,경상사고,0,0,1,0,차대사람 - 횡단중,보행자보호의무위반,젖음/습기,비,단일로 - 기타,승용,남,77세,상해없음,보행자,남,39세,경상
2019101800100575,2019년 10월 18일 18시,금요일,부산광역시 부산진구 부전동,경상사고,0,0,2,0,차대사람 - 기타,안전운전불이행,젖음/습기,비,단일로 - 기타,이륜,남,35세,상해없음,보행자,남,21세,경상
2019101800100576,2019년 10월 18일 18시,금요일,부산광역시 연제구 연산동,경상사고,0,0,1,0,차대사람 - 기타,안전운전불이행,젖음/습기,비,단일로 - 기타,승합,남,32세,상해없음,보행자,여,50세,경상
2019101800100577,2019년 10월 18일 18시,금요일,부산광역시 연제구 연산동,경상사고,0,0,1,0,차대사람 - 횡단중,안전운전불이행,젖음/습기,비,교차로 - 교차로안,승용,여,40세,상해없음,보행자,남,32세,경상
2019101800100578,2019년 10월 18일 18시,금요일,부산광역시 사상구 덕포동,경상사고,0,0,1,0,차대차 - 측면충돌,신호위반,젖음/습기,흐림,교차로 - 교차로부근,승용,남,61세,상해없음,승용,남,28세,경상
2019101800100672,2019년 10월 18일 19시,금요일,부산광역시 남구 용호동,경상사고,0,0,1,0,차대차 - 측면충돌,안전운전불이행,건조,맑음,단일로 - 기타,승용,여,35세,상해없음,이륜,남,24세,경상
2019101800100673,2019년 10월 18일 19시,금요일,부산광역시 해운대구 중동,중상사고,0,1,0,0,차대사람 - 횡단중,안전운전불이행,젖음/습기,비,교차로 - 교차로횡단보도내,화물,남,50세,상해없음,보행자,남,64세,중상
2019101800100674,2019년 10월 18일 19시,금요일,부산광역시 해운대구 좌동,경상사고,0,0,1,0,차대차 - 추돌,안전운전불이행,젖음/습기,비,단일로 - 기타,승용,여,47세,상해없음,승합,남,45세,경상
2019101800100675,2019년 10월 18일 19시,금요일,부산광역시 부산진구 범천동,경상사고,0,0,1,0,차대차 - 측면충돌,안전운전불이행,젖음/습기,비,교차로 - 교차로부근,승용,여,69세,상해없음,승용,남,34세,경상
2019101800100676,2019년 10월 18일 19시,금요일,부산광역시 사하구 하단동,중상사고,0,1,0,0,차대사람 - 기타,안전운전불이행,젖음/습기,비,단일로 - 지하차도(도로)내,승합,남,60세,상해없음,보행자,남,51세,중상
2019101800100729,2019년 10월 18일 20시,금요일,부산광역시 수영구 광안동,중상사고,0,1,0,0,차대차 - 측면충돌,안전운전불이행,젖음/습기,비,단일로 - 기타,승용,남,53세,상해없음,이륜,남,30세,중상
2019101800100730,2019년 10월 18일 20시,금요일,부산광역시 금정구 구서동,경상사고,0,0,1,1,차대차 - 추돌,안전거리미확보,젖음/습기,비,단일로 - 기타,원동기,남,41세,부상신고,승용,남,69세,경상
2019101800100765,2019년 10월 18일 21시,금요일,부산광역시 부산진구 부전동,경상사고,0,0,1,0,차대사람 - 기타,기타,침수,비,교차로 - 교차로부근,이륜,남,23세,상해없음,보행자,여,24세,경상
2019101800100766,2019년 10월 18일 21시,금요일,부산광역시 연제구 연산동,중상사고,0,1,0,0,차대차 - 기타,신호위반,젖음/습기,비,교차로 - 교차로안,승용,남,28세,기타불명,이륜,남,39세,중상
2019101800100809,2019년 10월 18일 22시,금요일,부산광역시 부산진구 전포동,경상사고,0,0,1,0,차대차 - 측면충돌,안전거리미확보,젖음/습기,비,교차로 - 교차로부근,화물,남,48세,상해없음,이륜,남,16세,경상
2019101800100810,2019년 10월 18일 22시,금요일,부산광역시 부산진구 개금동,경상사고,0,0,1,0,차대사람 - 횡단중,보행자보호의무위반,젖음/습기,흐림,교차로 - 교차로횡단보도내,승용,여,60세,상해없음,보행자,여,25세,경상