사고번호,사고일시,요일,시군구,사고내용,사망자수,중상자수,경상자수,부상신고자수,사고유형,법규위반,노면상태,기상상태,도로형태,가해운전자 차종,가해운전자 성별,가해운전자 연령,가해운전자 상해정도,피해운전자 차종,피해운전자 성별,피해운전자 연령,피해운전자 상해정도
2019102200100429,2019년 10월 22일 16시,화요일,부산광역시 부산진구 범천동,경상사고,0,0,1,0,차대차 - 기타,교차로운행방법위반,건조,맑음,교차로 - 교차로안,이륜,남,59세,상해없음,원동기,남,56세,경상
2019102200100430,2019년 10월 22일 16시,화요일,부산광역시 연제구 거제동,경상사고,0,0,3,0,차대차 - 추돌,안전운전불이행,건조,맑음,단일로 - 기타,승용,남,71세,상해없음,승용,여,45세,경상
2019102200100431,2019년 10월 22일 16시,화요일,부산광역시 강서구 대저2동,중상사고,0,1,0,0,차대차 - 정면충돌,직진우회전진행방해,건조,맑음,교차로 - 교차로안,건설기계,남,56세,상해없음,화물,남,73세,중상
2019102200100477,2019년 10월 22일 17시,화요일,부산광역시 사하구 다대동,부상신고사고,0,0,0,1,차대차 - 측면충돌,교차로운행방법위반,건조,맑음,교차로 - 교차로안,이륜,남,26세,부상신고,승용,남,57세,상해없음
2019102200100478,2019년 10월 22일 17시,화요일,부산광역시 수영구 망미동,경상사고,0,0,1,0,차대차 - 기타,안전운전불이행,건조,맑음,기타 - 기타,승합,남,55세,상해없음,자전거,남,7세,경상
2019102200100522,2019년 10월 22일 18시,화요일,부산광역시 남구 용호동,중상사고,0,1,0,0,차대사람 - 기타,안전운전불이행,건조,맑음,교차로 - 교차로안,승용,남,53세,상해없음,보행자,여,36세,중상
2019102200100523,2019년 10월 22일 18시,화요일,부산광역시 연제구 연산동,경상사고,0,0,1,0,차대사람 - 횡단중,안전운전불이행,건조,맑음,단일로 - 기타,이륜,남,39세,기타불명,보행자,여,5세,경상
2019102200100602,2019년 10월 22일 19시,화요일,부산광역시 북구 구포동,중상사고,0,1,1,0,차대사람 - 횡단중,안전운전불이행,건조,맑음,단일로 - 기타,이륜,남,26세,경상,보행자,남,69세,중상
2019102200100603,2019년 10월 22일 19시,화요일,부산광역시 영도구 신선동3가,경상사고,0,0,1,0,차대사람 - 횡단중,보행자보호의무위반,건조,맑음,단일로 - 기타,승용,여,63세,상해없음,보행자,여,55세,경상
2019102200100604,2019년 10월 22일 19시,화요일,부산광역시 해운대구 재송동,중상사고,0,1,0,0,차대차 - 측면충돌,직진우회전진행방해,건조,맑음,교차로 - 교차로안,승용,여,62세,상해없음,원동기,남,48세,중상
2019102200100605,2019년 10월 22일 19시,화요일,부산광역시 해운대구 우동,부상신고사고,0,0,0,1,차대차 - 추돌,안전운전불이행,건조,맑음,교차로 - 교차로부근,승용,여,55세,상해없음,승용,남,29세,상해없음
2019102200100606,2019년 10월 22일 19시,화요일,부산광역시 연제구 거제동,중상사고,0,1,0,0,차대차 - 기타,안전거리미확보,건조,맑음,교차로 - 교차로부근,승용,남,47세,상해없음,이륜,남,18세,중상
2019102200100607,2019년 10월 22일 19시,화요일,부산광역시 연제구 거제동,경상사고,0,0,1,0,차대차 - 측면충돌,신호위반,건조,맑음,교차로 - 교차로부근,기타불명,기타불명,미분류,기타불명,승용,남,32세,상해없음
2019102200100608,2019년 10월 22일 19시,화요일,부산광역시 사상구 덕포동,중상사고,0,1,0,0,차대차 - 기타,신호위반,건조,맑음,단일로 - 기타,이륜,남,42세,상해없음,자전거,남,67세,중상
2019102200100649,2019년 10월 22일 20시,화요일,부산광역시 중구 남포동4가,중상사고,0,1,0,0,차대사람 - 차도통행중,안전운전불이행,건조,맑음,단일로 - 기타,화물,남,46세,상해없음,보행자,남,66세,중상
2019102200100650,2019년 10월 22일 20시,화요일,부산광역시 수영구 광안동,중상사고,0,1,0,0,차대차 - 기타,안전운전불이행,건조,맑음,교차로 - 교차로안,승용,남,32세,상해없음,자전거,남,58세,중상
2019102200100651,2019년 10월 22일 20시,화요일,부산광역시 영도구 청학동,경상사고,0,0,3,0,차대차 - 측면충돌,신호위반,젖음/습기,비,교차로 - 교차로안,승용,여,37세,상해없음,승용,남,48세,경상
2019102200100652,2019년 10월 22일 20시,화요일,부산광역시 연제구 연산동,중상사고,0,1,0,0,차대차 - 측면충돌,신호위반,건조,맑음,교차로 - 교차로안,승용,남,41세,기타불명,승용,남,52세,중상
2019102200100653,2019년 10월 22일 20시,화요일,부산광역시 연제구 연산동,경상사고,0,0,1,0,차대차 - 측면충돌,안전거리미확보,건조,맑음,단일로 - 기타,이륜,남,25세,기타불명,승용,남,31세,경상
2019102200100654,2019년 10월 22일 20시,화요일,부산광역시 강서구 명지동,경상사고,0,0,1,1,차대차 - 기타,안전운전불이행,건조,맑음,단일로 - 기타,승용,남,24세,상해없음,승용,남,56세,상해없음
2019102200100686,2019년 10월 22일 21시,화요일,부산광역시 부산진구 당감동,경상사고,0,0,2,0,차대차 - 추돌,안전운전불이행,건조,맑음,교차로 - 교차로부근,승용,남,24세,상해없음,승용,남,46세,경상
2019102200100687,2019년 10월 22일 21시,화요일,부산광역시 연제구 거제동,중상사고,0,1,0,0,차대차 - 측면충돌,안전운전불이행,건조,흐림,교차로 - 교차로안,승용,남,34세,기타불명,이륜,남,31세,중상
2019102200100688,2019년 10월 22일 21시,화요일,부산광역시 기장군 기장읍,중상사고,0,1,0,0,차대사람 - 기타,중앙선침범,젖음/습기,비,단일로 - 기타,승용,여,56세,상해없음,보행자,여,54세,중상
2019102200100707,2019년 10월 22일 22시,화요일,부산광역시 사하구 다대동,부상신고사고,0,0,0,1,차량단독 - 공작물충돌,안전운전불이행,건조,맑음,단일로 - 기타,이륜,남,59세,부상신고,,,,
2019102300100097,2019년 10월 23일 07시,수요일,부산광역시 수영구 광안동,경상사고,0,0,3,0,차대차 - 측면충돌,안전운전불이행,건조,맑음,단일로 - 기타,승용,남,59세,상해없음,승용,남,49세,상해없음
2019102300100098,2019년 10월 23일 07시,수요일,부산광역시 동래구 온천동,경상사고,0,0,1,0,차대차 - 측면충돌,신호위반,건조,맑음,교차로 - 교차로안,승용,남,57세,상해없음,이륜,남,50세,경상
2019102300100099,2019년 10월 23일 07시,수요일,부산광역시 강서구 지사동,중상사고,0,1,0,0,차량단독 - 기타,안전운전불이행,젖음/습기,맑음,기타 - 기타,기타불명,여,54세,중상,,,,
2019102300100127,2019년 10월 23일 08시,수요일,부산광역시 중구 영주동,경상사고,0,0,1,0,차대사람 - 차도통행중,안전운전불이행,건조,맑음,교차로 - 교차로부근,승합,남,62세,상해없음,보행자,남,37세,경상
2019102300100128,2019년 10월 23일 08시,수요일,부산광역시 중구 중앙동3가,중상사고,0,1,0,0,차대차 - 추돌,안전운전불이행,건조,맑음,단일로 - 기타,승용,남,65세,상해없음,화물,남,59세,중상
2019102300100129,2019년 10월 23일 08시,수요일,부산광역시 영도구 영선동2가,중상사고,0,1,0,0,차대사람 - 횡단중,보행자보호의무위반,건조,맑음,단일로 - 기타,승용,남,54세,상해없음,보행자,남,5세,중상
2019102300100130,2019년 10월 23일 08시,수요일,부산광역시 부산진구 전포동,경상사고,0,0,1,0,차대사람 - 기타,중앙선침범,건조,맑음,단일로 - 기타,승용,여,42세,상해없음,보행자,여,68세,경상
2019102300100174,2019년 10월 23일 09시,수요일,부산광역시 남구 문현동,경상사고,0,0,1,0,차대차 - 측면충돌,안전운전불이행,건조,맑음,단일로 - 기타,승용,여,56세,상해없음,승용,여,38세,경상
2019102300100228,2019년 10월 23일 11시,수요일,부산광역시 사하구 괴정동,중상사고,0,1,0,0,차대사람 - 길가장자리구역통행중,안전운전불이행,건조,맑음,단일로 - 기타,화물,남,53세,상해없음,보행자,여,62세,중상
2019102300100260,2019년 10월 23일 12시,수요일,부산광역시 남구 용호동,경상사고,0,0,1,0,차대사람 - 횡단중,보행자보호의무위반,건조,맑음,교차로 - 교차로횡단보도내,화물,남,35세,상해없음,보행자,여,29세,경상
2019102300100292,2019년 10월 23일 13시,수요일,부산광역시 해운대구 우동,부상신고사고,0,0,0,1,차대차 - 추돌,안전운전불이행,건조,맑음,단일로 - 기타,이륜,남,28세,부상신고,승용,남,49세,상해없음
2019102300100293,2019년 10월 23일 13시,수요일,부산광역시 부산진구 가야동,경상사고,0,0,1,0,차대사람 - 기타,안전운전불이행,건조,맑음,단일로 - 기타,승용,여,38세,상해없음,보행자,남,9세,경상
2019102300100316,2019년 10월 23일 14시,수요일,부산광역시 동구 초량동,중상사고,0,1,0,0,차대사람 - 횡단중,보행자보호의무위반,건조,맑음,교차로 - 교차로횡단보도내,화물,남,25세,상해없음,보행자,여,64세,중상
2019102300100317,2019년 10월 23일 14시,수요일,부산광역시 북구 덕천동,경상사고,0,0,1,0,차대차 - 추돌,안전운전불이행,건조,맑음,단일로 - 기타,이륜,남,16세,상해없음,이륜,남,32세,경상
2019102300100318,2019년 10월 23일 14시,수요일,부산광역시 북구 만덕동,중상사고,0,1,0,0,차대사람 - 횡단중,안전운전불이행,건조,맑음,단일로 - 기타,승용,남,37세,상해없음,보행자,여,83세,중상
2019102300100356,2019년 10월 23일 15시,수요일,부산광역시 금정구 서동,경상사고,0,0,1,0,차대사람 - 기타,안전운전불이행,건조,맑음,교차로 - 교차로안,승용,여,50세,상해없음,보행자,남,60세,경상
2019102300100357,2019년 10월 23일 15시,수요일,부산광역시 강서구 명지동,중상사고,0,1,0,0,차대차 - 기타,안전거리미확보,건조,맑음,교차로 - 교차로부근,승용,여,51세,상해없음,승용,남,77세,중상
2019102300100388,2019년 10월 23일 16시,수요일,부산광역시 중구 보수동2가,중상사고,0,1,0,0,차대사람 - 횡단중,신호위반,건조,흐림,교차로 - 교차로부근,이륜,남,22세,상해없음,보행자,여,52세,중상
2019102300100389,2019년 10월 23일 16시,수요일,부산광역시 동래구 명장동,경상사고,0,0,1,0,차대차 - 기타,안전운전불이행,건조,맑음,단일로 - 기타,화물,남,62세,상해없음,승용,여,41세,경상
2019102300100390,2019년 10월 23일 16시,수요일,부산광역시 사하구 당리동,경상사고,0,0,1,0,차대차 - 기타,안전거리미확보,건조,맑음,교차로 - 교차로부근,승용,남,66세,상해없음,승합,남,54세,상해없음
2019102300100436,2019년 10월 23일 17시,수요일,부산광역시 중구 중앙동6가,경상사고,0,0,1,0,차대차 - 측면충돌,안전운전불이행,건조,맑음,단일로 - 기타,승용,남,52세,상해없음,승용,여,29세,경상
2019102300100437,2019년 10월 23일 17시,수요일,부산광역시 북구 만덕동,경상사고,0,0,2,0,차대차 - 기타,안전거리미확보,건조,맑음,단일로 - 기타,승용,남,51세,상해없음,승용,여,24세,경상
2019102300100438,2019년 10월 23일 17시,수요일,부산광역시 수영구 망미동,중상사고,0,1,0,0,차대차 - 측면충돌,차로위반,건조,맑음,단일로 - 기타,화물,남,56세,상해없음,이륜,남,79세,중상
2019102300100474,2019년 10월 23일 18시,수요일,부산광역시 사하구 신평동,경상사고,0,0,1,0,차대차 - 기타,안전운전불이행,건조,맑음,단일로 - 지하차도(도로)내,이륜,남,62세,경상,승용,남,53세,상해없음
2019102300100475,2019년 10월 23일 18시,수요일,부산광역시 사하구 신평동,경상사고,0,0,1,0,차대차 - 기타,안전운전불이행,건조,맑음,교차로 - 교차로부근,승용,남,59세,상해없음,승용,여,39세,경상
2019102300100546,2019년 10월 23일 19시,수요일,부산광역시 남구 대연동,중상사고,0,1,0,0,차대차 - 기타,안전운전불이행,건조,맑음,단일로 - 기타,승용,남,31세,상해없음,이륜,남,18세,중상
2019102300100547,2019년 10월 23일 19시,수요일,부산광역시 북구 구포동,중상사고,0,1,1,0,차대사람 - 횡단중,신호위반,건조,맑음,교차로 - 교차로횡단보도내,이륜,남,37세,상해없음,보행자,여,46세,경상
2019102300100548,2019년 10월 23일 19시,수요일,부산광역시 사하구 다대동,중상사고,0,1,0,0,차대차 - 기타,신호위반,건조,맑음,교차로 - 교차로부근,승용,남,57세,상해없음,이륜,남,35세,중상
2019102300100549,2019년 10월 23일 19시,수요일,부산광역시 사하구 신평동,중상사고,0,1,0,0,차대사람 - 기타,신호위반,건조,맑음,단일로 - 지하차도(도로)내,승용,남,73세,상해없음,보행자,남,15세,중상
2019102300100550,2019년 10월 23일 19시,수요일,부산광역시 사상구 삼락동,경상사고,0,0,1,0,차대차 - 측면충돌,신호위반,건조,맑음,교차로 - 교차로안,승합,남,60세,상해없음,승용,남,39세,경상
2019102300100590,2019년 10월 23일 20시,수요일,부산광역시 북구 덕천동,경상사고,0,0,1,0,차대사람 - 횡단중,안전운전불이행,건조,맑음,단일로 - 기타,이륜,남,34세,상해없음,보행자,남,57세,경상
2019102300100591,2019년 10월 23일 20시,수요일,부산광역시 금정구 남산동,중상사고,0,1,0,0,차대사람 - 차도통행중,안전운전불이행,건조,맑음,단일로 - 기타,화물,남,64세,상해없음,보행자,남,76세,중상
2019102300100618,2019년 10월 23일 21시,수요일,부산광역시 서구 토성동3가,중상사고,0,1,0,0,차대사람 - 횡단중,신호위반,젖음/습기,비,단일로 - 기타,승용,남,66세,상해없음,보행자,여,65세,중상
2019102300100643,2019년 10월 23일 22시,수요일,부산광역시 남구 대연동,부상신고사고,0,0,0,1,차대차 - 추돌,안전거리미확보,젖음/습기,비,단일로 - 기타,이륜,남,30세,부상신고,승합,남,27세,상해없음
2019102300100644,2019년 10월 23일 22시,수요일,부산광역시 북구 화명동,경상사고,0,0,1,0,차대사람 - 횡단중,보행자보호의무위반,젖음/습기,비,교차로 - 교차로횡단보도내,승용,남,59세,상해없음,보행자,남,49세,경상
2019102300100645,2019년 10월 23일 22시,수요일,부산광역시 사하구 괴정동,경상사고,0,0,1,0,차대사람 - 기타,안전운전불이행,젖음/습기,비,교차로 - 교차로부근,승용,남,39세,상해없음,보행자,남,45세,경상
2019102400100041,2019년 10월 24일 01시,목요일,부산광역시 해운대구 반여동,경상사고,0,0,1,0,차대차 - 측면충돌,교차로운행방법위반,건조,맑음,교차로 - 교차로안,승용,남,43세,상해없음,승용,남,38세,경상
2019102400100104,2019년 10월 24일 07시,목요일,부산광역시 해운대구 좌동,부상신고사고,0,0,0,1,차대사람 - 기타,안전운전불이행,건조,맑음,기타 - 기타,자전거,기타불명,미분류,기타불명,보행자,남,17세,부상신고
2019102400100105,2019년 10월 24일 07시,목요일,부산광역시 부산진구 부전동,경상사고,0,0,1,0,차대차 - 측면충돌,안전거리미확보,건조,맑음,교차로 - 교차로부근,승용,남,25세,상해없음,승합,남,60세,경상
2019102400100139,2019년 10월 24일 08시,목요일,부산광역시 수영구 남천동,경상사고,0,0,1,0,차대차 - 측면충돌,신호위반,건조,맑음,단일로 - 기타,승용,남,32세,상해없음,승용,여,61세,경상
2019102400100140,2019년 10월 24일 08시,목요일,부산광역시 사하구 구평동,중상사고,0,1,0,0,차대차 - 기타,안전운전불이행,건조,맑음,교차로 - 교차로안,승용,남,57세,상해없음,건설기계,남,30세,중상
2019102400100173,2019년 10월 24일 09시,목요일,부산광역시 사하구 신평동,경상사고,0,0,1,0,차대차 - 기타,신호위반,건조,맑음,교차로 - 교차로안,화물,남,64세,상해없음,승용,남,63세,경상
2019102400100174,2019년 10월 24일 09시,목요일,부산광역시 기장군 일광면,경상사고,0,0,1,0,차대사람 - 기타,안전운전불이행,젖음/습기,비,교차로 - 교차로부근,승용,남,51세,상해없음,보행자,남,37세,경상
2019102400100238,2019년 10월 24일 11시,목요일,부산광역시 해운대구 좌동,경상사고,0,0,1,0,차대차 - 기타,안전운전불이행,건조,맑음,단일로 - 기타,승용,여,59세,상해없음,이륜,남,44세,기타불명
2019102400100239,2019년 10월 24일 11시,목요일,부산광역시 부산진구 전포동,중상사고,0,1,1,0,차대사람 - 횡단중,안전운전불이행,건조,맑음,단일로 - 기타,승합,남,46세,상해없음,보행자,남,78세,중상
2019102400100271,2019년 10월 24일 12시,목요일,부산광역시 동구 범일동,경상사고,0,0,1,0,차대사람 - 기타,안전운전불이행,건조,맑음,단일로 - 기타,승합,남,59세,상해없음,보행자,여,79세,경상
2019102400100272,2019년 10월 24일 12시,목요일,부산광역시 강서구 대저2동,경상사고,0,0,1,0,차대사람 - 기타,안전운전불이행,건조,흐림,교차로 - 교차로부근,화물,남,60세,상해없음,보행자,여,90세 이상,경상
2019102400100316,2019년 10월 24일 13시,목요일,부산광역시 서구 남부민동,중상사고,0,1,0,0,차대사람 - 횡단중,안전운전불이행,건조,맑음,단일로 - 기타,승용,남,64세,상해없음,보행자,여,68세,중상
2019102400100355,2019년 10월 24일 14시,목요일,부산광역시 남구 용호동,경상사고,0,0,1,0,차대차 - 측면충돌,안전운전불이행,젖음/습기,맑음,교차로 - 교차로안,화물,남,56세,경상,화물,남,33세,상해없음
2019102400100356,2019년 10월 24일 14시,목요일,부산광역시 수영구 광안동,경상사고,0,0,1,0,차대사람 - 차도통행중,안전운전불이행,건조,맑음,단일로 - 기타,승용,남,71세,상해없음,보행자,여,43세,경상
2019102400100357,2019년 10월 24일 14시,목요일,부산광역시 사상구 모라동,경상사고,0,0,4,0,차대차 - 추돌,안전거리미확보,건조,흐림,단일로 - 터널,승용,남,30세,상해없음,승합,남,51세,경상
2019102400100358,2019년 10월 24일 14시,목요일,부산광역시 사하구 장림동,경상사고,0,0,1,0,차대차 - 기타,안전운전불이행,건조,맑음,교차로 - 교차로안,화물,남,54세,상해없음,건설기계,남,56세,기타불명
2019102400100387,2019년 10월 24일 15시,목요일,부산광역시 남구 대연동,경상사고,0,0,1,0,차대차 - 측면충돌,교차로운행방법위반,건조,맑음,교차로 - 교차로안,승용,여,53세,상해없음,승용,여,24세,경상
2019102400100388,2019년 10월 24일 15시,목요일,부산광역시 사상구 모라동,경상사고,0,0,1,0,차대사람 - 기타,안전운전불이행,건조,맑음,단일로 - 기타,승합,남,55세,상해없음,보행자,여,24세,경상
2019102400100423,2019년 10월 24일 16시,목요일,부산광역시 해운대구 우동,경상사고,0,0,1,0,차대차 - 측면충돌,안전거리미확보,건조,맑음,단일로 - 기타,승용,남,40세,상해없음,승용,여,41세,경상
2019102400100424,2019년 10월 24일 16시,목요일,부산광역시 기장군 철마면,경상사고,0,0,2,0,차대차 - 기타,안전운전불이행,적설,맑음,기타 - 기타,승용,남,61세,상해없음,승용,남,54세,경상
2019102400100478,2019년 10월 24일 17시,목요일,부산광역시 사상구 주례동,경상사고,0,0,1,0,차대차 - 추돌,안전운전불이행,건조,맑음,단일로 - 기타,승용,여,53세,상해없음,승용,남,49세,경상
2019102400100530,2019년 10월 24일 18시,목요일,부산광역시 동래구 사직동,경상사고,0,0,1,0,차대차 - 추돌,안전거리미확보,건조,맑음,단일로 - 기타,승용,남,29세,상해없음,승용,여,27세,경상
2019102400100531,2019년 10월 24일 18시,목요일,부산광역시 부산진구 전포동,경상사고,0,0,1,0,차대사람 - 기타,신호위반,건조,맑음,기타 - 기타,승용,남,49세,상해없음,보행자,남,23세,경상
2019102400100532,2019년 10월 24일 18시,목요일,부산광역시 사하구 다대동,중상사고,0,1,0,0,차대사람 - 기타,안전운전불이행,건조,맑음,교차로 - 교차로안,승용,남,65세,상해없음,보행자,여,72세,중상
2019102400100533,2019년 10월 24일 18시,목요일,부산광역시 강서구 대저1동,경상사고,0,0,1,0,차대차 - 추돌,안전운전불이행,건조,맑음,교차로 - 교차로부근,승용,남,57세,상해없음,승용,남,39세,경상
2019102400100597,2019년 10월 24일 19시,목요일,부산광역시 서구 충무동1가,경상사고,0,0,1,0,차대사람 - 차도통행중,안전운전불이행,건조,맑음,단일로 - 기타,승용,여,22세,상해없음,보행자,남,49세,경상
2019102400100598,2019년 10월 24일 19시,목요일,부산광역시 동래구 안락동,경상사고,0,0,1,0,차대차 - 기타,안전운전불이행,건조,맑음,단일로 - 기타,승용,남,44세,상해없음,승용,남,40세,경상
2019102400100599,2019년 10월 24일 19시,목요일,부산광역시 사하구 구평동,경상사고,0,0,1,0,차대차 - 기타,안전운전불이행,건조,맑음,단일로 - 지하차도(도로)내,승용,남,62세,상해없음,승용,남,53세,경상
2019102400100600,2019년 10월 24일 19시,목요일,부산광역시 사하구 괴정동,경상사고,0,0,2,0,차대차 - 측면충돌,안전거리미확보,건조,맑음,단일로 - 기타,승용,여,49세,상해없음,승용,남,45세,경상
2019102400100601,2019년 10월 24일 19시,목요일,부산광역시 수영구 수영동,경상사고,0,0,2,0,차대차 - 기타,안전운전불이행,건조,맑음,단일로 - 교량,승용,여,27세,상해없음,승용,남,53세,기타불명
2019102400100664,2019년 10월 24일 20시,목요일,부산광역시 부산진구 부암동,경상사고,0,0,2,0,차대사람 - 횡단중,안전운전불이행,건조,맑음,기타 - 기타,승용,남,23세,상해없음,보행자,남,57세,경상
2019102400100701,2019년 10월 24일 21시,목요일,부산광역시 동구 범일동,경상사고,0,0,1,0,차대차 - 후진중충돌,안전운전불이행,건조,맑음,단일로 - 기타,화물,남,61세,상해없음,승용,남,35세,경상
2019102400100702,2019년 10월 24일 21시,목요일,부산광역시 수영구 광안동,경상사고,0,0,4,0,차대차 - 측면충돌,교차로운행방법위반,건조,맑음,교차로 - 교차로안,승용,남,52세,상해없음,승용,남,42세,경상
2019102400100703,2019년 10월 24일 21시,목요일,부산광역시 북구 구포동,중상사고,0,1,3,0,차대차 - 기타,신호위반,건조,맑음,교차로 - 교차로안,이륜,남,19세,상해없음,승용,남,63세,경상
2019102400100728,2019년 10월 24일 22시,목요일,부산광역시 북구 만덕동,경상사고,0,0,1,0,차대사람 - 기타,안전운전불이행,건조,맑음,교차로 - 교차로안,승용,남,33세,상해없음,보행자,남,60세,경상
2019102400100729,2019년 10월 24일 22시,목요일,부산광역시 강서구 지사동,경상사고,0,0,1,0,차대차 - 측면충돌,안전운전불이행,건조,맑음,교차로 - 교차로안,승용,여,44세,상해없음,승용,남,35세,경상
2019102400100749,2019년 10월 24일 23시,목요일,부산광역시 중구 중앙동4가,경상사고,0,0,3,0,차대차 - 측면충돌,신호위반,건조,흐림,교차로 - 교차로부근,승용,남,60세,상해없음,승용,남,54세,경상
2019102400100750,2019년 10월 24일 23시,목요일,부산광역시 동래구 안락동,중상사고,0,1,0,0,차대차 - 측면충돌,안전운전불이행,건조,맑음,교차로 - 교차로부근,승용,남,64세,상해없음,승용,남,43세,중상
2019102500100076,2019년 10월 25일 04시,금요일,부산광역시 사하구 감천동,부상신고사고,0,0,0,1,차대차 - 추돌,안전운전불이행,건조,맑음,단일로 - 기타,승용,남,69세,부상신고,화물,남,44세,상해없음
2019102500100110,2019년 10월 25일 07시,금요일,부산광역시 남구 대연동,경상사고,0,0,1,0,차대차 - 추돌,안전거리미확보,건조,맑음,단일로 - 기타,화물,남,73세,상해없음,승용,남,60세,경상
2019102500100111,2019년 10월 25일 07시,금요일,부산광역시 영도구 청학동,경상사고,0,0,2,0,차대차 - 정면충돌,신호위반,건조,맑음,교차로 - 교차로안,이륜,남,58세,경상,화물,남,29세,경상
2019102500100112,2019년 10월 25일 07시,금요일,부산광역시 사하구 감천동,사망사고,1,1,0,0,차대사람 - 횡단중,신호위반,건조,맑음,교차로 - 교차로횡단보도내,승용,남,68세,상해없음,보행자,여,65세,사망
2019102500100113,2019년 10월 25일 07시,금요일,부산광역시 강서구 송정동,중상사고,0,1,0,0,차대차 - 기타,신호위반,건조,맑음,교차로 - 교차로안,승용,여,56세,상해없음,승용,남,38세,중상
2019102500100114,2019년 10월 25일 07시,금요일,부산광역시 사상구 학장동,부상신고사고,0,0,0,1,차대차 - 측면충돌,안전운전불이행,건조,맑음,교차로 - 교차로안,이륜,남,50세,부상신고,화물,남,44세,상해없음
2019102500100141,2019년 10월 25일 08시,금요일,부산광역시 서구 충무동1가,부상신고사고,0,0,0,1,차대사람 - 기타,안전운전불이행,건조,맑음,단일로 - 기타,기타불명,기타불명,미분류,기타불명,보행자,여,57세,부상신고
2019102500100142,2019년 10월 25일 08시,금요일,부산광역시 남구 대연동,중상사고,0,1,0,0,차대사람 - 기타,안전운전불이행,건조,맑음,단일로 - 기타,승합,여,56세,상해없음,보행자,남,7세,중상
2019102500100143,2019년 10월 25일 08시,금요일,부산광역시 강서구 녹산동,경상사고,0,0,1,0,차대차 - 추돌,안전운전불이행,건조,맑음,기타 - 기타,승용,여,61세,기타불명,승용,여,34세,경상
2019102500100220,2019년 10월 25일 10시,금요일,부산광역시 동래구 사직동,경상사고,0,0,2,1,차대차 - 측면충돌,안전운전불이행,건조,맑음,단일로 - 기타,승용,여,64세,부상신고,승용,여,43세,경상
2019102500100221,2019년 10월 25일 10시,금요일,부산광역시 부산진구 부전동,중상사고,0,1,0,0,차대사람 - 횡단중,안전운전불이행,건조,맑음,교차로 - 교차로안,승용,남,49세,상해없음,보행자,여,90세 이상,중상
2019102500100222,2019년 10월 25일 10시,금요일,부산광역시 금정구 남산동,중상사고,0,1,0,0,차대사람 - 횡단중,안전운전불이행,건조,맑음,단일로 - 기타,승용,여,48세,상해없음,보행자,여,79세,중상
2019102500100223,2019년 10월 25일 10시,금요일,부산광역시 강서구 명지동,경상사고,0,0,1,0,차대차 - 추돌,안전운전불이행,건조,맑음,단일로 - 기타,승용,여,43세,상해없음,승용,여,35세,경상
2019102500100280,2019년 10월 25일 12시,금요일,부산광역시 남구 문현동,중상사고,0,1,0,0,차대차 - 기타,안전운전불이행,건조,맑음,단일로 - 기타,승용,남,23세,상해없음,이륜,남,25세,중상
2019102500100281,2019년 10월 25일 12시,금요일,부산광역시 부산진구 당감동,경상사고,0,0,1,0,차대사람 - 차도통행중,안전운전불이행,건조,맑음,단일로 - 기타,승용,여,32세,상해없음,보행자,여,51세,경상
2019102500100282,2019년 10월 25일 12시,금요일,부산광역시 부산진구 양정동,경상사고,0,0,1,0,차대사람 - 길가장자리구역통행중,안전운전불이행,건조,맑음,단일로 - 기타,승용,여,20세,상해없음,보행자,남,51세,경상
2019102500100283,2019년 10월 25일 12시,금요일,부산광역시 사상구 주례동,중상사고,0,1,0,0,차량단독 - 공작물충돌,안전운전불이행,건조,맑음,주차장 - 주차장,승용,남,77세,중상,,,,
2019102500100315,2019년 10월 25일 13시,금요일,부산광역시 동래구 온천동,부상신고사고,0,0,0,1,차대사람 - 기타,안전운전불이행,건조,맑음,교차로 - 교차로안,승용,남,43세,상해없음,보행자,여,60세,부상신고
2019102500100316,2019년 10월 25일 13시,금요일,부산광역시 사하구 하단동,경상사고,0,0,1,1,차대차 - 추돌,안전운전불이행,건조,맑음,단일로 - 기타,이륜,남,20세,부상신고,승용,남,24세,경상
2019102500100317,2019년 10월 25일 13시,금요일,부산광역시 사상구 감전동,중상사고,0,1,0,0,차대차 - 정면충돌,안전운전불이행,건조,맑음,단일로 - 기타,자전거,남,70세,중상,개인형이동수단(PM),남,45세,상해없음
2019102500100357,2019년 10월 25일 14시,금요일,부산광역시 사하구 괴정동,경상사고,0,0,1,0,차대차 - 기타,안전운전불이행,건조,맑음,교차로 - 교차로부근,건설기계,남,57세,상해없음,승용,남,25세,경상
2019102500100358,2019년 10월 25일 14시,금요일,부산광역시 기장군 일광면,경상사고,0,0,3,0,차대차 - 측면충돌,교차로운행방법위반,건조,맑음,교차로 - 교차로안,승용,여,39세,상해없음,기타불명,남,35세,경상
2019102500100406,2019년 10월 25일 15시,금요일,부산광역시 동래구 사직동,경상사고,0,0,1,0,차대차 - 측면충돌,안전운전불이행,건조,맑음,단일로 - 기타,승용,남,42세,경상,화물,남,35세,기타불명