사고번호,사고일시,요일,시군구,사고내용,사망자수,중상자수,경상자수,부상신고자수,사고유형,법규위반,노면상태,기상상태,도로형태,가해운전자 차종,가해운전자 성별,가해운전자 연령,가해운전자 상해정도,피해운전자 차종,피해운전자 성별,피해운전자 연령,피해운전자 상해정도
2019103100100734,2019년 10월 31일 23시,목요일,부산광역시 북구 화명동,중상사고,0,1,2,0,차대차 - 추돌,안전운전불이행,건조,맑음,기타 - 기타,승용,남,38세,상해없음,승용,남,48세,상해없음
2019110100100033,2019년 11월 1일 00시,금요일,부산광역시 부산진구 부암동,중상사고,0,1,2,0,차대차 - 측면충돌,신호위반,건조,맑음,교차로 - 교차로안,승용,남,30세,상해없음,승용,남,67세,경상
2019110100100052,2019년 11월 1일 01시,금요일,부산광역시 해운대구 중동,경상사고,0,0,1,0,차대차 - 측면충돌,교차로운행방법위반,건조,맑음,교차로 - 교차로안,기타불명,기타불명,미분류,기타불명,승합,남,32세,상해없음
2019110100100071,2019년 11월 1일 03시,금요일,부산광역시 사상구 엄궁동,경상사고,0,0,1,0,차대차 - 추돌,안전운전불이행,건조,맑음,단일로 - 기타,승용,남,74세,상해없음,승용,남,47세,상해없음
2019110100100150,2019년 11월 1일 08시,금요일,부산광역시 남구 대연동,경상사고,0,0,2,0,차대차 - 측면충돌,안전운전불이행,건조,맑음,교차로 - 교차로안,승용,여,38세,경상,승용,여,56세,경상
2019110100100151,2019년 11월 1일 08시,금요일,부산광역시 북구 화명동,중상사고,0,1,0,0,차대차 - 기타,안전거리미확보,건조,맑음,단일로 - 기타,승용,남,56세,상해없음,승용,남,29세,중상
2019110100100152,2019년 11월 1일 08시,금요일,부산광역시 부산진구 초읍동,경상사고,0,0,1,0,차대차 - 정면충돌,중앙선침범,건조,맑음,단일로 - 기타,승용,여,61세,상해없음,승용,남,70세,경상
2019110100100153,2019년 11월 1일 08시,금요일,부산광역시 부산진구 가야동,중상사고,0,1,0,0,차대사람 - 횡단중,보행자보호의무위반,건조,맑음,교차로 - 교차로횡단보도내,승용,여,34세,상해없음,보행자,남,27세,중상
2019110100100216,2019년 11월 1일 09시,금요일,부산광역시 동래구 안락동,중상사고,0,1,0,0,차대사람 - 횡단중,보행자보호의무위반,건조,맑음,단일로 - 기타,승용,여,51세,상해없음,보행자,남,29세,중상
2019110100100281,2019년 11월 1일 11시,금요일,부산광역시 동래구 온천동,중상사고,0,1,0,0,차대사람 - 횡단중,보행자보호의무위반,건조,맑음,교차로 - 교차로횡단보도내,승용,남,45세,상해없음,보행자,남,57세,중상
2019110100100321,2019년 11월 1일 12시,금요일,부산광역시 서구 부민동3가,경상사고,0,0,1,0,차대차 - 기타,안전운전불이행,건조,맑음,교차로 - 교차로안,승용,여,39세,상해없음,승용,남,54세,상해없음
2019110100100322,2019년 11월 1일 12시,금요일,부산광역시 북구 덕천동,경상사고,0,0,1,0,차대사람 - 길가장자리구역통행중,안전운전불이행,건조,맑음,단일로 - 기타,승용,여,28세,상해없음,보행자,남,47세,경상
2019110100100323,2019년 11월 1일 12시,금요일,부산광역시 연제구 연산동,부상신고사고,0,0,0,1,차대차 - 기타,안전운전불이행,건조,맑음,단일로 - 기타,이륜,남,18세,부상신고,승용,남,77세,상해없음
2019110100100324,2019년 11월 1일 12시,금요일,부산광역시 사상구 괘법동,경상사고,0,0,1,0,차대차 - 기타,안전운전불이행,건조,맑음,단일로 - 기타,승용,여,35세,상해없음,승용,여,56세,경상
2019110100100325,2019년 11월 1일 12시,금요일,부산광역시 사상구 괘법동,경상사고,0,0,1,0,차량단독 - 기타,안전운전불이행,건조,맑음,단일로 - 기타,승합,남,41세,상해없음,,,,
2019110100100360,2019년 11월 1일 13시,금요일,부산광역시 금정구 노포동,경상사고,0,0,1,0,차대차 - 추돌,중앙선침범,건조,맑음,단일로 - 기타,승용,남,64세,상해없음,화물,남,36세,경상
2019110100100361,2019년 11월 1일 13시,금요일,부산광역시 사상구 감전동,부상신고사고,0,0,0,1,차대차 - 기타,안전운전불이행,건조,맑음,단일로 - 기타,자전거,남,42세,부상신고,화물,남,38세,상해없음
2019110100100401,2019년 11월 1일 14시,금요일,부산광역시 영도구 동삼동,중상사고,0,1,0,0,차대차 - 기타,안전운전불이행,건조,맑음,단일로 - 기타,화물,남,43세,상해없음,기타불명,남,59세,중상
2019110100100402,2019년 11월 1일 14시,금요일,부산광역시 부산진구 당감동,경상사고,0,0,1,0,차량단독 - 기타,안전운전불이행,건조,맑음,단일로 - 기타,승합,남,52세,상해없음,,,,
2019110100100403,2019년 11월 1일 14시,금요일,부산광역시 사하구 당리동,중상사고,0,1,0,0,차대차 - 기타,안전운전불이행,건조,맑음,교차로 - 교차로부근,승용,남,23세,상해없음,승합,남,63세,상해없음
2019110100100481,2019년 11월 1일 16시,금요일,부산광역시 사하구 신평동,경상사고,0,0,1,0,차대차 - 후진중충돌,안전운전불이행,건조,맑음,단일로 - 지하차도(도로)내,승용,여,46세,상해없음,승용,여,48세,경상
2019110100100527,2019년 11월 1일 17시,금요일,부산광역시 중구 중앙동4가,중상사고,0,1,0,0,차대차 - 측면충돌,안전거리미확보,건조,맑음,단일로 - 기타,승용,남,50세,상해없음,이륜,남,55세,중상
2019110100100528,2019년 11월 1일 17시,금요일,부산광역시 사상구 주례동,부상신고사고,0,0,0,1,차대차 - 기타,중앙선침범,건조,맑음,단일로 - 기타,이륜,남,48세,부상신고,승용,여,41세,기타불명
2019110100100575,2019년 11월 1일 18시,금요일,부산광역시 동구 범일동,경상사고,0,0,1,0,차대사람 - 기타,안전운전불이행,건조,맑음,교차로 - 교차로안,승용,남,41세,상해없음,보행자,여,29세,경상
2019110100100576,2019년 11월 1일 18시,금요일,부산광역시 남구 대연동,경상사고,0,0,2,0,차대차 - 기타,안전운전불이행,건조,맑음,기타 - 기타,승용,남,70세,상해없음,이륜,여,32세,경상
2019110100100577,2019년 11월 1일 18시,금요일,부산광역시 사상구 엄궁동,부상신고사고,0,0,0,1,차대차 - 측면충돌,중앙선침범,건조,맑음,단일로 - 기타,이륜,남,18세,부상신고,승용,남,39세,상해없음
2019110100100651,2019년 11월 1일 19시,금요일,부산광역시 북구 덕천동,경상사고,0,0,1,0,차대차 - 측면충돌,안전거리미확보,건조,맑음,단일로 - 기타,승용,남,21세,상해없음,이륜,남,30세,경상
2019110100100652,2019년 11월 1일 19시,금요일,부산광역시 동래구 안락동,경상사고,0,0,1,1,차대차 - 기타,신호위반,건조,맑음,교차로 - 교차로부근,이륜,남,48세,부상신고,승합,남,39세,상해없음
2019110100100710,2019년 11월 1일 20시,금요일,부산광역시 부산진구 부전동,경상사고,0,0,1,0,차대차 - 측면충돌,신호위반,건조,맑음,교차로 - 교차로안,승용,여,39세,상해없음,승용,남,73세,경상
2019110100100740,2019년 11월 1일 21시,금요일,부산광역시 남구 용호동,중상사고,0,1,0,0,차대차 - 측면충돌,안전운전불이행,건조,맑음,단일로 - 기타,승용,남,62세,상해없음,이륜,남,30세,중상
2019110100100741,2019년 11월 1일 21시,금요일,부산광역시 해운대구 중동,경상사고,0,0,1,0,차대차 - 측면충돌,안전운전불이행,건조,맑음,교차로 - 교차로부근,승합,남,48세,상해없음,승용,남,28세,경상
2019110100100742,2019년 11월 1일 21시,금요일,부산광역시 기장군 기장읍,중상사고,0,1,0,0,차대사람 - 횡단중,보행자보호의무위반,건조,맑음,교차로 - 교차로횡단보도내,화물,남,52세,상해없음,보행자,여,70세,중상
2019110100100791,2019년 11월 1일 23시,금요일,부산광역시 기장군 장안읍,중상사고,0,1,1,0,차대사람 - 차도통행중,안전운전불이행,건조,맑음,단일로 - 기타,이륜,남,22세,상해없음,보행자,남,46세,중상
2019110200100031,2019년 11월 2일 00시,토요일,부산광역시 해운대구 재송동,경상사고,0,0,1,0,차대차 - 기타,안전운전불이행,기타,맑음,단일로 - 기타,승용,남,26세,상해없음,승용,여,58세,경상
2019110200100032,2019년 11월 2일 00시,토요일,부산광역시 연제구 거제동,중상사고,0,2,0,0,차대차 - 정면충돌,신호위반,건조,맑음,교차로 - 교차로안,승용,남,41세,기타불명,승용,남,66세,중상
2019110200100067,2019년 11월 2일 03시,토요일,부산광역시 사하구 괴정동,경상사고,0,0,1,0,차대사람 - 차도통행중,안전운전불이행,건조,맑음,교차로 - 교차로안,승용,여,34세,상해없음,보행자,여,85세,경상
2019110200100079,2019년 11월 2일 04시,토요일,부산광역시 동구 좌천동,부상신고사고,0,0,0,1,차량단독 - 공작물충돌,안전운전불이행,건조,맑음,교차로 - 교차로부근,이륜,남,25세,부상신고,,,,
2019110200100080,2019년 11월 2일 04시,토요일,부산광역시 사상구 주례동,중상사고,0,1,0,0,차대차 - 추돌,안전운전불이행,건조,맑음,단일로 - 기타,승용,남,32세,상해없음,원동기,남,51세,중상
2019110200100094,2019년 11월 2일 05시,토요일,부산광역시 사하구 하단동,중상사고,0,1,3,0,차대차 - 기타,신호위반,건조,맑음,교차로 - 교차로안,승용,남,61세,상해없음,승용,남,58세,경상
2019110200100111,2019년 11월 2일 06시,토요일,부산광역시 북구 화명동,중상사고,0,1,0,0,차대사람 - 횡단중,안전운전불이행,건조,맑음,교차로 - 교차로부근,승용,여,53세,상해없음,보행자,여,70세,중상
2019110200100142,2019년 11월 2일 08시,토요일,부산광역시 북구 구포동,경상사고,0,0,1,0,차대차 - 후진중충돌,안전운전불이행,건조,맑음,단일로 - 기타,승용,남,27세,상해없음,승용,남,37세,경상
2019110200100143,2019년 11월 2일 08시,토요일,부산광역시 북구 만덕동,중상사고,0,1,0,0,차대사람 - 기타,안전운전불이행,건조,맑음,단일로 - 기타,승용,남,82세,상해없음,보행자,남,52세,중상
2019110200100144,2019년 11월 2일 08시,토요일,부산광역시 금정구 부곡동,중상사고,0,1,0,0,차대차 - 정면충돌,직진우회전진행방해,건조,맑음,교차로 - 교차로안,승용,여,58세,상해없음,원동기,남,64세,중상
2019110200100175,2019년 11월 2일 09시,토요일,부산광역시 수영구 수영동,중상사고,0,1,0,0,차대사람 - 횡단중,안전운전불이행,건조,맑음,단일로 - 기타,승용,남,66세,상해없음,보행자,남,82세,중상
2019110200100212,2019년 11월 2일 10시,토요일,부산광역시 연제구 연산동,경상사고,0,0,1,0,차대차 - 측면충돌,신호위반,건조,맑음,교차로 - 교차로안,승용,남,35세,기타불명,승용,남,74세,경상
2019110200100213,2019년 11월 2일 10시,토요일,부산광역시 기장군 정관읍,경상사고,0,0,1,0,차대사람 - 횡단중,보행자보호의무위반,건조,맑음,단일로 - 기타,승용,여,37세,상해없음,보행자,남,8세,경상
2019110200100256,2019년 11월 2일 11시,토요일,부산광역시 동래구 안락동,경상사고,0,0,1,0,차대차 - 추돌,안전운전불이행,건조,맑음,교차로 - 교차로부근,건설기계,남,48세,상해없음,자전거,남,67세,경상
2019110200100257,2019년 11월 2일 11시,토요일,부산광역시 금정구 부곡동,중상사고,0,1,1,0,차대차 - 측면충돌,신호위반,건조,맑음,교차로 - 교차로안,원동기,남,41세,중상,화물,남,56세,경상
2019110200100258,2019년 11월 2일 11시,토요일,부산광역시 강서구 봉림동,경상사고,0,0,2,0,차대차 - 기타,안전거리미확보,건조,맑음,단일로 - 기타,승용,남,51세,상해없음,승합,남,69세,상해없음
2019110200100306,2019년 11월 2일 12시,토요일,부산광역시 동구 범일동,경상사고,0,0,1,0,차대사람 - 차도통행중,안전운전불이행,건조,맑음,단일로 - 기타,승용,남,24세,상해없음,보행자,남,73세,경상
2019110200100307,2019년 11월 2일 12시,토요일,부산광역시 수영구 광안동,중상사고,0,1,0,0,차대차 - 측면충돌,안전운전불이행,건조,맑음,교차로 - 교차로안,화물,남,46세,상해없음,자전거,남,51세,중상
2019110200100308,2019년 11월 2일 12시,토요일,부산광역시 남구 용호동,경상사고,0,0,1,0,차대사람 - 기타,안전운전불이행,건조,맑음,주차장 - 주차장,승용,남,69세,상해없음,보행자,여,11세,경상
2019110200100309,2019년 11월 2일 12시,토요일,부산광역시 부산진구 부암동,중상사고,0,1,0,0,차대차 - 기타,기타,건조,맑음,교차로 - 교차로부근,승용,남,59세,상해없음,이륜,남,34세,중상
2019110200100310,2019년 11월 2일 12시,토요일,부산광역시 연제구 연산동,경상사고,0,0,3,0,차대차 - 측면충돌,안전거리미확보,건조,맑음,단일로 - 기타,승용,여,36세,경상,승용,남,31세,경상
2019110200100311,2019년 11월 2일 12시,토요일,부산광역시 수영구 망미동,경상사고,0,0,3,0,차대차 - 추돌,안전운전불이행,건조,맑음,단일로 - 기타,승용,여,50세,상해없음,승용,여,27세,경상
2019110200100347,2019년 11월 2일 13시,토요일,부산광역시 남구 문현동,경상사고,0,0,1,0,차대사람 - 기타,안전운전불이행,건조,맑음,교차로 - 교차로부근,승용,남,29세,상해없음,보행자,남,45세,경상
2019110200100348,2019년 11월 2일 13시,토요일,부산광역시 북구 덕천동,경상사고,0,0,1,0,차대차 - 기타,안전거리미확보,건조,맑음,단일로 - 기타,승용,여,58세,상해없음,승합,남,56세,상해없음
2019110200100349,2019년 11월 2일 13시,토요일,부산광역시 동래구 수안동,경상사고,0,0,1,0,차대사람 - 기타,안전운전불이행,건조,맑음,단일로 - 기타,승용,남,58세,상해없음,보행자,남,64세,경상
2019110200100350,2019년 11월 2일 13시,토요일,부산광역시 동래구 온천동,부상신고사고,0,0,0,1,차대차 - 측면충돌,교차로운행방법위반,건조,맑음,단일로 - 기타,승용,남,44세,부상신고,건설기계,남,57세,상해없음
2019110200100388,2019년 11월 2일 14시,토요일,부산광역시 동구 범일동,중상사고,0,1,0,0,차대사람 - 차도통행중,보행자보호의무위반,건조,흐림,단일로 - 기타,승용,여,44세,상해없음,보행자,여,55세,중상
2019110200100389,2019년 11월 2일 14시,토요일,부산광역시 금정구 청룡동,중상사고,0,1,0,0,차대차 - 측면충돌,안전운전불이행,건조,맑음,단일로 - 기타,승용,여,57세,상해없음,자전거,남,71세,중상
2019110200100429,2019년 11월 2일 15시,토요일,부산광역시 남구 문현동,경상사고,0,0,1,0,차대사람 - 기타,안전운전불이행,건조,맑음,단일로 - 기타,화물,남,27세,상해없음,보행자,여,79세,경상
2019110200100430,2019년 11월 2일 15시,토요일,부산광역시 사하구 하단동,경상사고,0,0,1,0,차대차 - 측면충돌,교차로운행방법위반,건조,맑음,교차로 - 교차로안,승용,여,56세,상해없음,이륜,남,22세,경상
2019110200100431,2019년 11월 2일 15시,토요일,부산광역시 사하구 장림동,경상사고,0,0,1,0,차대차 - 기타,불법유턴,건조,맑음,단일로 - 기타,승용,여,42세,상해없음,승용,남,71세,경상
2019110200100432,2019년 11월 2일 15시,토요일,부산광역시 강서구 대저1동,경상사고,0,0,1,0,차대차 - 측면충돌,안전운전불이행,건조,맑음,단일로 - 기타,승용,남,50세,상해없음,승용,남,60세,상해없음
2019110200100468,2019년 11월 2일 16시,토요일,부산광역시 동구 범일동,경상사고,0,0,1,0,차대차 - 기타,안전운전불이행,건조,흐림,단일로 - 기타,화물,남,58세,상해없음,승용,남,52세,경상
2019110200100469,2019년 11월 2일 16시,토요일,부산광역시 수영구 민락동,경상사고,0,0,1,0,차대차 - 기타,안전운전불이행,건조,맑음,교차로 - 교차로부근,승용,남,30세,상해없음,승용,여,35세,경상
2019110200100470,2019년 11월 2일 16시,토요일,부산광역시 북구 덕천동,경상사고,0,0,1,0,차대사람 - 횡단중,안전운전불이행,건조,맑음,교차로 - 교차로부근,화물,남,28세,상해없음,보행자,여,16세,경상
2019110200100471,2019년 11월 2일 16시,토요일,부산광역시 동래구 안락동,경상사고,0,0,1,0,차대차 - 추돌,안전운전불이행,건조,맑음,교차로 - 교차로부근,승용,남,62세,상해없음,승용,남,58세,경상
2019110200100472,2019년 11월 2일 16시,토요일,부산광역시 금정구 금사동,중상사고,0,1,0,0,차대사람 - 횡단중,보행자보호의무위반,건조,맑음,교차로 - 교차로안,승용,남,45세,상해없음,보행자,남,74세,중상
2019110200100473,2019년 11월 2일 16시,토요일,부산광역시 금정구 금사동,경상사고,0,0,1,0,차대차 - 기타,안전거리미확보,건조,맑음,기타 - 기타,승용,남,45세,상해없음,승합,남,64세,경상
2019110200100500,2019년 11월 2일 17시,토요일,부산광역시 영도구 봉래동1가,경상사고,0,0,1,0,차대차 - 기타,불법유턴,건조,맑음,단일로 - 기타,승용,남,31세,기타불명,승용,남,69세,경상
2019110200100501,2019년 11월 2일 17시,토요일,부산광역시 해운대구 재송동,경상사고,0,0,1,1,차대사람 - 횡단중,안전운전불이행,건조,맑음,단일로 - 기타,이륜,남,59세,부상신고,보행자,남,13세,경상
2019110200100502,2019년 11월 2일 17시,토요일,부산광역시 해운대구 우동,경상사고,0,0,1,0,차대차 - 기타,안전운전불이행,건조,맑음,단일로 - 기타,이륜,남,25세,상해없음,승용,남,49세,상해없음
2019110200100503,2019년 11월 2일 17시,토요일,부산광역시 연제구 연산동,경상사고,0,0,1,0,차대차 - 측면충돌,안전운전불이행,건조,맑음,단일로 - 기타,승용,여,63세,상해없음,승용,남,45세,경상
2019110200100552,2019년 11월 2일 18시,토요일,부산광역시 수영구 민락동,경상사고,0,0,2,0,차대차 - 기타,안전운전불이행,건조,맑음,단일로 - 기타,승합,남,51세,상해없음,승용,남,37세,경상
2019110200100553,2019년 11월 2일 18시,토요일,부산광역시 북구 구포동,중상사고,0,1,0,0,차대사람 - 기타,안전운전불이행,건조,맑음,교차로 - 교차로부근,승용,남,60세,상해없음,보행자,남,11세,중상
2019110200100554,2019년 11월 2일 18시,토요일,부산광역시 부산진구 당감동,경상사고,0,0,2,0,차대차 - 추돌,안전운전불이행,건조,맑음,교차로 - 교차로부근,화물,남,63세,상해없음,승용,남,21세,경상
2019110200100555,2019년 11월 2일 18시,토요일,부산광역시 부산진구 당감동,경상사고,0,0,1,0,차대차 - 기타,차로위반,건조,맑음,단일로 - 기타,승용,남,47세,상해없음,승용,남,34세,경상
2019110200100556,2019년 11월 2일 18시,토요일,부산광역시 기장군 기장읍,경상사고,0,0,2,0,차대차 - 추돌,안전운전불이행,건조,맑음,단일로 - 기타,승용,남,39세,상해없음,승용,남,40세,경상
2019110200100612,2019년 11월 2일 19시,토요일,부산광역시 동구 범일동,중상사고,0,1,0,0,차대차 - 후진중충돌,안전운전불이행,건조,맑음,단일로 - 기타,승용,여,71세,상해없음,승용,여,35세,중상
2019110200100613,2019년 11월 2일 19시,토요일,부산광역시 사상구 감전동,경상사고,0,0,3,0,차대차 - 측면충돌,안전운전불이행,건조,맑음,단일로 - 기타,승용,남,64세,상해없음,승용,남,41세,경상
2019110200100664,2019년 11월 2일 20시,토요일,부산광역시 사상구 괘법동,경상사고,0,0,1,0,차대차 - 측면충돌,신호위반,건조,맑음,교차로 - 교차로안,승용,여,58세,상해없음,승용,남,59세,경상
2019110200100691,2019년 11월 2일 21시,토요일,부산광역시 서구 암남동,경상사고,0,0,1,0,차대사람 - 차도통행중,안전운전불이행,건조,맑음,단일로 - 기타,승용,여,53세,상해없음,보행자,남,58세,경상
2019110200100692,2019년 11월 2일 21시,토요일,부산광역시 수영구 광안동,경상사고,0,0,1,0,차대차 - 기타,안전운전불이행,건조,맑음,단일로 - 기타,승용,남,70세,상해없음,이륜,남,20세,경상
2019110200100693,2019년 11월 2일 21시,토요일,부산광역시 수영구 민락동,경상사고,0,0,2,0,차대차 - 측면충돌,안전운전불이행,건조,맑음,교차로 - 교차로안,승합,남,54세,상해없음,승용,남,29세,경상
2019110200100694,2019년 11월 2일 21시,토요일,부산광역시 부산진구 전포동,중상사고,0,1,0,0,차대사람 - 횡단중,보행자보호의무위반,건조,맑음,기타 - 기타,승용,여,28세,상해없음,보행자,남,56세,중상
2019110200100746,2019년 11월 2일 23시,토요일,부산광역시 부산진구 부전동,중상사고,0,1,0,0,차대차 - 추돌,신호위반,건조,맑음,교차로 - 교차로안,이륜,남,19세,상해없음,이륜,남,44세,중상
2019110200100747,2019년 11월 2일 23시,토요일,부산광역시 사상구 모라동,경상사고,0,0,1,0,차대사람 - 보도통행중,안전운전불이행,건조,맑음,단일로 - 기타,승용,남,26세,상해없음,보행자,남,21세,경상
2019110300100069,2019년 11월 3일 03시,일요일,부산광역시 부산진구 가야동,경상사고,0,0,2,0,차대차 - 측면충돌,차로위반,건조,맑음,단일로 - 기타,승용,남,53세,상해없음,승용,남,60세,경상
2019110300100076,2019년 11월 3일 04시,일요일,부산광역시 부산진구 당감동,중상사고,0,2,1,0,차대차 - 측면충돌,신호위반,건조,맑음,교차로 - 교차로안,승용,남,67세,상해없음,승용,남,62세,중상
2019110300100097,2019년 11월 3일 06시,일요일,부산광역시 해운대구 좌동,부상신고사고,0,0,0,1,차대사람 - 횡단중,안전운전불이행,건조,맑음,교차로 - 교차로횡단보도내,화물,남,31세,상해없음,보행자,여,82세,부상신고
2019110300100108,2019년 11월 3일 07시,일요일,부산광역시 중구 남포동5가,중상사고,0,1,2,0,차대차 - 측면충돌,신호위반,건조,맑음,교차로 - 교차로안,승용,여,34세,상해없음,승용,남,65세,경상
2019110300100147,2019년 11월 3일 10시,일요일,부산광역시 동구 수정동,경상사고,0,0,1,0,차대사람 - 기타,안전운전불이행,건조,맑음,단일로 - 기타,승합,남,42세,상해없음,보행자,남,57세,경상
2019110300100176,2019년 11월 3일 11시,일요일,부산광역시 서구 암남동,중상사고,0,1,1,0,차대차 - 측면충돌,안전운전불이행,건조,맑음,교차로 - 교차로안,승합,남,42세,상해없음,화물,남,64세,경상
2019110300100200,2019년 11월 3일 12시,일요일,부산광역시 중구 중앙동4가,경상사고,0,0,1,0,차대차 - 추돌,안전운전불이행,건조,맑음,단일로 - 기타,승용,남,20세,상해없음,승용,남,48세,경상
2019110300100201,2019년 11월 3일 12시,일요일,부산광역시 수영구 민락동,경상사고,0,0,1,0,차대사람 - 기타,안전운전불이행,건조,맑음,단일로 - 기타,화물,남,69세,상해없음,보행자,남,40세,경상
2019110300100229,2019년 11월 3일 13시,일요일,부산광역시 금정구 부곡동,경상사고,0,0,2,0,차대차 - 기타,안전거리미확보,건조,맑음,단일로 - 기타,승합,남,65세,상해없음,승용,남,46세,상해없음
2019110300100262,2019년 11월 3일 14시,일요일,부산광역시 남구 용호동,경상사고,0,0,1,0,차대차 - 측면충돌,안전운전불이행,건조,맑음,단일로 - 기타,승용,여,45세,경상,승합,남,48세,상해없음
2019110300100263,2019년 11월 3일 14시,일요일,부산광역시 북구 화명동,중상사고,0,1,3,0,차대차 - 기타,안전운전불이행,건조,맑음,교차로 - 교차로안,원동기,남,49세,중상,승용,남,44세,경상
2019110300100264,2019년 11월 3일 14시,일요일,부산광역시 사상구 감전동,중상사고,0,1,0,0,차대사람 - 기타,안전운전불이행,건조,맑음,교차로 - 교차로안,승용,남,58세,상해없음,보행자,남,52세,중상
2019110300100265,2019년 11월 3일 14시,일요일,부산광역시 기장군 일광면,경상사고,0,0,2,0,차대차 - 측면충돌,교차로운행방법위반,건조,맑음,교차로 - 교차로안,승용,여,70세,상해없음,승용,남,26세,경상
2019110300100292,2019년 11월 3일 15시,일요일,부산광역시 동래구 안락동,경상사고,0,0,2,0,차대차 - 추돌,안전거리미확보,건조,맑음,단일로 - 기타,승용,남,36세,상해없음,승용,남,56세,경상
2019110300100293,2019년 11월 3일 15시,일요일,부산광역시 금정구 두구동,경상사고,0,0,1,0,차대차 - 기타,안전운전불이행,건조,맑음,단일로 - 기타,승용,남,48세,상해없음,승용,여,37세,기타불명
2019110300100294,2019년 11월 3일 15시,일요일,부산광역시 기장군 장안읍,중상사고,0,1,0,0,차대사람 - 기타,안전운전불이행,건조,맑음,주차장 - 주차장,승용,남,54세,상해없음,보행자,남,7세,중상
2019110300100335,2019년 11월 3일 16시,일요일,부산광역시 수영구 광안동,부상신고사고,0,0,0,1,차대차 - 측면충돌,안전운전불이행,건조,흐림,교차로 - 교차로안,승용,남,22세,상해없음,이륜,남,18세,부상신고
2019110300100365,2019년 11월 3일 17시,일요일,부산광역시 남구 용호동,중상사고,0,1,0,0,차대사람 - 횡단중,신호위반,젖음/습기,비,교차로 - 교차로횡단보도내,승용,여,67세,상해없음,보행자,여,68세,중상
2019110300100366,2019년 11월 3일 17시,일요일,부산광역시 부산진구 양정동,경상사고,0,0,1,0,차대사람 - 차도통행중,안전운전불이행,건조,맑음,단일로 - 기타,승용,남,21세,상해없음,보행자,남,62세,경상
2019110300100405,2019년 11월 3일 18시,일요일,부산광역시 수영구 망미동,경상사고,0,0,1,0,차대차 - 측면충돌,신호위반,젖음/습기,비,교차로 - 교차로부근,승용,남,35세,상해없음,승용,여,45세,경상
2019110300100406,2019년 11월 3일 18시,일요일,부산광역시 연제구 거제동,경상사고,0,0,1,0,차대차 - 기타,안전운전불이행,젖음/습기,비,단일로 - 기타,기타불명,기타불명,미분류,기타불명,이륜,남,27세,경상
2019110300100439,2019년 11월 3일 19시,일요일,부산광역시 사상구 괘법동,경상사고,0,0,1,0,차대차 - 기타,차로위반,건조,맑음,단일로 - 기타,승용,남,65세,상해없음,이륜,남,28세,경상
2019110300100440,2019년 11월 3일 19시,일요일,부산광역시 기장군 기장읍,경상사고,0,0,1,0,차대사람 - 횡단중,안전운전불이행,건조,기타,단일로 - 기타,승용,여,55세,상해없음,보행자,남,15세,경상
2019110300100476,2019년 11월 3일 20시,일요일,부산광역시 연제구 거제동,중상사고,0,1,0,0,차대사람 - 횡단중,안전운전불이행,건조,맑음,교차로 - 교차로부근,승용,남,33세,상해없음,보행자,여,57세,중상
2019110300100519,2019년 11월 3일 22시,일요일,부산광역시 부산진구 개금동,경상사고,0,0,1,0,차대차 - 추돌,안전운전불이행,건조,맑음,단일로 - 고가도로위,화물,남,47세,상해없음,승용,남,29세,경상
2019110300100530,2019년 11월 3일 23시,일요일,부산광역시 연제구 연산동,경상사고,0,0,1,0,차대차 - 추돌,안전운전불이행,건조,맑음,단일로 - 기타,승용,남,32세,상해없음,승용,남,68세,경상
2019110400100052,2019년 11월 4일 03시,월요일,부산광역시 동구 범일동,경상사고,0,0,1,0,차대차 - 정면충돌,중앙선침범,건조,맑음,단일로 - 기타,승용,여,51세,기타불명,화물,남,52세,경상
2019110400100098,2019년 11월 4일 07시,월요일,부산광역시 동래구 안락동,경상사고,0,0,1,0,차대차 - 측면충돌,안전운전불이행,건조,맑음,교차로 - 교차로안,승용,여,61세,상해없음,승용,남,40세,경상
2019110400100099,2019년 11월 4일 07시,월요일,부산광역시 강서구 대저1동,중상사고,0,1,0,0,차대차 - 측면충돌,불법유턴,건조,맑음,교차로 - 교차로부근,자전거,남,79세,중상,승용,남,60세,상해없음
2019110400100136,2019년 11월 4일 08시,월요일,부산광역시 동래구 안락동,중상사고,0,1,1,0,차대차 - 측면충돌,교차로운행방법위반,건조,맑음,교차로 - 교차로안,승용,남,49세,상해없음,원동기,남,22세,경상
2019110400100137,2019년 11월 4일 08시,월요일,부산광역시 사하구 구평동,경상사고,0,0,1,0,차대차 - 기타,안전운전불이행,건조,맑음,교차로 - 교차로안,자전거,남,31세,경상,승용,남,38세,상해없음
2019110400100138,2019년 11월 4일 08시,월요일,부산광역시 연제구 연산동,경상사고,0,0,2,0,차대차 - 기타,차로위반,건조,맑음,단일로 - 기타,화물,남,60세,상해없음,이륜,남,19세,경상
2019110400100139,2019년 11월 4일 08시,월요일,부산광역시 사상구 주례동,중상사고,0,1,0,0,차대차 - 측면충돌,안전거리미확보,건조,맑음,단일로 - 기타,승용,여,58세,상해없음,승용,남,49세,중상
2019110400100198,2019년 11월 4일 09시,월요일,부산광역시 영도구 동삼동,경상사고,0,0,1,0,차대사람 - 기타,안전운전불이행,건조,맑음,단일로 - 기타,승용,남,60세,상해없음,보행자,여,20세,경상