사고번호,사고일시,요일,시군구,사고내용,사망자수,중상자수,경상자수,부상신고자수,사고유형,법규위반,노면상태,기상상태,도로형태,가해운전자 차종,가해운전자 성별,가해운전자 연령,가해운전자 상해정도,피해운전자 차종,피해운전자 성별,피해운전자 연령,피해운전자 상해정도
2019111000100456,2019년 11월 10일 19시,일요일,부산광역시 남구 대연동,경상사고,0,0,2,0,차대차 - 추돌,안전운전불이행,젖음/습기,비,교차로 - 교차로부근,화물,남,56세,상해없음,승용,남,31세,경상
2019111000100457,2019년 11월 10일 19시,일요일,부산광역시 북구 덕천동,중상사고,0,1,0,1,차대차 - 기타,교차로운행방법위반,건조,맑음,교차로 - 교차로안,이륜,남,28세,부상신고,이륜,남,23세,중상
2019111000100458,2019년 11월 10일 19시,일요일,부산광역시 부산진구 전포동,경상사고,0,0,4,0,차량단독 - 기타,안전운전불이행,젖음/습기,비,단일로 - 기타,승용,남,68세,상해없음,,,,
2019111000100459,2019년 11월 10일 19시,일요일,부산광역시 금정구 구서동,경상사고,0,0,2,0,차대차 - 기타,기타,건조,맑음,교차로 - 교차로안,승용,남,78세,상해없음,승용,여,47세,경상
2019111000100525,2019년 11월 10일 20시,일요일,부산광역시 동래구 안락동,경상사고,0,0,2,0,차대사람 - 횡단중,보행자보호의무위반,젖음/습기,흐림,교차로 - 교차로안,승용,남,67세,상해없음,보행자,여,37세,경상
2019111000100567,2019년 11월 10일 21시,일요일,부산광역시 수영구 남천동,부상신고사고,0,0,0,1,차대차 - 기타,안전운전불이행,젖음/습기,비,교차로 - 교차로부근,승용,여,41세,상해없음,이륜,남,25세,부상신고
2019111000100568,2019년 11월 10일 21시,일요일,부산광역시 강서구 송정동,경상사고,0,0,1,0,차대차 - 추돌,안전운전불이행,건조,맑음,교차로 - 교차로부근,승용,여,54세,상해없음,승용,남,50세,상해없음
2019111000100604,2019년 11월 10일 22시,일요일,부산광역시 해운대구 재송동,경상사고,0,0,1,0,차대차 - 기타,안전운전불이행,젖음/습기,비,단일로 - 기타,승용,남,40세,상해없음,원동기,남,33세,경상
2019111000100605,2019년 11월 10일 22시,일요일,부산광역시 사상구 괘법동,경상사고,0,0,4,0,차대차 - 측면충돌,신호위반,건조,맑음,교차로 - 교차로안,승용,남,25세,기타불명,승용,남,32세,경상
2019111000100634,2019년 11월 10일 23시,일요일,부산광역시 서구 토성동1가,경상사고,0,0,2,0,차대차 - 측면충돌,신호위반,젖음/습기,흐림,교차로 - 교차로안,이륜,여,57세,경상,이륜,남,23세,경상
2019111100100034,2019년 11월 11일 00시,월요일,부산광역시 사상구 모라동,경상사고,0,0,1,0,차대차 - 측면충돌,안전운전불이행,건조,흐림,단일로 - 기타,이륜,남,40세,경상,화물,남,44세,기타불명
2019111100100046,2019년 11월 11일 01시,월요일,부산광역시 부산진구 개금동,경상사고,0,0,1,0,차대차 - 측면충돌,교차로운행방법위반,건조,맑음,교차로 - 교차로안,승용,남,27세,상해없음,승용,남,37세,경상
2019111100100059,2019년 11월 11일 03시,월요일,부산광역시 연제구 연산동,경상사고,0,0,1,0,차대사람 - 기타,안전운전불이행,건조,맑음,단일로 - 기타,이륜,남,36세,상해없음,보행자,남,46세,경상
2019111100100078,2019년 11월 11일 06시,월요일,부산광역시 사상구 삼락동,경상사고,0,0,1,0,차대차 - 측면충돌,신호위반,건조,맑음,교차로 - 교차로안,승용,남,58세,상해없음,승용,여,28세,경상
2019111100100111,2019년 11월 11일 07시,월요일,부산광역시 서구 동대신동3가,경상사고,0,0,1,1,차대차 - 추돌,안전운전불이행,건조,맑음,단일로 - 기타,승용,남,47세,상해없음,승용,남,45세,부상신고
2019111100100112,2019년 11월 11일 07시,월요일,부산광역시 강서구 명지동,경상사고,0,0,1,0,차대차 - 기타,안전운전불이행,건조,맑음,단일로 - 기타,승용,남,29세,상해없음,승용,남,37세,경상
2019111100100190,2019년 11월 11일 09시,월요일,부산광역시 연제구 연산동,경상사고,0,0,1,0,차대차 - 추돌,안전거리미확보,건조,맑음,단일로 - 기타,이륜,남,20세,상해없음,승용,여,20세,경상
2019111100100235,2019년 11월 11일 10시,월요일,부산광역시 북구 화명동,중상사고,0,1,0,0,차대차 - 기타,신호위반,건조,맑음,교차로 - 교차로안,승용,여,48세,상해없음,승용,남,29세,중상
2019111100100316,2019년 11월 11일 12시,월요일,부산광역시 동구 범일동,중상사고,0,1,0,0,차대차 - 측면충돌,교차로운행방법위반,건조,맑음,교차로 - 교차로안,승용,남,36세,상해없음,이륜,남,44세,중상
2019111100100317,2019년 11월 11일 12시,월요일,부산광역시 서구 암남동,중상사고,0,1,0,0,차대차 - 정면충돌,안전운전불이행,건조,맑음,교차로 - 교차로부근,승용,남,75세,상해없음,승용,여,58세,중상
2019111100100398,2019년 11월 11일 14시,월요일,부산광역시 사상구 감전동,경상사고,0,0,2,0,차대차 - 측면충돌,안전거리미확보,건조,맑음,단일로 - 기타,건설기계,남,47세,상해없음,승용,남,27세,경상
2019111100100435,2019년 11월 11일 15시,월요일,부산광역시 중구 남포동6가,경상사고,0,0,2,0,차대차 - 측면충돌,안전운전불이행,건조,맑음,교차로 - 교차로안,승용,남,70세,상해없음,승용,남,38세,경상
2019111100100478,2019년 11월 11일 16시,월요일,부산광역시 사상구 엄궁동,부상신고사고,0,0,0,1,차대차 - 추돌,안전운전불이행,건조,맑음,교차로 - 교차로부근,이륜,남,71세,상해없음,승용,여,50세,부상신고
2019111100100521,2019년 11월 11일 17시,월요일,부산광역시 동래구 안락동,중상사고,0,1,0,0,차대사람 - 횡단중,보행자보호의무위반,건조,맑음,단일로 - 기타,화물,남,63세,상해없음,보행자,남,72세,중상
2019111100100522,2019년 11월 11일 17시,월요일,부산광역시 금정구 장전동,경상사고,0,0,1,0,차대차 - 기타,안전운전불이행,건조,맑음,단일로 - 기타,기타불명,기타불명,미분류,기타불명,자전거,남,24세,경상
2019111100100576,2019년 11월 11일 18시,월요일,부산광역시 부산진구 범천동,중상사고,0,1,0,0,차대차 - 기타,안전거리미확보,건조,맑음,교차로 - 교차로부근,화물,남,67세,상해없음,승용,남,39세,중상
2019111100100577,2019년 11월 11일 18시,월요일,부산광역시 연제구 연산동,경상사고,0,0,1,0,차대차 - 추돌,안전거리미확보,건조,맑음,교차로 - 교차로부근,승용,남,63세,상해없음,승용,여,46세,경상
2019111100100578,2019년 11월 11일 18시,월요일,부산광역시 사상구 괘법동,중상사고,0,1,0,0,차대사람 - 횡단중,보행자보호의무위반,건조,맑음,교차로 - 교차로횡단보도내,승용,여,43세,상해없음,보행자,여,63세,중상
2019111100100633,2019년 11월 11일 19시,월요일,부산광역시 해운대구 재송동,경상사고,0,0,1,0,차량단독 - 공작물충돌,안전운전불이행,건조,맑음,단일로 - 기타,승용,여,44세,경상,,,,
2019111100100672,2019년 11월 11일 20시,월요일,부산광역시 부산진구 부전동,경상사고,0,0,1,0,차대사람 - 기타,안전운전불이행,건조,맑음,기타 - 기타,승용,남,32세,상해없음,보행자,여,65세,경상
2019111100100735,2019년 11월 11일 22시,월요일,부산광역시 강서구 송정동,경상사고,0,0,1,0,차대차 - 기타,신호위반,건조,맑음,교차로 - 교차로부근,승용,남,56세,상해없음,이륜,남,45세,경상
2019111100100736,2019년 11월 11일 22시,월요일,부산광역시 강서구 명지동,경상사고,0,0,1,0,차대차 - 후진중충돌,안전운전불이행,건조,맑음,교차로 - 교차로부근,승용,남,39세,상해없음,승용,남,28세,상해없음
2019111100100756,2019년 11월 11일 23시,월요일,부산광역시 서구 토성동1가,경상사고,0,0,1,1,차대차 - 기타,신호위반,건조,맑음,교차로 - 교차로부근,원동기,남,25세,상해없음,승합,남,45세,경상
2019111200100040,2019년 11월 12일 01시,화요일,부산광역시 남구 대연동,중상사고,0,1,0,0,차대차 - 측면충돌,기타,건조,맑음,교차로 - 교차로안,승용,남,30세,상해없음,승용,남,37세,중상
2019111200100058,2019년 11월 12일 04시,화요일,부산광역시 부산진구 부암동,중상사고,0,1,0,0,차대차 - 측면충돌,신호위반,건조,맑음,교차로 - 교차로안,승용,남,63세,상해없음,이륜,남,21세,중상
2019111200100088,2019년 11월 12일 07시,화요일,부산광역시 남구 대연동,경상사고,0,0,1,0,차대차 - 측면충돌,안전운전불이행,건조,맑음,단일로 - 기타,승합,남,60세,상해없음,승용,여,49세,경상
2019111200100121,2019년 11월 12일 08시,화요일,부산광역시 금정구 서동,중상사고,0,1,0,0,차대차 - 기타,안전운전불이행,건조,맑음,교차로 - 교차로안,승용,남,66세,상해없음,승용,남,43세,중상
2019111200100122,2019년 11월 12일 08시,화요일,부산광역시 사상구 삼락동,중상사고,0,1,0,0,차대사람 - 횡단중,보행자보호의무위반,건조,맑음,교차로 - 교차로안,화물,남,29세,상해없음,보행자,남,42세,중상
2019111200100210,2019년 11월 12일 10시,화요일,부산광역시 부산진구 부전동,중상사고,0,1,0,0,차대사람 - 차도통행중,안전운전불이행,건조,맑음,단일로 - 기타,건설기계,남,48세,상해없음,보행자,여,80세,중상
2019111200100235,2019년 11월 12일 11시,화요일,부산광역시 남구 대연동,경상사고,0,0,1,0,차량단독 - 공작물충돌,안전운전불이행,건조,맑음,단일로 - 기타,승용,남,61세,상해없음,,,,
2019111200100268,2019년 11월 12일 12시,화요일,부산광역시 동구 초량동,경상사고,0,0,1,0,차량단독 - 기타,안전운전불이행,건조,맑음,단일로 - 기타,승용,남,64세,상해없음,,,,
2019111200100297,2019년 11월 12일 13시,화요일,부산광역시 금정구 남산동,경상사고,0,0,1,0,차대차 - 기타,안전거리미확보,건조,맑음,단일로 - 기타,화물,남,62세,상해없음,승용,남,31세,경상
2019111200100298,2019년 11월 12일 13시,화요일,부산광역시 연제구 연산동,경상사고,0,0,1,0,차대차 - 측면충돌,교차로운행방법위반,건조,맑음,교차로 - 교차로안,이륜,남,30세,상해없음,이륜,남,48세,경상
2019111200100323,2019년 11월 12일 14시,화요일,부산광역시 동래구 온천동,경상사고,0,0,1,0,차대차 - 추돌,차로위반,건조,맑음,교차로 - 교차로안,승용,남,53세,상해없음,승합,남,46세,경상
2019111200100324,2019년 11월 12일 14시,화요일,부산광역시 영도구 영선동2가,경상사고,0,0,1,0,차대차 - 측면충돌,안전거리미확보,건조,맑음,단일로 - 기타,화물,남,28세,상해없음,승합,남,52세,경상
2019111200100325,2019년 11월 12일 14시,화요일,부산광역시 강서구 송정동,경상사고,0,0,1,0,차대차 - 측면충돌,신호위반,건조,맑음,교차로 - 교차로안,승용,여,62세,상해없음,승용,남,56세,경상
2019111200100357,2019년 11월 12일 15시,화요일,부산광역시 해운대구 반송동,중상사고,0,1,0,0,차량단독 - 기타,안전운전불이행,건조,맑음,단일로 - 기타,승합,남,41세,상해없음,,,,
2019111200100393,2019년 11월 12일 16시,화요일,부산광역시 부산진구 양정동,중상사고,0,1,2,0,차대차 - 측면충돌,안전운전불이행,건조,맑음,교차로 - 교차로안,승용,여,55세,상해없음,승용,여,60세,경상
2019111200100394,2019년 11월 12일 16시,화요일,부산광역시 사하구 구평동,경상사고,0,0,1,0,차대사람 - 횡단중,보행자보호의무위반,건조,맑음,교차로 - 교차로횡단보도내,승용,남,26세,상해없음,보행자,여,7세,경상
2019111200100395,2019년 11월 12일 16시,화요일,부산광역시 연제구 연산동,중상사고,0,1,0,0,차대차 - 측면충돌,안전거리미확보,건조,맑음,단일로 - 기타,승합,여,59세,기타불명,화물,남,54세,중상
2019111200100435,2019년 11월 12일 17시,화요일,부산광역시 동구 수정동,중상사고,0,1,0,0,차량단독 - 기타,안전운전불이행,건조,맑음,단일로 - 기타,승합,남,55세,상해없음,,,,
2019111200100436,2019년 11월 12일 17시,화요일,부산광역시 부산진구 범천동,경상사고,0,0,1,0,차대차 - 기타,교차로운행방법위반,건조,기타,교차로 - 교차로부근,승합,남,64세,상해없음,승용,남,39세,경상
2019111200100484,2019년 11월 12일 18시,화요일,부산광역시 동래구 명장동,경상사고,0,0,1,0,차대차 - 측면충돌,안전운전불이행,건조,맑음,교차로 - 교차로안,승용,남,64세,상해없음,승용,남,36세,경상
2019111200100485,2019년 11월 12일 18시,화요일,부산광역시 영도구 영선동4가,중상사고,0,1,0,0,차대사람 - 횡단중,안전운전불이행,건조,맑음,단일로 - 기타,승용,남,58세,상해없음,보행자,여,75세,중상
2019111200100486,2019년 11월 12일 18시,화요일,부산광역시 해운대구 우동,중상사고,0,1,0,0,차량단독 - 기타,안전운전불이행,건조,맑음,단일로 - 기타,승합,남,35세,상해없음,,,,
2019111200100487,2019년 11월 12일 18시,화요일,부산광역시 연제구 연산동,중상사고,0,1,0,0,차대차 - 측면충돌,안전운전불이행,건조,맑음,교차로 - 교차로안,화물,남,60세,상해없음,자전거,남,80세,중상
2019111200100545,2019년 11월 12일 19시,화요일,부산광역시 수영구 광안동,중상사고,0,1,1,3,차대차 - 추돌,안전거리미확보,건조,맑음,단일로 - 기타,승용,남,24세,상해없음,승용,남,51세,중상
2019111200100546,2019년 11월 12일 19시,화요일,부산광역시 부산진구 범천동,경상사고,0,0,1,0,차대차 - 측면충돌,신호위반,건조,맑음,교차로 - 교차로안,승용,여,26세,상해없음,이륜,남,25세,경상
2019111200100547,2019년 11월 12일 19시,화요일,부산광역시 금정구 서동,경상사고,0,0,2,0,차대사람 - 기타,안전운전불이행,건조,맑음,단일로 - 기타,승합,남,51세,상해없음,보행자,남,62세,경상
2019111200100578,2019년 11월 12일 20시,화요일,부산광역시 남구 용당동,중상사고,0,1,0,0,차대차 - 추돌,안전운전불이행,건조,맑음,단일로 - 기타,승용,남,52세,상해없음,이륜,남,43세,중상
2019111300100044,2019년 11월 13일 02시,수요일,부산광역시 부산진구 부전동,경상사고,0,0,1,0,차대차 - 기타,안전운전불이행,건조,맑음,교차로 - 교차로부근,승용,남,44세,상해없음,이륜,남,45세,경상
2019111300100056,2019년 11월 13일 04시,수요일,부산광역시 금정구 부곡동,경상사고,0,0,1,0,차대사람 - 기타,안전운전불이행,건조,맑음,단일로 - 기타,화물,남,57세,상해없음,보행자,여,75세,경상
2019111300100066,2019년 11월 13일 05시,수요일,부산광역시 북구 덕천동,부상신고사고,0,0,0,1,차대사람 - 기타,안전운전불이행,건조,맑음,교차로 - 교차로안,승용,남,55세,기타불명,보행자,여,22세,부상신고
2019111300100067,2019년 11월 13일 05시,수요일,부산광역시 연제구 연산동,중상사고,0,1,0,0,차량단독 - 전도전복 - 전도,안전운전불이행,건조,맑음,단일로 - 기타,이륜,남,26세,중상,,,,
2019111300100078,2019년 11월 13일 06시,수요일,부산광역시 기장군 기장읍,중상사고,0,1,1,0,차량단독 - 공작물충돌,안전운전불이행,건조,맑음,교차로 - 교차로부근,승용,남,24세,기타불명,,,,
2019111300100098,2019년 11월 13일 07시,수요일,부산광역시 남구 문현동,경상사고,0,0,1,0,차대차 - 추돌,안전운전불이행,건조,맑음,단일로 - 기타,이륜,남,56세,기타불명,승용,남,29세,경상
2019111300100099,2019년 11월 13일 07시,수요일,부산광역시 금정구 청룡동,경상사고,0,0,1,0,차대차 - 측면충돌,교차로운행방법위반,건조,맑음,교차로 - 교차로부근,승용,남,39세,상해없음,승용,남,33세,경상
2019111300100100,2019년 11월 13일 07시,수요일,부산광역시 사하구 하단동,중상사고,0,1,0,0,차대사람 - 보도통행중,보행자보호의무위반,건조,맑음,단일로 - 지하차도(도로)내,승용,여,60세,기타불명,보행자,남,74세,중상
2019111300100123,2019년 11월 13일 08시,수요일,부산광역시 남구 대연동,경상사고,0,0,2,0,차대차 - 기타,안전운전불이행,건조,맑음,단일로 - 기타,승용,여,40세,상해없음,승합,남,64세,상해없음
2019111300100124,2019년 11월 13일 08시,수요일,부산광역시 강서구 송정동,경상사고,0,0,1,0,차대차 - 기타,신호위반,건조,맑음,교차로 - 교차로안,승용,남,39세,상해없음,승용,여,57세,경상
2019111300100125,2019년 11월 13일 08시,수요일,부산광역시 강서구 화전동,경상사고,0,0,1,0,차대사람 - 기타,안전운전불이행,건조,맑음,교차로 - 교차로횡단보도내,화물,남,49세,상해없음,보행자,남,19세,경상
2019111300100186,2019년 11월 13일 10시,수요일,부산광역시 동래구 낙민동,경상사고,0,0,1,0,차대사람 - 차도통행중,안전운전불이행,건조,맑음,단일로 - 기타,화물,남,67세,상해없음,보행자,여,40세,경상
2019111300100187,2019년 11월 13일 10시,수요일,부산광역시 강서구 송정동,중상사고,0,1,1,0,차대차 - 측면충돌,신호위반,건조,맑음,교차로 - 교차로안,승용,남,66세,경상,화물,남,63세,중상
2019111300100215,2019년 11월 13일 11시,수요일,부산광역시 수영구 남천동,경상사고,0,0,1,0,차대사람 - 기타,안전운전불이행,건조,맑음,단일로 - 기타,승합,남,43세,상해없음,보행자,여,66세,경상
2019111300100216,2019년 11월 13일 11시,수요일,부산광역시 사상구 모라동,경상사고,0,0,1,0,차대차 - 기타,안전운전불이행,건조,맑음,기타 - 기타,승용,남,62세,상해없음,승용,여,54세,경상
2019111300100282,2019년 11월 13일 13시,수요일,부산광역시 동래구 사직동,중상사고,0,1,0,0,차대차 - 기타,신호위반,건조,흐림,교차로 - 교차로안,승용,남,73세,상해없음,원동기,남,50세,중상
2019111300100283,2019년 11월 13일 13시,수요일,부산광역시 부산진구 개금동,경상사고,0,0,1,0,차대사람 - 기타,안전운전불이행,건조,맑음,단일로 - 기타,승용,여,32세,상해없음,보행자,남,47세,경상
2019111300100342,2019년 11월 13일 15시,수요일,부산광역시 수영구 광안동,중상사고,0,1,0,0,차대사람 - 보도통행중,안전운전불이행,건조,맑음,교차로 - 교차로횡단보도내,승용,남,59세,상해없음,보행자,남,34세,중상
2019111300100343,2019년 11월 13일 15시,수요일,부산광역시 수영구 남천동,중상사고,0,1,1,0,차대차 - 측면충돌,안전운전불이행,건조,맑음,단일로 - 기타,승용,남,63세,중상,승용,여,34세,경상
2019111300100344,2019년 11월 13일 15시,수요일,부산광역시 강서구 송정동,경상사고,0,0,1,0,차대차 - 측면충돌,신호위반,건조,맑음,교차로 - 교차로안,특수,남,46세,상해없음,화물,남,32세,경상
2019111300100389,2019년 11월 13일 16시,수요일,부산광역시 부산진구 부전동,중상사고,0,1,0,0,차대사람 - 길가장자리구역통행중,안전운전불이행,건조,맑음,단일로 - 기타,승용,남,43세,상해없음,보행자,남,51세,중상
2019111300100423,2019년 11월 13일 17시,수요일,부산광역시 동래구 온천동,중상사고,0,1,0,0,차대사람 - 기타,안전운전불이행,건조,맑음,교차로 - 교차로안,이륜,남,21세,상해없음,보행자,남,37세,중상
2019111300100424,2019년 11월 13일 17시,수요일,부산광역시 부산진구 부전동,경상사고,0,0,2,0,차대차 - 추돌,안전운전불이행,건조,흐림,교차로 - 교차로부근,승용,남,47세,기타불명,승용,여,40세,경상
2019111300100479,2019년 11월 13일 18시,수요일,부산광역시 수영구 남천동,경상사고,0,0,3,0,차대차 - 기타,신호위반,건조,맑음,교차로 - 교차로부근,승용,여,63세,상해없음,승용,여,52세,경상
2019111300100480,2019년 11월 13일 18시,수요일,부산광역시 동래구 명장동,중상사고,0,1,0,0,차대사람 - 차도통행중,안전운전불이행,건조,맑음,교차로 - 교차로안,승용,남,24세,상해없음,보행자,여,75세,중상
2019111300100481,2019년 11월 13일 18시,수요일,부산광역시 해운대구 반여동,중상사고,0,1,0,0,차대사람 - 기타,안전운전불이행,건조,맑음,교차로 - 교차로부근,승합,남,49세,상해없음,보행자,여,56세,중상
2019111300100482,2019년 11월 13일 18시,수요일,부산광역시 부산진구 연지동,경상사고,0,0,1,0,차대차 - 추돌,안전운전불이행,건조,맑음,단일로 - 기타,승용,남,62세,상해없음,승용,남,52세,경상
2019111300100483,2019년 11월 13일 18시,수요일,부산광역시 부산진구 전포동,중상사고,0,1,0,0,차대사람 - 기타,기타,건조,맑음,기타 - 기타,승용,여,34세,상해없음,보행자,여,62세,중상
2019111300100484,2019년 11월 13일 18시,수요일,부산광역시 사상구 주례동,경상사고,0,0,1,0,차대차 - 측면충돌,신호위반,건조,맑음,단일로 - 기타,승용,남,53세,상해없음,승합,남,61세,경상
2019111300100572,2019년 11월 13일 19시,수요일,부산광역시 해운대구 반여동,경상사고,0,0,1,0,차량단독 - 기타,안전운전불이행,건조,맑음,교차로 - 교차로안,승합,남,48세,상해없음,,,,
2019111300100573,2019년 11월 13일 19시,수요일,부산광역시 수영구 망미동,중상사고,0,1,0,0,차대사람 - 차도통행중,신호위반,건조,맑음,단일로 - 기타,승용,남,61세,상해없음,보행자,남,9세,중상
2019111300100631,2019년 11월 13일 20시,수요일,부산광역시 동래구 안락동,경상사고,0,0,1,0,차대차 - 기타,차로위반,건조,맑음,교차로 - 교차로안,승용,남,62세,상해없음,승용,남,48세,경상
2019111300100700,2019년 11월 13일 22시,수요일,부산광역시 동구 좌천동,중상사고,0,1,2,1,차대차 - 측면충돌,신호위반,건조,맑음,교차로 - 교차로안,승용,남,21세,부상신고,승용,남,64세,중상
2019111300100701,2019년 11월 13일 22시,수요일,부산광역시 동구 초량동,경상사고,0,0,1,0,차대차 - 기타,차로위반,건조,맑음,단일로 - 기타,승용,남,61세,상해없음,승합,남,56세,상해없음
2019111300100702,2019년 11월 13일 22시,수요일,부산광역시 사하구 하단동,경상사고,0,0,1,0,차대차 - 추돌,신호위반,건조,맑음,교차로 - 교차로안,승용,남,57세,상해없음,이륜,남,23세,경상
2019111300100703,2019년 11월 13일 22시,수요일,부산광역시 사하구 다대동,경상사고,0,0,1,0,차대차 - 추돌,안전운전불이행,건조,맑음,단일로 - 기타,승용,남,39세,상해없음,승용,여,45세,경상
2019111300100718,2019년 11월 13일 23시,수요일,부산광역시 북구 구포동,사망사고,1,0,0,1,차량단독 - 전도전복 - 전복,안전운전불이행,건조,맑음,단일로 - 기타,이륜,남,19세,부상신고,,,,
2019111400100048,2019년 11월 14일 02시,목요일,부산광역시 동래구 사직동,중상사고,0,1,0,0,차량단독 - 공작물충돌,안전운전불이행,건조,맑음,단일로 - 기타,승용,남,37세,상해없음,,,,
2019111400100054,2019년 11월 14일 03시,목요일,부산광역시 부산진구 당감동,경상사고,0,0,3,0,차대차 - 측면충돌,신호위반,건조,맑음,교차로 - 교차로안,승용,남,29세,경상,승용,남,65세,경상
2019111400100065,2019년 11월 14일 05시,목요일,부산광역시 부산진구 범천동,중상사고,0,1,0,0,차대차 - 측면충돌,안전운전불이행,건조,맑음,교차로 - 교차로안,이륜,남,18세,기타불명,승용,남,56세,상해없음
2019111400100074,2019년 11월 14일 06시,목요일,부산광역시 동구 초량동,중상사고,0,1,0,0,차대사람 - 횡단중,안전운전불이행,건조,맑음,단일로 - 기타,승합,남,51세,상해없음,보행자,여,56세,중상
2019111400100075,2019년 11월 14일 06시,목요일,부산광역시 부산진구 개금동,경상사고,0,0,1,0,차대차 - 기타,안전거리미확보,건조,맑음,교차로 - 교차로부근,승합,남,64세,경상,승합,남,64세,기타불명
2019111400100088,2019년 11월 14일 07시,목요일,부산광역시 동래구 온천동,경상사고,0,0,1,0,차대차 - 측면충돌,안전운전불이행,건조,맑음,교차로 - 교차로부근,승합,남,64세,상해없음,승용,남,24세,경상
2019111400100089,2019년 11월 14일 07시,목요일,부산광역시 금정구 부곡동,중상사고,0,1,0,0,차대차 - 기타,안전운전불이행,건조,맑음,단일로 - 기타,승합,남,69세,상해없음,개인형이동수단(PM),남,62세,중상
2019111400100121,2019년 11월 14일 08시,목요일,부산광역시 서구 서대신동3가,경상사고,0,0,1,0,차대차 - 측면충돌,안전운전불이행,건조,맑음,단일로 - 기타,화물,남,53세,상해없음,승용,남,41세,경상
2019111400100122,2019년 11월 14일 08시,목요일,부산광역시 부산진구 개금동,경상사고,0,0,1,0,차대차 - 측면충돌,안전운전불이행,건조,맑음,교차로 - 교차로부근,특수,남,57세,상해없음,건설기계,남,37세,경상
2019111400100180,2019년 11월 14일 09시,목요일,부산광역시 수영구 민락동,경상사고,0,0,1,0,차대사람 - 횡단중,보행자보호의무위반,건조,맑음,교차로 - 교차로안,승용,여,54세,상해없음,보행자,남,45세,경상
2019111400100181,2019년 11월 14일 09시,목요일,부산광역시 연제구 연산동,경상사고,0,0,1,0,차대사람 - 차도통행중,안전운전불이행,건조,맑음,교차로 - 교차로부근,승용,남,65세,상해없음,보행자,여,77세,경상
2019111400100182,2019년 11월 14일 09시,목요일,부산광역시 강서구 대저2동,경상사고,0,0,1,0,차대차 - 기타,안전운전불이행,건조,맑음,교차로 - 교차로부근,승용,남,36세,상해없음,화물,남,69세,경상
2019111400100222,2019년 11월 14일 10시,목요일,부산광역시 동구 범일동,경상사고,0,0,1,0,차대사람 - 횡단중,보행자보호의무위반,건조,맑음,단일로 - 기타,승용,남,59세,상해없음,보행자,남,45세,경상
2019111400100223,2019년 11월 14일 10시,목요일,부산광역시 남구 대연동,경상사고,0,0,1,0,차대차 - 측면충돌,안전운전불이행,건조,맑음,교차로 - 교차로안,승용,여,56세,상해없음,승용,남,36세,경상
2019111400100224,2019년 11월 14일 10시,목요일,부산광역시 부산진구 가야동,경상사고,0,0,1,0,차대차 - 추돌,안전운전불이행,건조,맑음,단일로 - 기타,이륜,남,19세,상해없음,이륜,여,27세,경상
2019111400100225,2019년 11월 14일 10시,목요일,부산광역시 사상구 괘법동,경상사고,0,0,1,0,차대차 - 기타,신호위반,건조,맑음,교차로 - 교차로안,화물,남,66세,상해없음,이륜,남,25세,경상
2019111400100264,2019년 11월 14일 11시,목요일,부산광역시 동래구 온천동,중상사고,0,1,0,0,차대차 - 기타,안전운전불이행,건조,맑음,단일로 - 기타,화물,남,69세,상해없음,이륜,남,37세,중상
2019111400100265,2019년 11월 14일 11시,목요일,부산광역시 금정구 남산동,중상사고,0,1,0,0,차대차 - 측면충돌,신호위반,건조,맑음,단일로 - 기타,승용,남,25세,상해없음,이륜,남,47세,중상
2019111400100266,2019년 11월 14일 11시,목요일,부산광역시 기장군 철마면,중상사고,0,1,0,0,차량단독 - 공작물충돌,안전운전불이행,건조,맑음,단일로 - 기타,화물,남,74세,중상,,,,
2019111400100306,2019년 11월 14일 12시,목요일,부산광역시 동구 수정동,중상사고,0,1,0,0,차대사람 - 차도통행중,보행자보호의무위반,건조,맑음,단일로 - 기타,화물,남,73세,상해없음,보행자,남,66세,중상
2019111400100307,2019년 11월 14일 12시,목요일,부산광역시 연제구 연산동,중상사고,0,1,0,0,차대차 - 측면충돌,안전운전불이행,건조,맑음,교차로 - 교차로부근,이륜,남,50세,상해없음,승용,남,39세,중상
2019111400100346,2019년 11월 14일 13시,목요일,부산광역시 연제구 연산동,경상사고,0,0,1,0,차대사람 - 차도통행중,안전운전불이행,건조,맑음,단일로 - 기타,승용,여,40세,상해없음,보행자,여,53세,경상
2019111400100381,2019년 11월 14일 14시,목요일,부산광역시 수영구 광안동,부상신고사고,0,0,0,1,차대차 - 측면충돌,직진우회전진행방해,건조,맑음,교차로 - 교차로안,승용,여,36세,상해없음,자전거,남,50세,부상신고
2019111400100382,2019년 11월 14일 14시,목요일,부산광역시 남구 대연동,경상사고,0,0,1,0,차대차 - 측면충돌,안전운전불이행,건조,맑음,교차로 - 교차로부근,승용,여,33세,상해없음,자전거,여,70세,경상
2019111400100465,2019년 11월 14일 16시,목요일,부산광역시 남구 문현동,경상사고,0,0,1,0,차대사람 - 기타,안전운전불이행,건조,맑음,교차로 - 교차로안,기타불명,기타불명,미분류,기타불명,보행자,여,77세,경상