사고번호,사고일시,요일,시군구,사고내용,사망자수,중상자수,경상자수,부상신고자수,사고유형,법규위반,노면상태,기상상태,도로형태,가해운전자 차종,가해운전자 성별,가해운전자 연령,가해운전자 상해정도,피해운전자 차종,피해운전자 성별,피해운전자 연령,피해운전자 상해정도
2019112300100489,2019년 11월 23일 17시,토요일,부산광역시 부산진구 당감동,중상사고,0,1,2,1,차대차 - 추돌,안전운전불이행,건조,맑음,단일로 - 고가도로위,승용,남,66세,상해없음,화물,남,39세,중상
2019112300100490,2019년 11월 23일 17시,토요일,부산광역시 사상구 학장동,부상신고사고,0,0,0,3,차대차 - 측면충돌,안전운전불이행,건조,맑음,단일로 - 기타,승용,남,30세,부상신고,승용,여,33세,부상신고
2019112300100543,2019년 11월 23일 18시,토요일,부산광역시 동래구 온천동,부상신고사고,0,0,0,1,차대차 - 기타,안전운전불이행,건조,맑음,교차로 - 교차로안,화물,남,50세,상해없음,이륜,남,36세,부상신고
2019112300100544,2019년 11월 23일 18시,토요일,부산광역시 사하구 괴정동,중상사고,0,1,0,0,차대사람 - 기타,안전운전불이행,건조,맑음,단일로 - 기타,승합,남,43세,상해없음,보행자,남,78세,중상
2019112300100545,2019년 11월 23일 18시,토요일,부산광역시 연제구 거제동,경상사고,0,0,1,0,차대차 - 측면충돌,안전운전불이행,건조,맑음,교차로 - 교차로횡단보도내,승용,남,71세,상해없음,자전거,여,53세,경상
2019112300100546,2019년 11월 23일 18시,토요일,부산광역시 연제구 연산동,경상사고,0,0,1,0,차대차 - 측면충돌,안전운전불이행,건조,맑음,교차로 - 교차로안,승용,남,45세,상해없음,승용,남,37세,경상
2019112300100591,2019년 11월 23일 19시,토요일,부산광역시 동래구 안락동,중상사고,0,1,2,0,차대차 - 기타,신호위반,건조,맑음,교차로 - 교차로안,이륜,남,17세,상해없음,승용,남,40세,경상
2019112300100592,2019년 11월 23일 19시,토요일,부산광역시 부산진구 부암동,경상사고,0,0,1,0,차대차 - 기타,안전운전불이행,건조,맑음,교차로 - 교차로안,승용,남,42세,상해없음,승용,남,41세,경상
2019112300100640,2019년 11월 23일 20시,토요일,부산광역시 금정구 노포동,경상사고,0,0,1,0,차대차 - 측면충돌,안전운전불이행,건조,맑음,단일로 - 지하차도(도로)내,화물,남,41세,상해없음,승용,남,59세,경상
2019112300100641,2019년 11월 23일 20시,토요일,부산광역시 사하구 당리동,경상사고,0,0,1,0,차대사람 - 보도통행중,기타,건조,맑음,기타 - 기타,승용,남,29세,상해없음,보행자,여,50세,경상
2019112300100670,2019년 11월 23일 21시,토요일,부산광역시 해운대구 우동,경상사고,0,0,1,0,차대차 - 기타,신호위반,건조,맑음,교차로 - 교차로안,승용,남,62세,상해없음,이륜,남,18세,경상
2019112300100671,2019년 11월 23일 21시,토요일,부산광역시 부산진구 부전동,경상사고,0,0,1,0,차량단독 - 기타,기타,건조,맑음,기타 - 기타,승합,남,48세,상해없음,,,,
2019112300100672,2019년 11월 23일 21시,토요일,부산광역시 사하구 장림동,중상사고,0,3,0,0,차대차 - 측면충돌,안전운전불이행,건조,맑음,교차로 - 교차로안,승용,여,39세,상해없음,이륜,남,18세,중상
2019112300100673,2019년 11월 23일 21시,토요일,부산광역시 사하구 하단동,부상신고사고,0,0,0,1,차대사람 - 차도통행중,안전운전불이행,건조,맑음,단일로 - 기타,승합,남,46세,상해없음,보행자,여,41세,부상신고
2019112300100674,2019년 11월 23일 21시,토요일,부산광역시 사상구 학장동,경상사고,0,0,1,0,차대사람 - 기타,안전운전불이행,건조,맑음,단일로 - 기타,승용,남,24세,상해없음,보행자,남,60세,경상
2019112300100699,2019년 11월 23일 22시,토요일,부산광역시 북구 화명동,경상사고,0,0,1,0,차대사람 - 횡단중,보행자보호의무위반,건조,맑음,단일로 - 지하차도(도로)내,승용,여,55세,상해없음,보행자,남,26세,경상
2019112300100700,2019년 11월 23일 22시,토요일,부산광역시 해운대구 우동,중상사고,0,1,0,0,차대차 - 측면충돌,안전운전불이행,건조,맑음,교차로 - 교차로안,승용,남,34세,상해없음,승용,남,56세,중상
2019112300100701,2019년 11월 23일 22시,토요일,부산광역시 부산진구 범전동,경상사고,0,0,1,0,차대차 - 추돌,안전운전불이행,건조,맑음,단일로 - 기타,승용,남,35세,기타불명,승용,남,25세,경상
2019112300100702,2019년 11월 23일 22시,토요일,부산광역시 사상구 덕포동,경상사고,0,0,1,0,차대사람 - 횡단중,안전운전불이행,건조,맑음,단일로 - 기타,승용,남,65세,상해없음,보행자,남,17세,경상
2019112300100703,2019년 11월 23일 22시,토요일,부산광역시 사상구 엄궁동,경상사고,0,0,1,0,차대차 - 추돌,안전운전불이행,건조,맑음,단일로 - 기타,승용,남,28세,상해없음,승용,남,45세,경상
2019112400100023,2019년 11월 24일 00시,일요일,부산광역시 북구 덕천동,경상사고,0,0,1,0,차대사람 - 보도통행중,안전운전불이행,건조,맑음,교차로 - 교차로안,승용,남,32세,상해없음,보행자,여,19세,경상
2019112400100061,2019년 11월 24일 03시,일요일,부산광역시 부산진구 부전동,경상사고,0,0,1,0,차대사람 - 보도통행중,기타,젖음/습기,비,단일로 - 기타,이륜,남,26세,상해없음,보행자,여,26세,경상
2019112400100098,2019년 11월 24일 06시,일요일,부산광역시 남구 용호동,경상사고,0,0,1,0,차대차 - 정면충돌,중앙선침범,젖음/습기,비,단일로 - 기타,승용,남,41세,상해없음,화물,남,70세,경상
2019112400100112,2019년 11월 24일 07시,일요일,부산광역시 해운대구 반여동,경상사고,0,0,1,0,차대차 - 추돌,안전운전불이행,젖음/습기,흐림,단일로 - 기타,승용,남,53세,상해없음,승용,남,53세,경상
2019112400100143,2019년 11월 24일 10시,일요일,부산광역시 서구 토성동5가,경상사고,0,0,1,0,차대차 - 기타,안전운전불이행,젖음/습기,비,교차로 - 교차로부근,승용,남,68세,상해없음,승용,여,44세,경상
2019112400100144,2019년 11월 24일 10시,일요일,부산광역시 동래구 안락동,중상사고,0,1,0,0,차대사람 - 기타,안전운전불이행,건조,맑음,교차로 - 교차로안,승용,남,65세,상해없음,보행자,여,72세,중상
2019112400100166,2019년 11월 24일 11시,일요일,부산광역시 동구 수정동,중상사고,0,1,0,0,차대차 - 기타,안전운전불이행,젖음/습기,맑음,단일로 - 기타,이륜,남,49세,중상,승용,남,31세,상해없음
2019112400100167,2019년 11월 24일 11시,일요일,부산광역시 서구 암남동,경상사고,0,0,2,0,차대차 - 추돌,안전거리미확보,젖음/습기,비,교차로 - 교차로부근,승용,여,28세,상해없음,승용,여,50세,경상
2019112400100188,2019년 11월 24일 12시,일요일,부산광역시 사하구 하단동,경상사고,0,0,1,0,차대차 - 기타,직진우회전진행방해,건조,맑음,교차로 - 교차로안,승용,여,25세,상해없음,승용,남,33세,경상
2019112400100218,2019년 11월 24일 13시,일요일,부산광역시 중구 남포동4가,경상사고,0,0,1,0,차대사람 - 차도통행중,안전운전불이행,건조,맑음,단일로 - 기타,승용,남,36세,상해없음,보행자,남,60세,경상
2019112400100219,2019년 11월 24일 13시,일요일,부산광역시 동래구 낙민동,부상신고사고,0,0,0,1,차대차 - 기타,안전운전불이행,젖음/습기,비,교차로 - 교차로안,이륜,남,34세,부상신고,승합,남,40세,상해없음
2019112400100240,2019년 11월 24일 14시,일요일,부산광역시 연제구 연산동,경상사고,0,0,1,0,차대차 - 추돌,신호위반,건조,맑음,교차로 - 교차로부근,승용,남,30세,상해없음,승용,남,65세,경상
2019112400100268,2019년 11월 24일 15시,일요일,부산광역시 사상구 모라동,부상신고사고,0,0,0,1,차대차 - 측면충돌,안전운전불이행,건조,맑음,단일로 - 기타,승용,남,66세,상해없음,화물,남,31세,부상신고
2019112400100309,2019년 11월 24일 16시,일요일,부산광역시 중구 남포동4가,경상사고,0,0,1,0,차대사람 - 횡단중,신호위반,건조,맑음,단일로 - 기타,이륜,남,20세,기타불명,보행자,남,65세,경상
2019112400100310,2019년 11월 24일 16시,일요일,부산광역시 해운대구 우동,중상사고,0,1,1,0,차대차 - 추돌,안전운전불이행,건조,맑음,단일로 - 기타,승용,여,61세,상해없음,승용,남,35세,경상
2019112400100311,2019년 11월 24일 16시,일요일,부산광역시 해운대구 반여동,경상사고,0,0,1,0,차대사람 - 보도통행중,신호위반,건조,맑음,단일로 - 기타,승용,남,62세,상해없음,보행자,남,22세,경상
2019112400100342,2019년 11월 24일 17시,일요일,부산광역시 동래구 사직동,경상사고,0,0,1,0,차대차 - 측면충돌,신호위반,건조,맑음,교차로 - 교차로안,이륜,남,21세,경상,승용,남,57세,상해없음
2019112400100401,2019년 11월 24일 18시,일요일,부산광역시 강서구 명지동,경상사고,0,0,1,0,차대사람 - 보도통행중,신호위반,건조,맑음,교차로 - 교차로횡단보도내,이륜,남,17세,상해없음,보행자,여,32세,경상
2019112400100452,2019년 11월 24일 19시,일요일,부산광역시 강서구 대저2동,경상사고,0,0,1,0,차대사람 - 기타,안전운전불이행,건조,맑음,단일로 - 기타,승용,남,58세,상해없음,보행자,남,49세,경상
2019112400100453,2019년 11월 24일 19시,일요일,부산광역시 사상구 감전동,경상사고,0,0,1,0,차대차 - 측면충돌,안전운전불이행,건조,맑음,교차로 - 교차로안,승용,남,49세,상해없음,승용,남,71세,경상
2019112400100484,2019년 11월 24일 20시,일요일,부산광역시 연제구 거제동,중상사고,0,1,0,0,차대차 - 측면충돌,안전거리미확보,건조,맑음,단일로 - 기타,승용,남,32세,상해없음,승용,남,24세,중상
2019112400100511,2019년 11월 24일 21시,일요일,부산광역시 남구 대연동,경상사고,0,0,2,0,차대차 - 추돌,안전거리미확보,건조,맑음,단일로 - 기타,승용,남,44세,상해없음,승용,남,36세,경상
2019112400100512,2019년 11월 24일 21시,일요일,부산광역시 동래구 온천동,중상사고,0,1,1,1,차대차 - 추돌,안전운전불이행,건조,맑음,단일로 - 기타,승용,여,42세,상해없음,화물,남,36세,중상
2019112400100513,2019년 11월 24일 21시,일요일,부산광역시 해운대구 좌동,중상사고,0,1,0,1,차대차 - 측면충돌,신호위반,건조,맑음,교차로 - 교차로안,화물,남,61세,부상신고,승용,남,29세,중상
2019112400100514,2019년 11월 24일 21시,일요일,부산광역시 부산진구 전포동,경상사고,0,0,1,0,차대차 - 추돌,안전운전불이행,건조,맑음,단일로 - 기타,이륜,남,23세,상해없음,승용,남,51세,경상
2019112500100046,2019년 11월 25일 02시,월요일,부산광역시 사상구 모라동,부상신고사고,0,0,0,1,차량단독 - 기타,안전운전불이행,건조,맑음,단일로 - 기타,이륜,남,31세,부상신고,,,,
2019112500100054,2019년 11월 25일 04시,월요일,부산광역시 중구 영주동,사망사고,1,0,0,0,차대사람 - 횡단중,안전운전불이행,건조,맑음,교차로 - 교차로부근,승합,남,46세,상해없음,보행자,남,75세,사망
2019112500100126,2019년 11월 25일 08시,월요일,부산광역시 강서구 명지동,중상사고,0,1,0,0,차대차 - 기타,안전운전불이행,건조,맑음,단일로 - 기타,승용,남,37세,상해없음,승용,여,51세,중상
2019112500100173,2019년 11월 25일 09시,월요일,부산광역시 동래구 안락동,부상신고사고,0,0,0,1,차대차 - 측면충돌,안전운전불이행,건조,맑음,단일로 - 기타,자전거,남,85세,부상신고,승합,남,66세,상해없음
2019112500100174,2019년 11월 25일 09시,월요일,부산광역시 해운대구 중동,경상사고,0,0,1,0,차대차 - 측면충돌,안전거리미확보,건조,맑음,교차로 - 교차로안,화물,남,26세,상해없음,이륜,남,26세,경상
2019112500100175,2019년 11월 25일 09시,월요일,부산광역시 해운대구 우동,경상사고,0,0,2,0,차대차 - 기타,신호위반,건조,맑음,교차로 - 교차로안,승합,남,45세,상해없음,승용,남,38세,경상
2019112500100211,2019년 11월 25일 10시,월요일,부산광역시 기장군 기장읍,사망사고,2,1,0,0,차대사람 - 보도통행중,과속,건조,맑음,단일로 - 기타,화물,남,53세,상해없음,보행자,남,69세,사망
2019112500100273,2019년 11월 25일 12시,월요일,부산광역시 수영구 광안동,경상사고,0,0,1,0,차대차 - 기타,안전운전불이행,건조,맑음,교차로 - 교차로부근,승용,남,54세,상해없음,건설기계,남,51세,경상
2019112500100293,2019년 11월 25일 13시,월요일,부산광역시 부산진구 부전동,중상사고,0,1,0,0,차대사람 - 차도통행중,안전운전불이행,건조,맑음,단일로 - 기타,승용,남,64세,상해없음,보행자,여,71세,중상
2019112500100294,2019년 11월 25일 13시,월요일,부산광역시 사상구 삼락동,경상사고,0,0,1,0,차대차 - 기타,기타,건조,맑음,단일로 - 기타,화물,남,48세,상해없음,승용,여,39세,경상
2019112500100332,2019년 11월 25일 14시,월요일,부산광역시 남구 대연동,중상사고,0,1,0,0,차대차 - 추돌,안전운전불이행,건조,맑음,단일로 - 터널,승용,남,30세,상해없음,승용,여,58세,중상
2019112500100333,2019년 11월 25일 14시,월요일,부산광역시 강서구 천성동,경상사고,0,0,1,0,차대사람 - 기타,안전운전불이행,건조,맑음,단일로 - 기타,승용,남,57세,상해없음,보행자,여,65세,경상
2019112500100334,2019년 11월 25일 14시,월요일,부산광역시 사상구 감전동,경상사고,0,0,1,0,차대차 - 추돌,안전거리미확보,건조,맑음,단일로 - 기타,특수,남,48세,상해없음,승용,여,37세,경상
2019112500100335,2019년 11월 25일 14시,월요일,부산광역시 사상구 엄궁동,중상사고,0,1,0,0,차량단독 - 공작물충돌,안전운전불이행,건조,맑음,교차로 - 교차로부근,이륜,여,65세,중상,,,,
2019112500100400,2019년 11월 25일 16시,월요일,부산광역시 서구 부민동3가,중상사고,0,2,0,0,차대차 - 측면충돌,직진우회전진행방해,건조,맑음,교차로 - 교차로안,승용,여,46세,상해없음,원동기,남,63세,중상
2019112500100401,2019년 11월 25일 16시,월요일,부산광역시 해운대구 중동,경상사고,0,0,1,0,차대차 - 추돌,안전운전불이행,젖음/습기,비,단일로 - 기타,승용,남,61세,상해없음,승용,여,30세,경상
2019112500100402,2019년 11월 25일 16시,월요일,부산광역시 해운대구 우동,경상사고,0,0,1,0,차대차 - 추돌,안전운전불이행,건조,맑음,교차로 - 교차로안,승용,남,65세,상해없음,승용,여,39세,경상
2019112500100441,2019년 11월 25일 17시,월요일,부산광역시 기장군 장안읍,경상사고,0,0,1,0,차대차 - 기타,차로위반,젖음/습기,맑음,교차로 - 교차로부근,승용,여,51세,상해없음,승용,여,36세,경상
2019112500100510,2019년 11월 25일 18시,월요일,부산광역시 부산진구 전포동,경상사고,0,0,1,0,차대차 - 측면충돌,안전운전불이행,건조,맑음,교차로 - 교차로안,승용,여,28세,상해없음,이륜,남,28세,경상
2019112500100511,2019년 11월 25일 18시,월요일,부산광역시 사상구 괘법동,경상사고,0,0,2,0,차대차 - 추돌,안전운전불이행,건조,맑음,단일로 - 기타,승용,남,42세,상해없음,승용,남,54세,경상
2019112500100572,2019년 11월 25일 19시,월요일,부산광역시 사상구 엄궁동,경상사고,0,0,1,0,차대차 - 측면충돌,안전운전불이행,건조,흐림,단일로 - 기타,화물,남,57세,상해없음,승용,남,64세,경상
2019112500100573,2019년 11월 25일 19시,월요일,부산광역시 기장군 일광면,경상사고,0,0,1,0,차대차 - 측면충돌,안전운전불이행,건조,맑음,교차로 - 교차로안,승용,남,66세,상해없음,승용,남,61세,경상
2019112500100619,2019년 11월 25일 20시,월요일,부산광역시 동래구 온천동,경상사고,0,0,1,0,차대차 - 측면충돌,안전운전불이행,건조,맑음,교차로 - 교차로안,이륜,남,21세,경상,승용,남,73세,상해없음
2019112500100620,2019년 11월 25일 20시,월요일,부산광역시 부산진구 범천동,중상사고,0,1,1,0,차대차 - 측면충돌,교차로운행방법위반,건조,맑음,교차로 - 교차로안,승용,남,56세,상해없음,승용,남,47세,중상
2019112500100654,2019년 11월 25일 21시,월요일,부산광역시 동래구 온천동,경상사고,0,0,1,0,차대차 - 측면충돌,안전운전불이행,건조,맑음,단일로 - 기타,승용,남,43세,상해없음,승용,남,31세,경상
2019112500100676,2019년 11월 25일 22시,월요일,부산광역시 강서구 명지동,중상사고,0,1,0,0,차대차 - 측면충돌,안전운전불이행,건조,맑음,교차로 - 교차로안,승용,남,30세,상해없음,이륜,남,25세,중상
2019112500100697,2019년 11월 25일 23시,월요일,부산광역시 수영구 광안동,경상사고,0,0,1,0,차대차 - 측면충돌,안전운전불이행,건조,맑음,단일로 - 기타,승용,여,38세,상해없음,승용,남,35세,경상
2019112600100051,2019년 11월 26일 01시,화요일,부산광역시 수영구 수영동,경상사고,0,0,3,0,차대차 - 측면충돌,중앙선침범,건조,맑음,단일로 - 기타,승용,남,29세,상해없음,승용,남,37세,경상
2019112600100077,2019년 11월 26일 05시,화요일,부산광역시 해운대구 좌동,부상신고사고,0,0,0,1,차대차 - 후진중충돌,안전운전불이행,건조,맑음,단일로 - 기타,승합,남,56세,상해없음,승용,남,49세,부상신고
2019112600100078,2019년 11월 26일 05시,화요일,부산광역시 사하구 신평동,중상사고,0,1,0,0,차대차 - 기타,기타,건조,맑음,단일로 - 기타,화물,남,58세,상해없음,이륜,남,62세,중상
2019112600100089,2019년 11월 26일 06시,화요일,부산광역시 강서구 명지동,경상사고,0,0,1,0,차대차 - 기타,안전운전불이행,건조,맑음,단일로 - 기타,승용,남,24세,상해없음,건설기계,남,36세,상해없음
2019112600100110,2019년 11월 26일 07시,화요일,부산광역시 수영구 남천동,중상사고,0,1,1,0,차대차 - 측면충돌,안전운전불이행,건조,맑음,단일로 - 기타,화물,남,38세,경상,승용,여,26세,중상
2019112600100111,2019년 11월 26일 07시,화요일,부산광역시 동래구 사직동,경상사고,0,0,1,0,차대차 - 측면충돌,안전거리미확보,건조,맑음,단일로 - 기타,승용,남,57세,상해없음,승용,남,35세,경상
2019112600100135,2019년 11월 26일 08시,화요일,부산광역시 동래구 온천동,경상사고,0,0,1,0,차대차 - 측면충돌,안전거리미확보,건조,맑음,단일로 - 기타,자전거,남,59세,경상,승용,여,45세,상해없음
2019112600100136,2019년 11월 26일 08시,화요일,부산광역시 해운대구 우동,중상사고,0,1,0,0,차대사람 - 차도통행중,안전운전불이행,젖음/습기,비,단일로 - 기타,승용,남,39세,상해없음,보행자,남,60세,중상
2019112600100137,2019년 11월 26일 08시,화요일,부산광역시 사하구 하단동,경상사고,0,0,1,0,차대사람 - 기타,안전운전불이행,건조,맑음,단일로 - 지하차도(도로)내,승용,여,48세,상해없음,보행자,남,23세,경상
2019112600100176,2019년 11월 26일 09시,화요일,부산광역시 부산진구 당감동,경상사고,0,0,1,0,차대차 - 측면충돌,차로위반,건조,맑음,단일로 - 기타,승용,남,37세,경상,화물,남,62세,상해없음
2019112600100211,2019년 11월 26일 10시,화요일,부산광역시 북구 구포동,중상사고,0,1,0,0,차대사람 - 기타,안전운전불이행,건조,맑음,교차로 - 교차로부근,화물,남,62세,상해없음,보행자,여,75세,중상
2019112600100212,2019년 11월 26일 10시,화요일,부산광역시 사하구 괴정동,부상신고사고,0,0,0,1,차대차 - 추돌,안전운전불이행,건조,맑음,교차로 - 교차로안,승용,여,34세,상해없음,승용,여,53세,부상신고
2019112600100213,2019년 11월 26일 10시,화요일,부산광역시 강서구 명지동,중상사고,0,1,0,0,차대차 - 측면충돌,안전운전불이행,건조,맑음,단일로 - 기타,승용,남,69세,상해없음,승합,남,29세,상해없음
2019112600100248,2019년 11월 26일 11시,화요일,부산광역시 북구 금곡동,부상신고사고,0,0,0,1,차대차 - 기타,안전운전불이행,건조,맑음,교차로 - 교차로안,이륜,남,20세,부상신고,승용,여,44세,상해없음
2019112600100249,2019년 11월 26일 11시,화요일,부산광역시 부산진구 범천동,중상사고,0,1,0,0,차대사람 - 차도통행중,안전운전불이행,건조,맑음,교차로 - 교차로안,승용,여,36세,상해없음,보행자,여,79세,중상
2019112600100282,2019년 11월 26일 12시,화요일,부산광역시 동래구 온천동,경상사고,0,0,1,0,차대차 - 기타,안전운전불이행,건조,맑음,교차로 - 교차로부근,승용,여,38세,상해없음,승용,남,47세,경상
2019112600100283,2019년 11월 26일 12시,화요일,부산광역시 부산진구 초읍동,중상사고,0,1,0,0,차대사람 - 횡단중,보행자보호의무위반,건조,맑음,교차로 - 교차로부근,승용,여,60세,상해없음,보행자,여,52세,중상
2019112600100316,2019년 11월 26일 13시,화요일,부산광역시 동구 수정동,부상신고사고,0,0,0,1,차대사람 - 횡단중,보행자보호의무위반,건조,맑음,단일로 - 기타,화물,남,58세,상해없음,보행자,남,80세,부상신고
2019112600100317,2019년 11월 26일 13시,화요일,부산광역시 북구 화명동,경상사고,0,0,1,0,차대사람 - 기타,보행자보호의무위반,건조,맑음,단일로 - 기타,승용,남,65세,상해없음,보행자,여,31세,경상
2019112600100318,2019년 11월 26일 13시,화요일,부산광역시 사상구 감전동,경상사고,0,0,1,0,차대차 - 측면충돌,차로위반,건조,맑음,단일로 - 기타,화물,남,59세,상해없음,승용,남,39세,경상
2019112600100354,2019년 11월 26일 14시,화요일,부산광역시 동래구 안락동,중상사고,0,1,0,0,차대차 - 기타,안전운전불이행,건조,맑음,기타 - 기타,이륜,남,76세,중상,승용,남,40세,상해없음
2019112600100355,2019년 11월 26일 14시,화요일,부산광역시 금정구 금사동,경상사고,0,0,1,0,차대차 - 기타,안전거리미확보,건조,맑음,단일로 - 기타,승용,남,47세,상해없음,승용,남,48세,경상
2019112600100385,2019년 11월 26일 15시,화요일,부산광역시 금정구 서동,경상사고,0,0,1,0,차대차 - 측면충돌,교차로운행방법위반,건조,맑음,교차로 - 교차로안,원동기,남,37세,경상,승용,여,57세,상해없음
2019112600100386,2019년 11월 26일 15시,화요일,부산광역시 사상구 모라동,중상사고,0,1,1,0,차대차 - 측면충돌,신호위반,건조,맑음,교차로 - 교차로안,승용,여,50세,중상,이륜,남,60세,경상
2019112600100424,2019년 11월 26일 16시,화요일,부산광역시 수영구 수영동,경상사고,0,0,1,0,차대차 - 측면충돌,안전운전불이행,건조,맑음,단일로 - 기타,승용,여,37세,상해없음,이륜,남,23세,경상
2019112600100467,2019년 11월 26일 17시,화요일,부산광역시 북구 만덕동,부상신고사고,0,0,0,1,차대차 - 기타,안전거리미확보,건조,맑음,단일로 - 기타,건설기계,남,57세,상해없음,승용,여,37세,부상신고
2019112600100468,2019년 11월 26일 17시,화요일,부산광역시 기장군 기장읍,중상사고,0,1,8,0,차대차 - 추돌,안전운전불이행,건조,맑음,단일로 - 기타,승용,남,60세,상해없음,화물,남,59세,경상
2019112600100576,2019년 11월 26일 19시,화요일,부산광역시 수영구 광안동,경상사고,0,0,3,0,차대차 - 기타,안전운전불이행,건조,맑음,단일로 - 기타,승용,남,34세,경상,승용,남,23세,경상
2019112600100577,2019년 11월 26일 19시,화요일,부산광역시 수영구 민락동,중상사고,0,1,0,0,차대차 - 기타,안전운전불이행,건조,맑음,교차로 - 교차로안,승용,남,20세,상해없음,이륜,남,39세,중상
2019112600100613,2019년 11월 26일 20시,화요일,부산광역시 동래구 안락동,경상사고,0,0,1,0,차대차 - 측면충돌,안전운전불이행,건조,맑음,단일로 - 기타,승용,남,54세,상해없음,승용,남,49세,경상
2019112600100614,2019년 11월 26일 20시,화요일,부산광역시 부산진구 부전동,경상사고,0,0,1,0,차대사람 - 횡단중,보행자보호의무위반,건조,맑음,교차로 - 교차로부근,승용,남,56세,상해없음,보행자,남,35세,경상
2019112600100615,2019년 11월 26일 20시,화요일,부산광역시 기장군 기장읍,경상사고,0,0,2,0,차대차 - 측면충돌,교차로운행방법위반,건조,맑음,교차로 - 교차로안,승용,여,30세,경상,승용,남,42세,경상
2019112600100653,2019년 11월 26일 21시,화요일,부산광역시 부산진구 부전동,경상사고,0,0,1,0,차대사람 - 보도통행중,기타,건조,맑음,기타 - 기타,이륜,남,70세,상해없음,보행자,여,27세,경상
2019112600100654,2019년 11월 26일 21시,화요일,부산광역시 강서구 구랑동,경상사고,0,0,1,0,차대차 - 추돌,안전운전불이행,건조,맑음,단일로 - 기타,특수,남,41세,기타불명,특수,남,52세,경상
2019112600100655,2019년 11월 26일 21시,화요일,부산광역시 사상구 주례동,중상사고,0,1,1,0,차대차 - 추돌,안전운전불이행,건조,맑음,단일로 - 기타,승용,남,37세,상해없음,승용,남,27세,중상
2019112600100685,2019년 11월 26일 22시,화요일,부산광역시 북구 금곡동,경상사고,0,0,1,0,차대차 - 측면충돌,안전운전불이행,건조,맑음,교차로 - 교차로안,이륜,남,18세,경상,승합,남,46세,상해없음
2019112600100686,2019년 11월 26일 22시,화요일,부산광역시 사상구 엄궁동,사망사고,1,0,0,0,차량단독 - 기타,안전운전불이행,건조,맑음,교차로 - 교차로안,승용,남,54세,사망,,,,
2019112600100706,2019년 11월 26일 23시,화요일,부산광역시 금정구 구서동,중상사고,0,1,0,0,차대사람 - 기타,안전운전불이행,건조,맑음,교차로 - 교차로안,승용,남,56세,상해없음,보행자,남,57세,중상
2019112700100032,2019년 11월 27일 00시,수요일,부산광역시 남구 문현동,경상사고,0,0,1,0,차대차 - 측면충돌,안전운전불이행,건조,맑음,단일로 - 기타,이륜,여,56세,상해없음,이륜,남,38세,경상
2019112700100062,2019년 11월 27일 05시,수요일,부산광역시 북구 덕천동,중상사고,0,1,0,0,차대차 - 기타,안전거리미확보,건조,맑음,단일로 - 기타,승용,남,60세,상해없음,이륜,남,53세,중상
2019112700100092,2019년 11월 27일 07시,수요일,부산광역시 연제구 거제동,경상사고,0,0,1,0,차대차 - 기타,안전거리미확보,건조,맑음,단일로 - 기타,승용,남,65세,상해없음,승용,남,62세,경상
2019112700100119,2019년 11월 27일 08시,수요일,부산광역시 사하구 하단동,경상사고,0,0,1,0,차대차 - 측면충돌,신호위반,건조,맑음,교차로 - 교차로안,승용,남,66세,상해없음,승용,남,60세,경상
2019112700100163,2019년 11월 27일 09시,수요일,부산광역시 동래구 온천동,경상사고,0,0,2,0,차대차 - 측면충돌,안전운전불이행,건조,맑음,단일로 - 기타,승용,남,47세,경상,화물,남,56세,경상
2019112700100192,2019년 11월 27일 10시,수요일,부산광역시 수영구 수영동,경상사고,0,0,1,0,차대차 - 추돌,기타,건조,맑음,교차로 - 교차로안,승합,남,55세,상해없음,화물,남,55세,경상
2019112700100193,2019년 11월 27일 10시,수요일,부산광역시 강서구 강동동,중상사고,0,1,0,0,차대사람 - 기타,안전거리미확보,건조,맑음,단일로 - 기타,화물,남,55세,상해없음,보행자,여,70세,중상
2019112700100285,2019년 11월 27일 13시,수요일,부산광역시 동래구 온천동,경상사고,0,0,2,0,차대차 - 측면충돌,안전운전불이행,건조,맑음,단일로 - 기타,화물,남,59세,상해없음,승용,남,41세,경상
2019112700100323,2019년 11월 27일 14시,수요일,부산광역시 금정구 오륜동,중상사고,0,1,0,0,차량단독 - 공작물충돌,안전운전불이행,건조,맑음,단일로 - 기타,화물,여,47세,상해없음,,,,
2019112700100324,2019년 11월 27일 14시,수요일,부산광역시 연제구 거제동,경상사고,0,0,1,0,차대차 - 기타,안전운전불이행,건조,맑음,단일로 - 기타,화물,남,26세,상해없음,승용,남,33세,경상
2019112700100325,2019년 11월 27일 14시,수요일,부산광역시 강서구 대저1동,중상사고,0,1,0,0,차대차 - 기타,안전거리미확보,건조,맑음,교차로 - 교차로부근,화물,남,65세,상해없음,특수,남,28세,중상
2019112700100369,2019년 11월 27일 15시,수요일,부산광역시 금정구 부곡동,부상신고사고,0,0,0,1,차대차 - 측면충돌,안전운전불이행,건조,맑음,교차로 - 교차로안,원동기,남,18세,부상신고,화물,남,54세,상해없음