사고번호,사고일시,요일,시군구,사고내용,사망자수,중상자수,경상자수,부상신고자수,사고유형,법규위반,노면상태,기상상태,도로형태,가해운전자 차종,가해운전자 성별,가해운전자 연령,가해운전자 상해정도,피해운전자 차종,피해운전자 성별,피해운전자 연령,피해운전자 상해정도
2019112700100370,2019년 11월 27일 15시,수요일,부산광역시 사하구 하단동,경상사고,0,0,1,0,차대사람 - 횡단중,신호위반,건조,맑음,교차로 - 교차로횡단보도내,승용,남,67세,상해없음,보행자,여,8세,경상
2019112700100371,2019년 11월 27일 15시,수요일,부산광역시 기장군 기장읍,중상사고,0,1,0,0,차대사람 - 횡단중,안전운전불이행,건조,맑음,교차로 - 교차로부근,승용,남,52세,기타불명,보행자,남,71세,중상
2019112700100412,2019년 11월 27일 16시,수요일,부산광역시 부산진구 양정동,중상사고,0,1,0,0,차대차 - 측면충돌,직진우회전진행방해,건조,맑음,교차로 - 교차로안,승용,여,32세,기타불명,승용,남,36세,중상
2019112700100437,2019년 11월 27일 17시,수요일,부산광역시 북구 금곡동,경상사고,0,0,1,0,차대차 - 기타,신호위반,건조,맑음,교차로 - 교차로안,승용,남,58세,상해없음,승용,여,45세,경상
2019112700100438,2019년 11월 27일 17시,수요일,부산광역시 북구 덕천동,경상사고,0,0,1,0,차대차 - 측면충돌,차로위반,건조,맑음,단일로 - 기타,승용,여,33세,상해없음,승용,남,30세,경상
2019112700100439,2019년 11월 27일 17시,수요일,부산광역시 동래구 온천동,중상사고,0,1,0,0,차대차 - 측면충돌,안전거리미확보,건조,맑음,단일로 - 기타,승합,남,60세,상해없음,원동기,남,74세,중상
2019112700100440,2019년 11월 27일 17시,수요일,부산광역시 동래구 온천동,중상사고,0,1,0,0,차대차 - 추돌,신호위반,건조,맑음,교차로 - 교차로안,자전거,남,75세,중상,화물,남,62세,상해없음
2019112700100441,2019년 11월 27일 17시,수요일,부산광역시 부산진구 부암동,중상사고,0,1,0,0,차대사람 - 기타,안전운전불이행,건조,맑음,단일로 - 기타,승합,남,63세,상해없음,보행자,여,71세,중상
2019112700100497,2019년 11월 27일 18시,수요일,부산광역시 서구 부용동2가,부상신고사고,0,0,0,2,차대사람 - 횡단중,보행자보호의무위반,건조,맑음,교차로 - 교차로횡단보도내,이륜,남,52세,상해없음,보행자,여,37세,부상신고
2019112700100498,2019년 11월 27일 18시,수요일,부산광역시 수영구 광안동,경상사고,0,0,1,0,차대차 - 기타,안전운전불이행,건조,맑음,단일로 - 기타,승용,여,30세,상해없음,화물,남,66세,상해없음
2019112700100499,2019년 11월 27일 18시,수요일,부산광역시 해운대구 좌동,중상사고,0,1,0,0,차대사람 - 기타,보행자보호의무위반,기타,맑음,단일로 - 기타,승용,남,65세,상해없음,보행자,여,70세,중상
2019112700100500,2019년 11월 27일 18시,수요일,부산광역시 금정구 남산동,경상사고,0,0,3,0,차대차 - 측면충돌,신호위반,건조,맑음,교차로 - 교차로안,이륜,남,36세,상해없음,승용,남,62세,경상
2019112700100501,2019년 11월 27일 18시,수요일,부산광역시 사상구 모라동,사망사고,1,0,0,0,차대사람 - 횡단중,안전운전불이행,건조,맑음,교차로 - 교차로안,승합,남,71세,상해없음,보행자,남,75세,사망
2019112700100557,2019년 11월 27일 19시,수요일,부산광역시 북구 화명동,중상사고,0,1,0,0,차대차 - 기타,중앙선침범,건조,맑음,단일로 - 기타,승용,남,48세,상해없음,이륜,남,24세,중상
2019112700100558,2019년 11월 27일 19시,수요일,부산광역시 연제구 연산동,중상사고,0,1,0,0,차대차 - 측면충돌,안전거리미확보,건조,맑음,단일로 - 기타,승용,남,25세,상해없음,이륜,남,26세,중상
2019112700100657,2019년 11월 27일 22시,수요일,부산광역시 북구 덕천동,경상사고,0,0,3,0,차대차 - 기타,신호위반,건조,맑음,교차로 - 교차로안,이륜,남,18세,경상,승용,남,49세,경상
2019112700100658,2019년 11월 27일 22시,수요일,부산광역시 부산진구 전포동,중상사고,0,1,0,0,차대차 - 기타,안전운전불이행,건조,맑음,단일로 - 기타,이륜,남,27세,상해없음,이륜,남,35세,중상
2019112800100025,2019년 11월 28일 00시,목요일,부산광역시 사하구 다대동,중상사고,0,1,2,0,차대차 - 추돌,안전운전불이행,건조,맑음,교차로 - 교차로부근,승용,남,49세,기타불명,승용,남,62세,경상
2019112800100043,2019년 11월 28일 02시,목요일,부산광역시 동래구 사직동,중상사고,0,2,0,0,차대차 - 기타,안전운전불이행,건조,맑음,단일로 - 기타,승용,남,57세,상해없음,승용,남,28세,중상
2019112800100051,2019년 11월 28일 04시,목요일,부산광역시 연제구 거제동,중상사고,0,2,1,0,차대차 - 측면충돌,신호위반,건조,맑음,교차로 - 교차로안,승용,남,60세,경상,승용,남,62세,중상
2019112800100066,2019년 11월 28일 06시,목요일,부산광역시 연제구 연산동,경상사고,0,0,1,0,차대차 - 기타,차로위반,건조,맑음,단일로 - 기타,화물,남,43세,상해없음,승용,남,38세,경상
2019112800100118,2019년 11월 28일 08시,목요일,부산광역시 수영구 남천동,경상사고,0,0,1,0,차대차 - 측면충돌,안전운전불이행,건조,맑음,단일로 - 기타,승용,남,53세,기타불명,승용,남,30세,경상
2019112800100119,2019년 11월 28일 08시,목요일,부산광역시 사상구 괘법동,중상사고,0,1,0,0,차대사람 - 횡단중,안전운전불이행,건조,맑음,단일로 - 기타,승용,여,36세,상해없음,보행자,여,80세,중상
2019112800100169,2019년 11월 28일 09시,목요일,부산광역시 사하구 다대동,중상사고,0,2,2,0,차대차 - 추돌,안전운전불이행,건조,흐림,단일로 - 기타,화물,남,62세,상해없음,승합,남,48세,경상
2019112800100170,2019년 11월 28일 09시,목요일,부산광역시 사하구 당리동,경상사고,0,0,1,0,차대차 - 측면충돌,안전운전불이행,건조,맑음,단일로 - 기타,화물,남,62세,상해없음,이륜,여,40세,경상
2019112800100171,2019년 11월 28일 09시,목요일,부산광역시 연제구 거제동,경상사고,0,0,1,0,차대차 - 기타,안전운전불이행,건조,맑음,단일로 - 기타,승용,여,69세,상해없음,자전거,남,76세,경상
2019112800100205,2019년 11월 28일 10시,목요일,부산광역시 남구 용호동,경상사고,0,0,1,0,차대차 - 기타,교차로운행방법위반,젖음/습기,비,교차로 - 교차로안,승용,남,44세,상해없음,이륜,남,36세,경상
2019112800100266,2019년 11월 28일 12시,목요일,부산광역시 연제구 거제동,경상사고,0,0,3,0,차대차 - 추돌,안전거리미확보,건조,맑음,단일로 - 기타,승용,여,61세,경상,화물,남,30세,경상
2019112800100267,2019년 11월 28일 12시,목요일,부산광역시 강서구 송정동,경상사고,0,0,1,0,차대차 - 기타,안전운전불이행,건조,맑음,단일로 - 기타,승용,남,33세,상해없음,승용,여,36세,경상
2019112800100297,2019년 11월 28일 13시,목요일,부산광역시 연제구 연산동,경상사고,0,0,1,0,차대차 - 추돌,안전거리미확보,건조,맑음,단일로 - 기타,승용,남,53세,상해없음,이륜,남,39세,경상
2019112800100298,2019년 11월 28일 13시,목요일,부산광역시 기장군 철마면,중상사고,0,1,0,0,차대차 - 기타,신호위반,젖음/습기,흐림,교차로 - 교차로부근,승용,남,51세,상해없음,승용,여,54세,중상
2019112800100362,2019년 11월 28일 15시,목요일,부산광역시 해운대구 중동,경상사고,0,0,1,0,차대차 - 측면충돌,안전거리미확보,건조,맑음,교차로 - 교차로부근,승용,남,69세,상해없음,이륜,남,43세,경상
2019112800100363,2019년 11월 28일 15시,목요일,부산광역시 부산진구 전포동,중상사고,0,1,0,0,차대사람 - 횡단중,안전운전불이행,건조,맑음,단일로 - 기타,화물,남,46세,상해없음,보행자,여,79세,중상
2019112800100364,2019년 11월 28일 15시,목요일,부산광역시 부산진구 당감동,경상사고,0,0,1,0,차대차 - 측면충돌,신호위반,건조,맑음,교차로 - 교차로횡단보도내,승용,남,38세,상해없음,이륜,남,64세,경상
2019112800100403,2019년 11월 28일 16시,목요일,부산광역시 남구 용당동,경상사고,0,0,2,0,차대차 - 측면충돌,신호위반,건조,맑음,단일로 - 지하차도(도로)내,승용,남,54세,상해없음,승용,남,28세,경상
2019112800100404,2019년 11월 28일 16시,목요일,부산광역시 금정구 장전동,경상사고,0,0,1,0,차대차 - 측면충돌,차로위반,건조,맑음,단일로 - 기타,승용,여,34세,상해없음,승용,남,62세,경상
2019112800100405,2019년 11월 28일 16시,목요일,부산광역시 사상구 괘법동,부상신고사고,0,0,0,2,차대사람 - 기타,안전운전불이행,건조,맑음,단일로 - 기타,승합,남,40세,상해없음,보행자,여,66세,부상신고
2019112800100437,2019년 11월 28일 17시,목요일,부산광역시 남구 대연동,중상사고,0,1,0,0,차대차 - 측면충돌,신호위반,건조,맑음,교차로 - 교차로안,승용,남,62세,상해없음,이륜,남,43세,중상
2019112800100438,2019년 11월 28일 17시,목요일,부산광역시 부산진구 가야동,경상사고,0,0,1,0,차대사람 - 차도통행중,안전운전불이행,건조,맑음,단일로 - 기타,승용,여,42세,상해없음,보행자,여,44세,경상
2019112800100439,2019년 11월 28일 17시,목요일,부산광역시 금정구 금사동,경상사고,0,0,1,0,차대차 - 기타,중앙선침범,건조,맑음,단일로 - 기타,승용,남,47세,상해없음,개인형이동수단(PM),남,43세,경상
2019112800100440,2019년 11월 28일 17시,목요일,부산광역시 사상구 괘법동,부상신고사고,0,0,0,1,차대차 - 측면충돌,교차로운행방법위반,건조,맑음,교차로 - 교차로안,승용,여,56세,부상신고,승합,남,72세,상해없음
2019112800100509,2019년 11월 28일 18시,목요일,부산광역시 영도구 동삼동,경상사고,0,0,1,0,차대차 - 추돌,안전거리미확보,건조,맑음,단일로 - 기타,승용,남,24세,상해없음,이륜,남,24세,경상
2019112800100510,2019년 11월 28일 18시,목요일,부산광역시 사하구 하단동,중상사고,0,1,0,0,차대차 - 기타,신호위반,건조,맑음,단일로 - 지하차도(도로)내,화물,여,58세,상해없음,승용,남,38세,중상
2019112800100572,2019년 11월 28일 19시,목요일,부산광역시 중구 대청동1가,중상사고,0,1,0,0,차대차 - 기타,안전운전불이행,건조,맑음,단일로 - 기타,승용,남,71세,상해없음,승용,남,48세,상해없음
2019112800100573,2019년 11월 28일 19시,목요일,부산광역시 동래구 명장동,부상신고사고,0,0,0,1,차대차 - 기타,직진우회전진행방해,건조,맑음,교차로 - 교차로안,이륜,남,23세,부상신고,승용,남,69세,상해없음
2019112800100611,2019년 11월 28일 20시,목요일,부산광역시 동래구 안락동,경상사고,0,0,1,1,차대차 - 추돌,안전운전불이행,건조,맑음,단일로 - 기타,승용,남,63세,상해없음,원동기,남,37세,부상신고
2019112800100645,2019년 11월 28일 21시,목요일,부산광역시 남구 문현동,경상사고,0,0,2,0,차대차 - 추돌,안전운전불이행,건조,맑음,단일로 - 기타,화물,남,46세,상해없음,승용,남,26세,경상
2019112800100646,2019년 11월 28일 21시,목요일,부산광역시 사하구 괴정동,중상사고,0,1,0,0,차대사람 - 기타,안전운전불이행,건조,맑음,교차로 - 교차로부근,이륜,남,39세,기타불명,보행자,여,71세,중상
2019112800100669,2019년 11월 28일 22시,목요일,부산광역시 수영구 수영동,경상사고,0,0,1,0,차대사람 - 차도통행중,안전운전불이행,건조,맑음,단일로 - 기타,기타불명,기타불명,미분류,기타불명,보행자,남,25세,경상
2019112800100702,2019년 11월 28일 23시,목요일,부산광역시 부산진구 범천동,경상사고,0,0,1,0,차대사람 - 횡단중,신호위반,건조,맑음,교차로 - 교차로횡단보도내,승용,남,60세,상해없음,보행자,남,32세,경상
2019112900100024,2019년 11월 29일 00시,금요일,부산광역시 사상구 괘법동,경상사고,0,0,2,0,차대차 - 측면충돌,직진우회전진행방해,건조,맑음,교차로 - 교차로안,화물,남,59세,상해없음,승용,남,66세,경상
2019112900100037,2019년 11월 29일 01시,금요일,부산광역시 동래구 수안동,경상사고,0,0,1,0,차대차 - 추돌,안전거리미확보,건조,맑음,단일로 - 기타,승용,남,61세,상해없음,승용,여,47세,상해없음
2019112900100046,2019년 11월 29일 02시,금요일,부산광역시 수영구 광안동,중상사고,0,1,1,0,차대사람 - 횡단중,안전운전불이행,건조,맑음,교차로 - 교차로횡단보도내,승용,남,67세,상해없음,보행자,남,54세,중상
2019112900100056,2019년 11월 29일 03시,금요일,부산광역시 사하구 감천동,중상사고,0,1,0,0,차대사람 - 차도통행중,안전운전불이행,건조,맑음,단일로 - 기타,승용,여,33세,상해없음,보행자,여,78세,중상
2019112900100072,2019년 11월 29일 05시,금요일,부산광역시 연제구 연산동,경상사고,0,0,1,1,차대차 - 측면충돌,신호위반,건조,맑음,교차로 - 교차로안,승용,남,52세,상해없음,승용,남,64세,경상
2019112900100097,2019년 11월 29일 07시,금요일,부산광역시 서구 충무동1가,중상사고,0,1,0,0,차대사람 - 횡단중,안전운전불이행,건조,맑음,교차로 - 교차로횡단보도내,승용,남,28세,상해없음,보행자,여,65세,중상
2019112900100098,2019년 11월 29일 07시,금요일,부산광역시 부산진구 가야동,경상사고,0,0,3,0,차대차 - 기타,안전거리미확보,건조,맑음,단일로 - 기타,화물,남,59세,상해없음,승용,여,45세,경상
2019112900100132,2019년 11월 29일 08시,금요일,부산광역시 동구 수정동,경상사고,0,0,1,0,차대사람 - 길가장자리구역통행중,안전운전불이행,건조,맑음,단일로 - 기타,승용,남,68세,상해없음,보행자,여,67세,경상
2019112900100133,2019년 11월 29일 08시,금요일,부산광역시 서구 토성동3가,경상사고,0,0,1,0,차대사람 - 횡단중,중앙선침범,건조,맑음,단일로 - 기타,승용,남,67세,상해없음,보행자,남,15세,경상
2019112900100134,2019년 11월 29일 08시,금요일,부산광역시 남구 문현동,중상사고,0,1,0,0,차대차 - 기타,안전거리미확보,건조,맑음,단일로 - 기타,이륜,남,86세,중상,건설기계,남,47세,상해없음
2019112900100135,2019년 11월 29일 08시,금요일,부산광역시 영도구 동삼동,중상사고,0,1,0,0,차대사람 - 횡단중,보행자보호의무위반,건조,맑음,단일로 - 기타,승용,여,45세,상해없음,보행자,여,68세,중상
2019112900100136,2019년 11월 29일 08시,금요일,부산광역시 연제구 거제동,경상사고,0,0,1,0,차대사람 - 횡단중,안전운전불이행,건조,맑음,단일로 - 기타,승합,남,48세,상해없음,보행자,남,36세,경상
2019112900100196,2019년 11월 29일 09시,금요일,부산광역시 부산진구 양정동,경상사고,0,0,1,0,차대차 - 기타,안전운전불이행,건조,맑음,단일로 - 기타,승합,남,56세,상해없음,승용,여,49세,경상
2019112900100197,2019년 11월 29일 09시,금요일,부산광역시 사하구 장림동,경상사고,0,0,1,0,차대차 - 기타,안전운전불이행,건조,맑음,교차로 - 교차로안,특수,남,31세,상해없음,승용,여,29세,경상
2019112900100227,2019년 11월 29일 10시,금요일,부산광역시 부산진구 부암동,중상사고,0,1,1,0,차대차 - 기타,안전운전불이행,건조,맑음,교차로 - 교차로안,승용,남,65세,상해없음,승용,남,60세,상해없음
2019112900100228,2019년 11월 29일 10시,금요일,부산광역시 수영구 망미동,경상사고,0,0,2,0,차대차 - 추돌,안전운전불이행,건조,맑음,단일로 - 기타,승용,여,49세,상해없음,승용,남,62세,상해없음
2019112900100265,2019년 11월 29일 11시,금요일,부산광역시 사하구 구평동,경상사고,0,0,3,1,차대차 - 기타,차로위반,건조,맑음,단일로 - 기타,승용,남,62세,부상신고,승용,남,46세,경상
2019112900100302,2019년 11월 29일 12시,금요일,부산광역시 사하구 괴정동,부상신고사고,0,0,0,1,차대차 - 기타,교차로운행방법위반,건조,맑음,교차로 - 교차로안,이륜,남,40세,부상신고,승용,남,66세,상해없음
2019112900100303,2019년 11월 29일 12시,금요일,부산광역시 강서구 명지동,중상사고,0,1,0,0,차대차 - 기타,안전거리미확보,건조,맑음,교차로 - 교차로부근,승용,남,48세,상해없음,이륜,남,25세,중상
2019112900100483,2019년 11월 29일 16시,금요일,부산광역시 영도구 동삼동,중상사고,0,1,0,0,차대차 - 측면충돌,차로위반,건조,맑음,교차로 - 교차로부근,승용,여,54세,상해없음,이륜,남,60세,중상
2019112900100484,2019년 11월 29일 16시,금요일,부산광역시 사하구 감천동,중상사고,0,1,0,0,차대차 - 측면충돌,중앙선침범,건조,맑음,교차로 - 교차로안,이륜,남,18세,중상,승용,남,56세,상해없음
2019112900100485,2019년 11월 29일 16시,금요일,부산광역시 강서구 강동동,중상사고,0,1,0,0,차대차 - 기타,기타,건조,맑음,교차로 - 교차로안,화물,남,54세,상해없음,자전거,여,40세,중상
2019112900100536,2019년 11월 29일 17시,금요일,부산광역시 남구 문현동,중상사고,0,1,0,0,차대차 - 측면충돌,안전운전불이행,건조,맑음,교차로 - 교차로안,이륜,남,40세,중상,승용,남,24세,상해없음
2019112900100600,2019년 11월 29일 18시,금요일,부산광역시 강서구 대저1동,중상사고,0,3,2,0,차대차 - 추돌,안전운전불이행,건조,맑음,단일로 - 기타,승용,남,30세,상해없음,승용,여,55세,경상
2019112900100717,2019년 11월 29일 20시,금요일,부산광역시 중구 남포동5가,경상사고,0,0,1,0,차대사람 - 횡단중,안전운전불이행,건조,흐림,단일로 - 기타,승용,남,54세,상해없음,보행자,남,36세,경상
2019112900100718,2019년 11월 29일 20시,금요일,부산광역시 금정구 남산동,중상사고,0,1,0,0,차대차 - 기타,교차로운행방법위반,건조,맑음,교차로 - 교차로안,승용,남,70세,상해없음,자전거,남,42세,중상
2019112900100719,2019년 11월 29일 20시,금요일,부산광역시 금정구 부곡동,경상사고,0,0,2,0,차대차 - 측면충돌,안전거리미확보,건조,맑음,단일로 - 기타,승용,여,52세,상해없음,화물,남,63세,경상
2019112900100720,2019년 11월 29일 20시,금요일,부산광역시 사상구 덕포동,경상사고,0,0,1,0,차대차 - 기타,안전거리미확보,건조,맑음,단일로 - 기타,승용,여,42세,상해없음,화물,남,43세,경상
2019112900100753,2019년 11월 29일 21시,금요일,부산광역시 남구 문현동,경상사고,0,0,1,2,차대차 - 기타,안전거리미확보,건조,맑음,단일로 - 기타,승합,남,63세,부상신고,승용,남,33세,부상신고
2019112900100754,2019년 11월 29일 21시,금요일,부산광역시 해운대구 반여동,중상사고,0,1,0,0,차대차 - 기타,교차로운행방법위반,기타,맑음,교차로 - 교차로안,승용,남,31세,상해없음,이륜,남,17세,중상
2019112900100755,2019년 11월 29일 21시,금요일,부산광역시 부산진구 개금동,경상사고,0,0,1,0,차대차 - 측면충돌,안전운전불이행,건조,맑음,교차로 - 교차로부근,승용,남,52세,상해없음,승용,여,51세,경상
2019112900100756,2019년 11월 29일 21시,금요일,부산광역시 사하구 당리동,경상사고,0,0,1,0,차대차 - 측면충돌,안전거리미확보,건조,맑음,교차로 - 교차로안,화물,남,76세,상해없음,승용,여,26세,경상
2019112900100757,2019년 11월 29일 21시,금요일,부산광역시 연제구 연산동,중상사고,0,2,1,0,차대차 - 기타,신호위반,건조,맑음,교차로 - 교차로안,이륜,남,18세,상해없음,이륜,남,27세,경상
2019112900100758,2019년 11월 29일 21시,금요일,부산광역시 사상구 감전동,부상신고사고,0,0,0,1,차대차 - 기타,안전운전불이행,건조,맑음,단일로 - 기타,화물,남,55세,상해없음,이륜,남,30세,부상신고
2019112900100813,2019년 11월 29일 23시,금요일,부산광역시 북구 화명동,중상사고,0,1,1,0,차대사람 - 횡단중,안전운전불이행,건조,맑음,교차로 - 교차로부근,이륜,남,20세,경상,보행자,남,55세,중상
2019112900100814,2019년 11월 29일 23시,금요일,부산광역시 사하구 다대동,경상사고,0,0,1,0,차대차 - 측면충돌,안전운전불이행,건조,맑음,단일로 - 기타,이륜,남,18세,경상,승용,남,42세,상해없음
2019112900100815,2019년 11월 29일 23시,금요일,부산광역시 연제구 연산동,경상사고,0,0,1,1,차량단독 - 기타,안전운전불이행,건조,맑음,단일로 - 기타,이륜,남,22세,기타불명,,,,
2019113000100030,2019년 11월 30일 00시,토요일,부산광역시 부산진구 양정동,중상사고,0,1,0,0,차대차 - 기타,교차로운행방법위반,건조,맑음,교차로 - 교차로부근,승용,남,20세,상해없음,이륜,남,47세,중상
2019113000100031,2019년 11월 30일 00시,토요일,부산광역시 사상구 괘법동,중상사고,0,1,0,0,차대사람 - 길가장자리구역통행중,안전운전불이행,건조,맑음,단일로 - 기타,승용,여,22세,상해없음,보행자,여,51세,중상
2019113000100051,2019년 11월 30일 01시,토요일,부산광역시 북구 구포동,경상사고,0,0,2,0,차대차 - 추돌,안전운전불이행,건조,맑음,기타 - 기타,승용,여,32세,상해없음,승용,남,47세,기타불명
2019113000100073,2019년 11월 30일 02시,토요일,부산광역시 부산진구 부전동,경상사고,0,0,1,0,차대사람 - 차도통행중,안전운전불이행,건조,맑음,교차로 - 교차로안,승용,남,63세,상해없음,보행자,남,27세,경상
2019113000100087,2019년 11월 30일 03시,토요일,부산광역시 해운대구 반여동,경상사고,0,0,1,0,차량단독 - 기타,안전운전불이행,건조,기타,단일로 - 기타,기타불명,기타불명,미분류,기타불명,,,,
2019113000100088,2019년 11월 30일 03시,토요일,부산광역시 부산진구 가야동,중상사고,0,1,1,0,차대차 - 기타,안전운전불이행,건조,맑음,단일로 - 기타,승용,남,29세,상해없음,화물,남,60세,경상
2019113000100107,2019년 11월 30일 05시,토요일,부산광역시 동래구 명장동,중상사고,0,1,1,0,차대차 - 기타,신호위반,건조,맑음,교차로 - 교차로안,승용,남,69세,중상,승합,남,42세,경상
2019113000100123,2019년 11월 30일 06시,토요일,부산광역시 부산진구 범천동,중상사고,0,1,0,0,차대차 - 측면충돌,신호위반,건조,맑음,교차로 - 교차로안,승용,남,66세,상해없음,승용,남,70세,중상
2019113000100139,2019년 11월 30일 07시,토요일,부산광역시 해운대구 우동,중상사고,0,2,0,0,차대사람 - 횡단중,안전운전불이행,건조,맑음,교차로 - 교차로횡단보도내,이륜,남,53세,중상,보행자,여,84세,중상
2019113000100155,2019년 11월 30일 08시,토요일,부산광역시 부산진구 당감동,중상사고,0,1,0,0,차대사람 - 기타,안전운전불이행,건조,맑음,교차로 - 교차로안,화물,남,51세,상해없음,보행자,남,67세,중상
2019113000100185,2019년 11월 30일 09시,토요일,부산광역시 사상구 덕포동,경상사고,0,0,1,0,차대사람 - 횡단중,보행자보호의무위반,건조,맑음,교차로 - 교차로부근,승합,남,44세,상해없음,보행자,여,69세,경상
2019113000100205,2019년 11월 30일 10시,토요일,부산광역시 사하구 당리동,경상사고,0,0,1,0,차대차 - 측면충돌,안전운전불이행,건조,맑음,단일로 - 기타,이륜,남,27세,상해없음,승용,남,39세,경상
2019113000100287,2019년 11월 30일 12시,토요일,부산광역시 서구 부용동1가,중상사고,0,2,1,0,차대차 - 측면충돌,안전운전불이행,건조,맑음,교차로 - 교차로안,건설기계,남,48세,상해없음,승용,여,62세,중상
2019113000100288,2019년 11월 30일 12시,토요일,부산광역시 사상구 학장동,경상사고,0,0,1,0,차대차 - 측면충돌,안전운전불이행,건조,맑음,기타 - 기타,승용,남,28세,기타불명,승용,남,32세,경상
2019113000100289,2019년 11월 30일 12시,토요일,부산광역시 사상구 감전동,경상사고,0,0,2,0,차대차 - 추돌,안전거리미확보,건조,맑음,단일로 - 고가도로위,승용,남,26세,기타불명,승용,남,49세,상해없음
2019113000100290,2019년 11월 30일 12시,토요일,부산광역시 금정구 구서동,중상사고,0,1,0,0,차대차 - 추돌,안전운전불이행,젖음/습기,비,단일로 - 기타,승용,남,66세,상해없음,승용,여,33세,중상
2019113000100326,2019년 11월 30일 13시,토요일,부산광역시 남구 대연동,경상사고,0,0,1,0,차대차 - 기타,교차로운행방법위반,건조,맑음,교차로 - 교차로안,승용,남,51세,기타불명,승합,남,52세,상해없음
2019113000100327,2019년 11월 30일 13시,토요일,부산광역시 부산진구 초읍동,중상사고,0,2,0,0,차량단독 - 공작물충돌,안전운전불이행,건조,맑음,기타 - 기타,승용,남,38세,중상,,,,
2019113000100328,2019년 11월 30일 13시,토요일,부산광역시 사상구 감전동,경상사고,0,0,1,0,차대차 - 측면충돌,안전운전불이행,건조,맑음,교차로 - 교차로안,화물,남,64세,상해없음,승용,여,51세,경상
2019113000100329,2019년 11월 30일 13시,토요일,부산광역시 사상구 주례동,부상신고사고,0,0,0,1,차대사람 - 기타,안전운전불이행,건조,맑음,단일로 - 기타,승용,여,38세,기타불명,보행자,남,57세,부상신고
2019113000100364,2019년 11월 30일 14시,토요일,부산광역시 북구 구포동,중상사고,0,1,0,0,차대차 - 기타,안전운전불이행,건조,맑음,교차로 - 교차로안,이륜,남,26세,중상,승용,남,59세,상해없음
2019113000100365,2019년 11월 30일 14시,토요일,부산광역시 영도구 대교동2가,중상사고,0,1,0,0,차량단독 - 기타,안전운전불이행,건조,맑음,단일로 - 기타,승합,남,49세,상해없음,,,,
2019113000100402,2019년 11월 30일 15시,토요일,부산광역시 부산진구 초읍동,중상사고,0,1,0,0,차대차 - 기타,기타,건조,맑음,교차로 - 교차로부근,승합,남,63세,상해없음,승용,남,49세,상해없음
2019113000100403,2019년 11월 30일 15시,토요일,부산광역시 연제구 거제동,경상사고,0,0,1,0,차대차 - 측면충돌,안전거리미확보,건조,맑음,교차로 - 교차로부근,승용,여,51세,상해없음,이륜,남,33세,경상
2019113000100438,2019년 11월 30일 16시,토요일,부산광역시 동래구 안락동,경상사고,0,0,1,0,차대차 - 기타,안전운전불이행,건조,맑음,기타 - 기타,자전거,남,70세,상해없음,자전거,여,49세,경상
2019113000100439,2019년 11월 30일 16시,토요일,부산광역시 사상구 덕포동,경상사고,0,0,2,0,차대차 - 추돌,안전운전불이행,건조,맑음,교차로 - 교차로안,이륜,남,21세,경상,승용,남,29세,경상
2019113000100440,2019년 11월 30일 16시,토요일,부산광역시 사상구 학장동,경상사고,0,0,1,0,차대차 - 측면충돌,안전거리미확보,건조,맑음,단일로 - 기타,승용,남,42세,경상,승합,남,46세,상해없음
2019113000100490,2019년 11월 30일 17시,토요일,부산광역시 부산진구 부전동,부상신고사고,0,0,0,1,차대사람 - 기타,기타,건조,맑음,기타 - 기타,기타불명,기타불명,미분류,기타불명,보행자,남,65세,부상신고
2019113000100491,2019년 11월 30일 17시,토요일,부산광역시 금정구 구서동,경상사고,0,0,1,0,차대사람 - 횡단중,보행자보호의무위반,건조,맑음,기타 - 기타,승용,남,44세,상해없음,보행자,남,60세,경상
2019113000100492,2019년 11월 30일 17시,토요일,부산광역시 사상구 학장동,중상사고,0,1,1,0,차대차 - 기타,교차로운행방법위반,건조,맑음,교차로 - 교차로안,승용,남,54세,상해없음,이륜,남,55세,중상
2019113000100537,2019년 11월 30일 18시,토요일,부산광역시 북구 덕천동,경상사고,0,0,1,1,차대차 - 추돌,안전운전불이행,건조,맑음,단일로 - 기타,이륜,남,17세,부상신고,이륜,남,18세,경상
2019113000100538,2019년 11월 30일 18시,토요일,부산광역시 해운대구 반여동,경상사고,0,0,1,0,차대사람 - 횡단중,신호위반,건조,맑음,교차로 - 교차로횡단보도내,이륜,남,48세,상해없음,보행자,여,74세,경상
2019113000100539,2019년 11월 30일 18시,토요일,부산광역시 사상구 주례동,경상사고,0,0,1,0,차대차 - 측면충돌,기타,건조,맑음,단일로 - 기타,이륜,남,37세,경상,승용,남,53세,상해없음
2019113000100635,2019년 11월 30일 20시,토요일,부산광역시 해운대구 좌동,중상사고,0,1,0,0,차대차 - 측면충돌,신호위반,건조,맑음,교차로 - 교차로안,승용,남,65세,상해없음,승용,여,54세,중상
2019113000100636,2019년 11월 30일 20시,토요일,부산광역시 해운대구 중동,경상사고,0,0,2,0,차대차 - 기타,안전운전불이행,건조,맑음,교차로 - 교차로부근,승용,여,69세,상해없음,승용,남,33세,경상