사고번호,사고일시,요일,시군구,사고내용,사망자수,중상자수,경상자수,부상신고자수,사고유형,법규위반,노면상태,기상상태,도로형태,가해운전자 차종,가해운전자 성별,가해운전자 연령,가해운전자 상해정도,피해운전자 차종,피해운전자 성별,피해운전자 연령,피해운전자 상해정도
2019113000100653,2019년 11월 30일 21시,토요일,부산광역시 해운대구 반송동,경상사고,0,0,1,0,차대차 - 측면충돌,안전운전불이행,건조,맑음,교차로 - 교차로안,승용,남,60세,상해없음,이륜,남,25세,경상
2019113000100654,2019년 11월 30일 21시,토요일,부산광역시 강서구 송정동,중상사고,0,2,2,0,차대차 - 기타,안전운전불이행,건조,맑음,교차로 - 교차로부근,승용,남,33세,기타불명,승용,여,42세,중상
2019113000100711,2019년 11월 30일 23시,토요일,부산광역시 사상구 괘법동,경상사고,0,0,1,0,차대사람 - 횡단중,안전운전불이행,젖음/습기,비,교차로 - 교차로안,승용,남,49세,상해없음,보행자,남,56세,경상
2019120100100026,2019년 12월 1일 00시,일요일,부산광역시 사상구 모라동,중상사고,0,3,1,0,차대차 - 추돌,안전운전불이행,젖음/습기,비,기타 - 기타,이륜,남,18세,중상,승용,여,42세,중상
2019120100100048,2019년 12월 1일 01시,일요일,부산광역시 동구 초량동,중상사고,0,1,0,0,차대사람 - 기타,안전운전불이행,건조,맑음,단일로 - 기타,승용,남,61세,상해없음,보행자,남,52세,중상
2019120100100049,2019년 12월 1일 01시,일요일,부산광역시 해운대구 중동,경상사고,0,0,1,0,차대차 - 추돌,안전운전불이행,건조,맑음,단일로 - 기타,승용,남,26세,상해없음,승용,남,31세,경상
2019120100100081,2019년 12월 1일 03시,일요일,부산광역시 사하구 장림동,경상사고,0,0,1,0,차대차 - 추돌,안전운전불이행,젖음/습기,비,교차로 - 교차로부근,승용,여,39세,상해없음,승용,남,33세,경상
2019120100100082,2019년 12월 1일 03시,일요일,부산광역시 사상구 괘법동,부상신고사고,0,0,0,1,차대사람 - 보도통행중,안전운전불이행,젖음/습기,비,기타 - 기타,승용,남,51세,상해없음,보행자,남,22세,부상신고
2019120100100108,2019년 12월 1일 05시,일요일,부산광역시 수영구 광안동,중상사고,0,1,0,0,차대사람 - 횡단중,안전운전불이행,건조,맑음,단일로 - 기타,화물,남,60세,상해없음,보행자,남,23세,중상
2019120100100113,2019년 12월 1일 06시,일요일,부산광역시 사상구 덕포동,경상사고,0,0,3,0,차대차 - 측면충돌,중앙선침범,건조,맑음,단일로 - 기타,승용,남,24세,경상,승용,남,55세,상해없음
2019120100100165,2019년 12월 1일 10시,일요일,부산광역시 서구 서대신동2가,경상사고,0,0,4,3,차대차 - 측면충돌,교차로운행방법위반,젖음/습기,비,교차로 - 교차로안,승용,여,52세,경상,승용,남,49세,경상
2019120100100166,2019년 12월 1일 10시,일요일,부산광역시 사하구 괴정동,경상사고,0,0,1,0,차대차 - 측면충돌,신호위반,젖음/습기,맑음,교차로 - 교차로부근,승용,여,51세,상해없음,승용,남,46세,경상
2019120100100185,2019년 12월 1일 11시,일요일,부산광역시 동구 초량동,경상사고,0,0,1,0,차대차 - 측면충돌,차로위반,건조,맑음,단일로 - 기타,승용,남,30세,경상,승용,남,53세,상해없음
2019120100100213,2019년 12월 1일 12시,일요일,부산광역시 중구 대청동1가,경상사고,0,0,1,0,차대차 - 기타,안전운전불이행,젖음/습기,비,교차로 - 교차로안,승용,남,67세,상해없음,이륜,남,37세,경상
2019120100100214,2019년 12월 1일 12시,일요일,부산광역시 북구 화명동,중상사고,0,1,0,0,차대차 - 기타,안전운전불이행,건조,맑음,단일로 - 기타,승용,남,72세,상해없음,이륜,남,43세,중상
2019120100100215,2019년 12월 1일 12시,일요일,부산광역시 동래구 온천동,부상신고사고,0,0,0,1,차대차 - 기타,안전운전불이행,젖음/습기,맑음,단일로 - 기타,승용,남,48세,상해없음,이륜,남,26세,부상신고
2019120100100216,2019년 12월 1일 12시,일요일,부산광역시 해운대구 우동,경상사고,0,0,1,0,차대차 - 기타,안전운전불이행,기타,맑음,단일로 - 기타,승용,남,43세,상해없음,승용,남,67세,경상
2019120100100242,2019년 12월 1일 13시,일요일,부산광역시 동래구 온천동,중상사고,0,1,0,0,차대차 - 정면충돌,신호위반,젖음/습기,비,교차로 - 교차로안,승용,남,29세,상해없음,이륜,남,44세,중상
2019120100100306,2019년 12월 1일 15시,일요일,부산광역시 남구 용호동,경상사고,0,0,1,0,차대차 - 측면충돌,안전운전불이행,젖음/습기,비,교차로 - 교차로안,승용,남,50세,상해없음,이륜,남,28세,경상
2019120100100341,2019년 12월 1일 16시,일요일,부산광역시 영도구 청학동,중상사고,0,1,0,2,차대차 - 측면충돌,신호위반,젖음/습기,비,교차로 - 교차로부근,승용,남,62세,상해없음,승용,남,66세,중상
2019120100100371,2019년 12월 1일 17시,일요일,부산광역시 사하구 당리동,중상사고,0,1,0,0,차대사람 - 기타,안전운전불이행,젖음/습기,비,단일로 - 기타,승용,남,59세,상해없음,보행자,남,62세,중상
2019120100100417,2019년 12월 1일 18시,일요일,부산광역시 해운대구 좌동,경상사고,0,0,1,0,차대차 - 기타,안전운전불이행,젖음/습기,비,교차로 - 교차로안,승용,남,51세,상해없음,원동기,남,32세,경상
2019120100100418,2019년 12월 1일 18시,일요일,부산광역시 해운대구 좌동,경상사고,0,0,1,1,차대차 - 추돌,안전운전불이행,건조,맑음,교차로 - 교차로부근,승용,남,26세,상해없음,승용,여,28세,경상
2019120100100419,2019년 12월 1일 18시,일요일,부산광역시 해운대구 송정동,부상신고사고,0,0,0,2,차대차 - 측면충돌,안전거리미확보,젖음/습기,비,단일로 - 기타,승용,남,51세,상해없음,승용,남,34세,부상신고
2019120100100420,2019년 12월 1일 18시,일요일,부산광역시 부산진구 가야동,중상사고,0,1,0,0,차대사람 - 횡단중,안전운전불이행,젖음/습기,비,교차로 - 교차로안,승용,남,57세,상해없음,보행자,남,76세,중상
2019120100100421,2019년 12월 1일 18시,일요일,부산광역시 사하구 다대동,경상사고,0,0,1,0,차대사람 - 차도통행중,안전운전불이행,젖음/습기,비,단일로 - 기타,이륜,남,60세,상해없음,보행자,여,78세,경상
2019120100100422,2019년 12월 1일 18시,일요일,부산광역시 기장군 일광면,사망사고,1,0,0,0,차대사람 - 횡단중,안전운전불이행,젖음/습기,비,단일로 - 기타,화물,남,50세,상해없음,보행자,여,69세,사망
2019120100100423,2019년 12월 1일 18시,일요일,부산광역시 강서구 대저1동,경상사고,0,0,1,0,차대차 - 측면충돌,안전거리미확보,젖음/습기,비,단일로 - 기타,승용,여,58세,상해없음,승용,여,37세,경상
2019120100100468,2019년 12월 1일 19시,일요일,부산광역시 사하구 당리동,중상사고,0,1,0,0,차대사람 - 차도통행중,안전운전불이행,젖음/습기,비,단일로 - 기타,승용,남,49세,상해없음,보행자,남,66세,중상
2019120100100469,2019년 12월 1일 19시,일요일,부산광역시 연제구 연산동,경상사고,0,0,1,0,차대차 - 측면충돌,신호위반,젖음/습기,비,교차로 - 교차로부근,승용,여,44세,상해없음,승용,남,51세,경상
2019120100100470,2019년 12월 1일 19시,일요일,부산광역시 강서구 봉림동,중상사고,0,1,0,0,차대차 - 측면충돌,신호위반,젖음/습기,비,교차로 - 교차로안,특수,남,37세,상해없음,화물,남,52세,중상
2019120100100547,2019년 12월 1일 21시,일요일,부산광역시 동래구 사직동,경상사고,0,0,1,1,차대차 - 정면충돌,안전운전불이행,젖음/습기,비,교차로 - 교차로안,이륜,남,46세,부상신고,승용,여,34세,경상
2019120200100049,2019년 12월 2일 03시,월요일,부산광역시 동구 초량동,경상사고,0,0,1,0,차대차 - 추돌,안전운전불이행,젖음/습기,비,단일로 - 기타,승용,남,23세,상해없음,승용,남,38세,경상
2019120200100050,2019년 12월 2일 03시,월요일,부산광역시 기장군 기장읍,중상사고,0,1,0,0,차대차 - 기타,신호위반,건조,맑음,교차로 - 교차로부근,승합,남,24세,상해없음,승용,남,29세,중상
2019120200100061,2019년 12월 2일 06시,월요일,부산광역시 기장군 일광면,경상사고,0,0,1,0,차대차 - 추돌,안전거리미확보,건조,맑음,단일로 - 기타,승용,남,24세,상해없음,승용,남,49세,경상
2019120200100101,2019년 12월 2일 08시,월요일,부산광역시 남구 대연동,중상사고,0,1,0,0,차대차 - 정면충돌,안전운전불이행,건조,맑음,교차로 - 교차로부근,승용,여,38세,상해없음,이륜,남,45세,중상
2019120200100102,2019년 12월 2일 08시,월요일,부산광역시 동래구 안락동,경상사고,0,0,1,0,차대사람 - 기타,안전운전불이행,건조,맑음,교차로 - 교차로부근,화물,남,73세,상해없음,보행자,남,24세,경상
2019120200100103,2019년 12월 2일 08시,월요일,부산광역시 해운대구 좌동,중상사고,0,1,0,0,차대사람 - 횡단중,안전운전불이행,건조,맑음,교차로 - 교차로안,승용,남,25세,상해없음,보행자,남,83세,중상
2019120200100104,2019년 12월 2일 08시,월요일,부산광역시 부산진구 당감동,경상사고,0,0,1,0,차대차 - 측면충돌,교차로운행방법위반,건조,맑음,교차로 - 교차로안,승용,여,28세,경상,화물,남,38세,상해없음
2019120200100105,2019년 12월 2일 08시,월요일,부산광역시 강서구 미음동,경상사고,0,0,1,0,차대차 - 측면충돌,신호위반,건조,맑음,교차로 - 교차로안,승용,남,41세,상해없음,승용,남,41세,경상
2019120200100106,2019년 12월 2일 08시,월요일,부산광역시 사상구 주례동,경상사고,0,0,1,0,차대사람 - 횡단중,보행자보호의무위반,건조,맑음,교차로 - 교차로횡단보도내,승용,남,71세,상해없음,보행자,남,58세,경상
2019120200100150,2019년 12월 2일 09시,월요일,부산광역시 부산진구 범천동,중상사고,0,1,0,0,차대사람 - 기타,안전운전불이행,건조,맑음,단일로 - 기타,승용,여,57세,상해없음,보행자,여,51세,중상
2019120200100174,2019년 12월 2일 10시,월요일,부산광역시 동구 초량동,경상사고,0,0,1,0,차대사람 - 차도통행중,안전운전불이행,건조,맑음,교차로 - 교차로부근,화물,남,62세,상해없음,보행자,남,34세,경상
2019120200100175,2019년 12월 2일 10시,월요일,부산광역시 사하구 하단동,중상사고,0,1,0,0,차대사람 - 횡단중,안전운전불이행,건조,맑음,단일로 - 기타,승합,남,54세,상해없음,보행자,남,73세,중상
2019120200100214,2019년 12월 2일 11시,월요일,부산광역시 금정구 부곡동,경상사고,0,0,1,0,차대사람 - 횡단중,보행자보호의무위반,건조,맑음,교차로 - 교차로안,승용,남,73세,상해없음,보행자,남,79세,경상
2019120200100215,2019년 12월 2일 11시,월요일,부산광역시 연제구 연산동,경상사고,0,0,1,0,차대차 - 정면충돌,안전운전불이행,건조,맑음,단일로 - 기타,화물,남,48세,상해없음,이륜,남,44세,경상
2019120200100216,2019년 12월 2일 11시,월요일,부산광역시 사상구 주례동,부상신고사고,0,0,0,2,차대차 - 측면충돌,안전운전불이행,건조,맑음,단일로 - 기타,화물,남,62세,부상신고,승용,남,38세,부상신고
2019120200100247,2019년 12월 2일 12시,월요일,부산광역시 중구 보수동1가,경상사고,0,0,1,0,차대차 - 측면충돌,안전운전불이행,건조,맑음,단일로 - 기타,승용,남,44세,상해없음,이륜,남,21세,경상
2019120200100248,2019년 12월 2일 12시,월요일,부산광역시 해운대구 우동,경상사고,0,0,1,0,차대차 - 측면충돌,안전거리미확보,건조,맑음,단일로 - 기타,승용,남,66세,상해없음,승용,여,35세,경상
2019120200100366,2019년 12월 2일 16시,월요일,부산광역시 북구 덕천동,중상사고,0,1,0,0,차대사람 - 기타,안전운전불이행,건조,맑음,교차로 - 교차로부근,화물,남,61세,상해없음,보행자,여,66세,중상
2019120200100367,2019년 12월 2일 16시,월요일,부산광역시 북구 화명동,중상사고,0,1,0,0,차대사람 - 기타,안전운전불이행,건조,맑음,단일로 - 기타,화물,여,52세,상해없음,보행자,여,41세,중상
2019120200100368,2019년 12월 2일 16시,월요일,부산광역시 부산진구 연지동,중상사고,0,1,0,0,차대차 - 기타,안전운전불이행,건조,맑음,기타 - 기타,승용,남,57세,상해없음,자전거,여,67세,중상
2019120200100419,2019년 12월 2일 17시,월요일,부산광역시 동구 좌천동,경상사고,0,0,1,0,차대사람 - 횡단중,보행자보호의무위반,건조,맑음,단일로 - 기타,승용,남,43세,상해없음,보행자,남,82세,경상
2019120200100420,2019년 12월 2일 17시,월요일,부산광역시 동래구 안락동,중상사고,0,2,3,0,차대차 - 측면충돌,안전거리미확보,건조,맑음,단일로 - 기타,화물,남,59세,상해없음,승용,남,19세,경상
2019120200100421,2019년 12월 2일 17시,월요일,부산광역시 해운대구 재송동,중상사고,0,1,0,0,차대사람 - 기타,안전운전불이행,건조,맑음,단일로 - 기타,승용,여,45세,상해없음,보행자,여,72세,중상
2019120200100422,2019년 12월 2일 17시,월요일,부산광역시 연제구 연산동,경상사고,0,0,1,0,차대사람 - 횡단중,안전거리미확보,건조,맑음,단일로 - 기타,이륜,남,28세,상해없음,보행자,남,12세,경상
2019120200100423,2019년 12월 2일 17시,월요일,부산광역시 연제구 거제동,중상사고,0,1,0,0,차대차 - 추돌,안전거리미확보,건조,맑음,단일로 - 기타,승용,여,34세,상해없음,이륜,남,18세,중상
2019120200100424,2019년 12월 2일 17시,월요일,부산광역시 연제구 거제동,경상사고,0,0,1,0,차대차 - 추돌,안전거리미확보,건조,맑음,단일로 - 기타,승용,여,55세,상해없음,승용,여,61세,경상
2019120200100478,2019년 12월 2일 18시,월요일,부산광역시 남구 문현동,경상사고,0,0,1,0,차대사람 - 기타,안전운전불이행,건조,맑음,단일로 - 기타,승용,남,27세,상해없음,보행자,남,72세,경상
2019120200100583,2019년 12월 2일 21시,월요일,부산광역시 수영구 남천동,중상사고,0,1,2,0,차대차 - 기타,신호위반,건조,맑음,교차로 - 교차로안,승용,남,21세,상해없음,승용,남,62세,중상
2019120200100584,2019년 12월 2일 21시,월요일,부산광역시 수영구 남천동,경상사고,0,0,1,1,차대차 - 기타,안전거리미확보,건조,맑음,단일로 - 기타,화물,남,31세,상해없음,승용,남,43세,경상
2019120200100607,2019년 12월 2일 22시,월요일,부산광역시 남구 용호동,부상신고사고,0,0,0,2,차대차 - 추돌,안전운전불이행,건조,맑음,단일로 - 기타,승용,남,55세,기타불명,승용,남,37세,부상신고
2019120200100608,2019년 12월 2일 22시,월요일,부산광역시 해운대구 우동,중상사고,0,1,1,0,차대차 - 추돌,안전운전불이행,건조,맑음,교차로 - 교차로부근,승용,남,34세,상해없음,승용,남,35세,경상
2019120200100609,2019년 12월 2일 22시,월요일,부산광역시 부산진구 부전동,중상사고,0,1,2,0,차대차 - 측면충돌,신호위반,건조,맑음,교차로 - 교차로안,승합,남,28세,상해없음,승용,남,45세,경상
2019120200100610,2019년 12월 2일 22시,월요일,부산광역시 부산진구 연지동,중상사고,0,1,0,0,차대차 - 측면충돌,안전운전불이행,건조,맑음,교차로 - 교차로안,승용,여,57세,상해없음,승용,남,53세,상해없음
2019120200100632,2019년 12월 2일 23시,월요일,부산광역시 영도구 신선동3가,중상사고,0,1,0,0,차대사람 - 횡단중,안전운전불이행,건조,맑음,단일로 - 기타,이륜,남,38세,상해없음,보행자,여,59세,중상
2019120300100024,2019년 12월 3일 00시,화요일,부산광역시 부산진구 부전동,경상사고,0,0,1,0,차대차 - 추돌,안전운전불이행,건조,맑음,교차로 - 교차로부근,승용,남,44세,상해없음,승용,남,56세,경상
2019120300100029,2019년 12월 3일 01시,화요일,부산광역시 연제구 연산동,경상사고,0,0,1,0,차대차 - 기타,신호위반,건조,맑음,단일로 - 기타,승용,여,35세,상해없음,이륜,남,21세,경상
2019120300100053,2019년 12월 3일 04시,화요일,부산광역시 부산진구 가야동,중상사고,0,1,0,0,차대사람 - 기타,안전운전불이행,건조,맑음,단일로 - 고가도로위,특수,남,54세,상해없음,보행자,남,34세,중상
2019120300100054,2019년 12월 3일 04시,화요일,부산광역시 사하구 당리동,경상사고,0,0,1,0,차대차 - 측면충돌,중앙선침범,건조,기타,단일로 - 지하차도(도로)내,기타불명,남,77세,경상,승용,남,61세,상해없음
2019120300100057,2019년 12월 3일 05시,화요일,부산광역시 부산진구 부암동,중상사고,0,1,0,0,차대차 - 기타,안전운전불이행,건조,맑음,단일로 - 고가도로위,승용,남,21세,상해없음,화물,남,50세,중상
2019120300100058,2019년 12월 3일 05시,화요일,부산광역시 금정구 노포동,경상사고,0,0,1,0,차대사람 - 횡단중,안전운전불이행,건조,맑음,교차로 - 교차로안,개인형이동수단(PM),남,27세,상해없음,보행자,여,64세,경상
2019120300100070,2019년 12월 3일 06시,화요일,부산광역시 남구 대연동,경상사고,0,0,1,0,차대차 - 측면충돌,안전거리미확보,건조,맑음,단일로 - 기타,승용,남,69세,상해없음,화물,남,36세,경상
2019120300100091,2019년 12월 3일 07시,화요일,부산광역시 강서구 송정동,경상사고,0,0,1,0,차대차 - 기타,안전운전불이행,건조,맑음,교차로 - 교차로부근,승용,남,47세,상해없음,승용,남,52세,상해없음
2019120300100120,2019년 12월 3일 08시,화요일,부산광역시 사하구 감천동,경상사고,0,0,1,0,차대차 - 추돌,차로위반,건조,맑음,단일로 - 기타,화물,남,63세,상해없음,승용,남,37세,경상
2019120300100163,2019년 12월 3일 09시,화요일,부산광역시 금정구 부곡동,경상사고,0,0,1,0,차대차 - 후진중충돌,안전운전불이행,건조,맑음,교차로 - 교차로안,승용,남,32세,상해없음,승용,여,39세,경상
2019120300100164,2019년 12월 3일 09시,화요일,부산광역시 기장군 기장읍,경상사고,0,0,1,0,차대사람 - 기타,안전운전불이행,건조,맑음,단일로 - 기타,승용,남,32세,상해없음,보행자,여,76세,경상
2019120300100207,2019년 12월 3일 10시,화요일,부산광역시 연제구 연산동,경상사고,0,0,1,0,차량단독 - 기타,안전운전불이행,건조,맑음,단일로 - 기타,승합,남,49세,상해없음,,,,
2019120300100229,2019년 12월 3일 11시,화요일,부산광역시 동구 초량동,경상사고,0,0,1,0,차대차 - 추돌,안전운전불이행,건조,맑음,단일로 - 기타,화물,남,58세,상해없음,승용,남,35세,경상
2019120300100230,2019년 12월 3일 11시,화요일,부산광역시 남구 대연동,경상사고,0,0,1,0,차대차 - 기타,안전운전불이행,건조,맑음,교차로 - 교차로안,화물,남,65세,상해없음,승용,여,69세,경상
2019120300100231,2019년 12월 3일 11시,화요일,부산광역시 동래구 명장동,경상사고,0,0,2,0,차대차 - 측면충돌,신호위반,건조,맑음,교차로 - 교차로안,승용,남,58세,상해없음,승용,남,68세,경상
2019120300100258,2019년 12월 3일 12시,화요일,부산광역시 남구 감만동,경상사고,0,0,2,0,차대차 - 측면충돌,안전운전불이행,건조,맑음,단일로 - 기타,화물,남,41세,상해없음,승용,남,71세,경상
2019120300100259,2019년 12월 3일 12시,화요일,부산광역시 동래구 명륜동,중상사고,0,1,0,0,차대사람 - 횡단중,보행자보호의무위반,건조,맑음,단일로 - 기타,화물,남,69세,상해없음,보행자,여,65세,중상
2019120300100299,2019년 12월 3일 13시,화요일,부산광역시 강서구 구랑동,경상사고,0,0,3,0,차대차 - 기타,안전거리미확보,건조,맑음,단일로 - 기타,특수,남,45세,상해없음,승용,남,35세,경상
2019120300100300,2019년 12월 3일 13시,화요일,부산광역시 기장군 기장읍,경상사고,0,0,1,0,차대차 - 추돌,안전운전불이행,건조,맑음,단일로 - 기타,승용,남,65세,상해없음,승용,여,62세,경상
2019120300100379,2019년 12월 3일 15시,화요일,부산광역시 동래구 수안동,경상사고,0,0,1,0,차대차 - 기타,안전운전불이행,건조,맑음,교차로 - 교차로안,승합,남,72세,상해없음,이륜,남,62세,경상
2019120300100380,2019년 12월 3일 15시,화요일,부산광역시 부산진구 부전동,경상사고,0,0,1,0,차대사람 - 횡단중,보행자보호의무위반,건조,맑음,단일로 - 기타,승용,여,67세,상해없음,보행자,여,71세,경상
2019120300100408,2019년 12월 3일 16시,화요일,부산광역시 남구 용호동,중상사고,0,1,0,0,차대사람 - 차도통행중,안전운전불이행,건조,맑음,단일로 - 기타,승용,남,26세,상해없음,보행자,여,77세,중상
2019120300100409,2019년 12월 3일 16시,화요일,부산광역시 동래구 안락동,경상사고,0,0,1,0,차대차 - 기타,안전운전불이행,건조,맑음,교차로 - 교차로안,승용,여,66세,상해없음,승용,남,65세,상해없음
2019120300100441,2019년 12월 3일 17시,화요일,부산광역시 동구 초량동,중상사고,0,1,0,0,차대사람 - 기타,안전운전불이행,건조,맑음,단일로 - 기타,승합,남,50세,상해없음,보행자,여,76세,중상
2019120300100442,2019년 12월 3일 17시,화요일,부산광역시 사하구 괴정동,중상사고,0,1,0,0,차대사람 - 횡단중,안전운전불이행,건조,맑음,교차로 - 교차로안,승용,남,60세,상해없음,보행자,여,63세,중상
2019120300100491,2019년 12월 3일 18시,화요일,부산광역시 금정구 구서동,부상신고사고,0,0,0,1,차대사람 - 기타,안전운전불이행,건조,맑음,기타 - 기타,승합,남,55세,상해없음,보행자,여,28세,부상신고
2019120300100544,2019년 12월 3일 19시,화요일,부산광역시 동래구 명륜동,경상사고,0,0,1,0,차대사람 - 기타,안전운전불이행,건조,맑음,기타 - 기타,승용,남,59세,상해없음,보행자,남,40세,경상
2019120300100545,2019년 12월 3일 19시,화요일,부산광역시 해운대구 반여동,경상사고,0,0,1,0,차대사람 - 기타,안전운전불이행,건조,맑음,단일로 - 기타,승용,남,64세,상해없음,보행자,남,67세,경상
2019120300100573,2019년 12월 3일 20시,화요일,부산광역시 강서구 송정동,경상사고,0,0,1,0,차대차 - 기타,안전운전불이행,건조,맑음,기타 - 기타,이륜,남,31세,상해없음,자전거,남,39세,경상
2019120300100598,2019년 12월 3일 21시,화요일,부산광역시 해운대구 우동,경상사고,0,0,2,0,차대차 - 측면충돌,중앙선침범,건조,맑음,단일로 - 기타,승용,남,66세,상해없음,이륜,남,30세,경상
2019120300100599,2019년 12월 3일 21시,화요일,부산광역시 수영구 망미동,중상사고,0,1,0,0,차대차 - 측면충돌,안전거리미확보,건조,맑음,단일로 - 기타,승용,남,66세,상해없음,이륜,남,56세,중상
2019120300100634,2019년 12월 3일 22시,화요일,부산광역시 부산진구 범천동,경상사고,0,0,1,2,차량단독 - 공작물충돌,안전운전불이행,건조,맑음,단일로 - 교량,승용,남,19세,상해없음,,,,
2019120300100635,2019년 12월 3일 22시,화요일,부산광역시 연제구 연산동,경상사고,0,0,1,0,차대차 - 측면충돌,교차로운행방법위반,건조,맑음,교차로 - 교차로안,이륜,남,37세,상해없음,화물,여,42세,경상
2019120300100660,2019년 12월 3일 23시,화요일,부산광역시 남구 대연동,중상사고,0,1,0,0,차대사람 - 기타,안전운전불이행,건조,맑음,단일로 - 기타,승용,남,31세,상해없음,보행자,남,46세,중상
2019120300100661,2019년 12월 3일 23시,화요일,부산광역시 사상구 덕포동,경상사고,0,0,1,0,차대차 - 기타,중앙선침범,건조,맑음,기타 - 기타,승용,남,53세,상해없음,승용,여,58세,경상
2019120400100052,2019년 12월 4일 01시,수요일,부산광역시 연제구 거제동,경상사고,0,0,2,0,차대차 - 기타,안전운전불이행,건조,맑음,교차로 - 교차로안,승용,여,37세,상해없음,승용,남,32세,경상
2019120400100066,2019년 12월 4일 02시,수요일,부산광역시 강서구 명지동,중상사고,0,1,0,0,차대차 - 측면충돌,안전운전불이행,건조,맑음,단일로 - 기타,승용,여,52세,상해없음,이륜,남,81세,중상
2019120400100090,2019년 12월 4일 05시,수요일,부산광역시 남구 우암동,중상사고,0,2,1,0,차대차 - 측면충돌,신호위반,건조,맑음,교차로 - 교차로안,승용,남,62세,중상,승용,남,44세,중상
2019120400100125,2019년 12월 4일 06시,수요일,부산광역시 부산진구 양정동,경상사고,0,0,1,0,차대차 - 측면충돌,신호위반,건조,맑음,교차로 - 교차로안,승용,남,50세,경상,건설기계,남,51세,상해없음
2019120400100126,2019년 12월 4일 06시,수요일,부산광역시 부산진구 전포동,중상사고,0,2,0,0,차대차 - 추돌,안전운전불이행,건조,맑음,교차로 - 교차로부근,화물,남,76세,중상,화물,남,40세,상해없음
2019120400100159,2019년 12월 4일 07시,수요일,부산광역시 사상구 엄궁동,경상사고,0,0,1,0,차대사람 - 길가장자리구역통행중,안전운전불이행,건조,맑음,기타 - 기타,기타불명,기타불명,미분류,기타불명,보행자,남,14세,경상
2019120400100188,2019년 12월 4일 08시,수요일,부산광역시 동래구 명장동,경상사고,0,0,1,0,차대사람 - 횡단중,보행자보호의무위반,건조,맑음,교차로 - 교차로안,승용,남,49세,상해없음,보행자,여,29세,경상
2019120400100189,2019년 12월 4일 08시,수요일,부산광역시 부산진구 가야동,경상사고,0,0,1,0,차대사람 - 차도통행중,안전운전불이행,건조,맑음,단일로 - 기타,승용,남,45세,상해없음,보행자,여,13세,경상
2019120400100242,2019년 12월 4일 09시,수요일,부산광역시 사하구 구평동,중상사고,0,1,0,0,차대차 - 기타,안전거리미확보,건조,맑음,단일로 - 지하차도(도로)내,건설기계,남,63세,상해없음,승용,남,51세,중상
2019120400100243,2019년 12월 4일 09시,수요일,부산광역시 강서구 대저2동,경상사고,0,0,2,0,차대차 - 기타,기타,건조,맑음,교차로 - 교차로안,화물,남,53세,경상,화물,남,52세,경상
2019120400100320,2019년 12월 4일 11시,수요일,부산광역시 해운대구 반여동,부상신고사고,0,0,0,1,차대차 - 측면충돌,교차로운행방법위반,건조,맑음,교차로 - 교차로안,승용,여,74세,상해없음,화물,남,48세,부상신고
2019120400100321,2019년 12월 4일 11시,수요일,부산광역시 강서구 명지동,경상사고,0,0,1,0,차대차 - 기타,안전운전불이행,건조,맑음,교차로 - 교차로안,승용,남,50세,상해없음,자전거,남,59세,경상
2019120400100366,2019년 12월 4일 12시,수요일,부산광역시 동래구 온천동,경상사고,0,0,1,0,차대차 - 기타,교차로운행방법위반,건조,맑음,교차로 - 교차로안,이륜,남,20세,상해없음,승용,남,59세,경상
2019120400100367,2019년 12월 4일 12시,수요일,부산광역시 사하구 당리동,부상신고사고,0,0,0,1,차대차 - 기타,기타,건조,맑음,단일로 - 기타,이륜,남,50세,부상신고,승용,남,58세,상해없음
2019120400100449,2019년 12월 4일 15시,수요일,부산광역시 동래구 명륜동,중상사고,0,1,0,0,차대사람 - 기타,신호위반,건조,맑음,교차로 - 교차로부근,화물,남,45세,상해없음,보행자,여,86세,중상
2019120400100450,2019년 12월 4일 15시,수요일,부산광역시 강서구 명지동,경상사고,0,0,1,0,차대차 - 기타,안전운전불이행,건조,맑음,교차로 - 교차로안,승용,남,49세,상해없음,승용,여,40세,경상
2019120400100476,2019년 12월 4일 16시,수요일,부산광역시 남구 우암동,경상사고,0,0,2,0,차대차 - 기타,안전운전불이행,건조,맑음,단일로 - 기타,승용,남,46세,상해없음,화물,남,63세,상해없음
2019120400100477,2019년 12월 4일 16시,수요일,부산광역시 동래구 온천동,경상사고,0,0,2,0,차대차 - 측면충돌,안전운전불이행,건조,맑음,단일로 - 기타,승용,여,44세,상해없음,승용,남,53세,경상
2019120400100478,2019년 12월 4일 16시,수요일,부산광역시 동래구 명륜동,경상사고,0,0,1,0,차량단독 - 기타,안전운전불이행,건조,맑음,단일로 - 기타,승합,남,25세,상해없음,,,,
2019120400100479,2019년 12월 4일 16시,수요일,부산광역시 사상구 괘법동,경상사고,0,0,1,0,차대차 - 기타,기타,건조,맑음,단일로 - 기타,화물,남,65세,상해없음,이륜,남,35세,경상
2019120400100515,2019년 12월 4일 17시,수요일,부산광역시 동구 범일동,경상사고,0,0,1,0,차대차 - 추돌,안전운전불이행,건조,맑음,단일로 - 기타,승용,여,31세,상해없음,화물,남,32세,경상
2019120400100516,2019년 12월 4일 17시,수요일,부산광역시 북구 구포동,중상사고,0,1,0,0,차대차 - 측면충돌,안전운전불이행,건조,맑음,교차로 - 교차로안,이륜,남,71세,중상,승용,남,56세,상해없음