사고번호,사고일시,요일,시군구,사고내용,사망자수,중상자수,경상자수,부상신고자수,사고유형,법규위반,노면상태,기상상태,도로형태,가해운전자 차종,가해운전자 성별,가해운전자 연령,가해운전자 상해정도,피해운전자 차종,피해운전자 성별,피해운전자 연령,피해운전자 상해정도
2019121400100795,2019년 12월 14일 23시,토요일,부산광역시 부산진구 전포동,경상사고,0,0,5,0,차대차 - 추돌,안전운전불이행,건조,맑음,단일로 - 기타,승합,남,45세,상해없음,승용,남,58세,경상
2019121500100018,2019년 12월 15일 00시,일요일,부산광역시 남구 용호동,중상사고,0,1,0,0,차대차 - 측면충돌,신호위반,건조,맑음,교차로 - 교차로안,승용,남,57세,상해없음,이륜,남,39세,중상
2019121500100039,2019년 12월 15일 01시,일요일,부산광역시 부산진구 부전동,중상사고,0,2,0,0,차대사람 - 기타,안전운전불이행,건조,맑음,단일로 - 기타,승용,남,63세,상해없음,보행자,여,21세,중상
2019121500100040,2019년 12월 15일 01시,일요일,부산광역시 부산진구 부전동,중상사고,0,1,0,0,차대사람 - 기타,안전운전불이행,건조,맑음,단일로 - 기타,승용,남,29세,상해없음,보행자,남,22세,중상
2019121500100041,2019년 12월 15일 01시,일요일,부산광역시 연제구 거제동,경상사고,0,0,3,0,차대차 - 측면충돌,교차로운행방법위반,건조,맑음,교차로 - 교차로안,승용,남,56세,경상,승용,남,60세,경상
2019121500100059,2019년 12월 15일 02시,일요일,부산광역시 사상구 괘법동,중상사고,0,3,0,0,차대사람 - 횡단중,안전운전불이행,건조,맑음,단일로 - 기타,승용,남,39세,상해없음,보행자,남,46세,중상
2019121500100070,2019년 12월 15일 03시,일요일,부산광역시 사상구 괘법동,중상사고,0,1,0,0,차대사람 - 횡단중,신호위반,건조,맑음,교차로 - 교차로횡단보도내,승용,남,64세,상해없음,보행자,남,30세,중상
2019121500100109,2019년 12월 15일 06시,일요일,부산광역시 동래구 온천동,경상사고,0,0,1,1,차대차 - 추돌,안전운전불이행,건조,맑음,단일로 - 기타,원동기,남,27세,부상신고,건설기계,남,46세,경상
2019121500100117,2019년 12월 15일 07시,일요일,부산광역시 남구 문현동,중상사고,0,2,1,0,차대차 - 정면충돌,신호위반,건조,맑음,교차로 - 교차로안,승합,남,66세,중상,승용,남,47세,중상
2019121500100128,2019년 12월 15일 08시,일요일,부산광역시 해운대구 우동,부상신고사고,0,0,0,1,차대차 - 측면충돌,안전운전불이행,건조,맑음,교차로 - 교차로부근,승용,남,66세,상해없음,승용,남,45세,부상신고
2019121500100148,2019년 12월 15일 09시,일요일,부산광역시 수영구 광안동,중상사고,0,2,0,0,차대차 - 측면충돌,안전거리미확보,건조,맑음,단일로 - 기타,화물,남,56세,상해없음,승용,남,22세,중상
2019121500100149,2019년 12월 15일 09시,일요일,부산광역시 기장군 철마면,경상사고,0,0,1,0,차대차 - 측면충돌,안전운전불이행,건조,맑음,교차로 - 교차로부근,승용,남,32세,상해없음,승용,남,52세,경상
2019121500100174,2019년 12월 15일 10시,일요일,부산광역시 수영구 광안동,경상사고,0,0,2,0,차대차 - 기타,안전거리미확보,건조,맑음,단일로 - 기타,승용,여,42세,상해없음,승용,남,47세,경상
2019121500100175,2019년 12월 15일 10시,일요일,부산광역시 북구 금곡동,중상사고,0,1,0,0,차대사람 - 기타,안전운전불이행,건조,맑음,교차로 - 교차로안,화물,남,60세,상해없음,보행자,남,62세,중상
2019121500100220,2019년 12월 15일 12시,일요일,부산광역시 부산진구 범천동,중상사고,0,1,0,0,차대차 - 측면충돌,차로위반,건조,맑음,단일로 - 기타,승용,남,29세,상해없음,이륜,남,26세,중상
2019121500100253,2019년 12월 15일 13시,일요일,부산광역시 중구 영주동,경상사고,0,0,1,0,차대차 - 측면충돌,안전운전불이행,건조,맑음,교차로 - 교차로안,화물,남,48세,상해없음,승용,남,57세,경상
2019121500100254,2019년 12월 15일 13시,일요일,부산광역시 북구 금곡동,중상사고,0,1,0,1,차대차 - 기타,안전운전불이행,건조,맑음,단일로 - 기타,승용,남,41세,상해없음,화물,남,43세,부상신고
2019121500100311,2019년 12월 15일 15시,일요일,부산광역시 수영구 남천동,중상사고,0,1,3,0,차대차 - 추돌,안전운전불이행,건조,맑음,단일로 - 교량,승용,남,53세,상해없음,승용,남,29세,중상
2019121500100312,2019년 12월 15일 15시,일요일,부산광역시 사하구 감천동,경상사고,0,0,1,0,차대차 - 기타,안전거리미확보,건조,맑음,교차로 - 교차로부근,화물,남,70세,상해없음,승용,남,61세,경상
2019121500100313,2019년 12월 15일 15시,일요일,부산광역시 강서구 명지동,중상사고,0,1,1,0,차대차 - 측면충돌,신호위반,건조,맑음,교차로 - 교차로안,승용,남,46세,상해없음,승용,여,38세,경상
2019121500100345,2019년 12월 15일 16시,일요일,부산광역시 부산진구 전포동,경상사고,0,0,2,0,차대차 - 추돌,신호위반,건조,맑음,교차로 - 교차로안,승용,여,59세,상해없음,승용,남,44세,경상
2019121500100370,2019년 12월 15일 17시,일요일,부산광역시 사하구 하단동,경상사고,0,0,1,0,차대차 - 기타,신호위반,건조,맑음,단일로 - 기타,이륜,남,44세,상해없음,이륜,남,70세,경상
2019121500100371,2019년 12월 15일 17시,일요일,부산광역시 강서구 대항동,중상사고,0,1,0,0,차대사람 - 횡단중,안전운전불이행,건조,맑음,단일로 - 기타,화물,남,52세,상해없음,보행자,여,58세,중상
2019121500100372,2019년 12월 15일 17시,일요일,부산광역시 기장군 기장읍,경상사고,0,0,4,0,차대차 - 추돌,안전거리미확보,건조,기타,교차로 - 교차로안,승용,여,27세,상해없음,승용,여,44세,경상
2019121500100404,2019년 12월 15일 18시,일요일,부산광역시 수영구 광안동,경상사고,0,0,1,0,차대사람 - 횡단중,보행자보호의무위반,건조,맑음,기타 - 기타,승용,남,63세,상해없음,보행자,여,65세,경상
2019121500100405,2019년 12월 15일 18시,일요일,부산광역시 사하구 하단동,중상사고,0,1,0,0,차대차 - 측면충돌,안전운전불이행,건조,맑음,단일로 - 기타,승용,남,61세,상해없음,자전거,남,66세,중상
2019121500100406,2019년 12월 15일 18시,일요일,부산광역시 사상구 주례동,경상사고,0,0,1,0,차대사람 - 기타,안전운전불이행,건조,맑음,교차로 - 교차로안,승용,여,59세,상해없음,보행자,여,68세,경상
2019121500100407,2019년 12월 15일 18시,일요일,부산광역시 사상구 감전동,부상신고사고,0,0,0,1,차대사람 - 기타,안전운전불이행,건조,맑음,단일로 - 기타,승용,여,51세,상해없음,보행자,남,44세,부상신고
2019121500100408,2019년 12월 15일 18시,일요일,부산광역시 사상구 엄궁동,부상신고사고,0,0,0,1,차량단독 - 기타,안전운전불이행,건조,맑음,단일로 - 기타,승합,남,57세,상해없음,,,,
2019121500100451,2019년 12월 15일 19시,일요일,부산광역시 연제구 연산동,경상사고,0,0,2,0,차대차 - 정면충돌,신호위반,건조,맑음,교차로 - 교차로안,이륜,남,26세,경상,승용,여,40세,경상
2019121500100479,2019년 12월 15일 20시,일요일,부산광역시 사상구 괘법동,경상사고,0,0,5,0,차대차 - 기타,교차로운행방법위반,건조,맑음,교차로 - 교차로안,승용,여,39세,경상,승용,남,30세,경상
2019121500100517,2019년 12월 15일 22시,일요일,부산광역시 부산진구 가야동,부상신고사고,0,0,0,1,차대사람 - 기타,안전운전불이행,건조,맑음,단일로 - 기타,이륜,남,22세,상해없음,보행자,남,36세,부상신고
2019121500100518,2019년 12월 15일 22시,일요일,부산광역시 부산진구 부전동,중상사고,0,1,0,0,차대사람 - 기타,안전운전불이행,건조,맑음,교차로 - 교차로부근,승용,남,28세,상해없음,보행자,남,23세,중상
2019121500100519,2019년 12월 15일 22시,일요일,부산광역시 사하구 하단동,부상신고사고,0,0,0,1,차대차 - 측면충돌,직진우회전진행방해,건조,맑음,교차로 - 교차로안,이륜,남,18세,부상신고,승용,남,62세,상해없음
2019121600100043,2019년 12월 16일 01시,월요일,부산광역시 연제구 연산동,경상사고,0,0,2,0,차대차 - 기타,신호위반,건조,맑음,교차로 - 교차로안,승용,남,65세,상해없음,승용,남,20세,경상
2019121600100065,2019년 12월 16일 05시,월요일,부산광역시 북구 화명동,중상사고,0,1,0,0,차대사람 - 차도통행중,보행자보호의무위반,건조,맑음,교차로 - 교차로횡단보도내,승용,남,62세,상해없음,보행자,여,64세,중상
2019121600100080,2019년 12월 16일 06시,월요일,부산광역시 부산진구 전포동,경상사고,0,0,1,0,차대차 - 추돌,안전운전불이행,건조,맑음,단일로 - 기타,승용,남,23세,상해없음,자전거,남,73세,경상
2019121600100099,2019년 12월 16일 07시,월요일,부산광역시 서구 충무동1가,경상사고,0,0,1,2,차대차 - 측면충돌,안전운전불이행,건조,맑음,교차로 - 교차로부근,승용,여,60세,부상신고,화물,남,59세,경상
2019121600100100,2019년 12월 16일 07시,월요일,부산광역시 동래구 온천동,경상사고,0,0,1,0,차대차 - 측면충돌,안전거리미확보,건조,맑음,교차로 - 교차로부근,승합,남,63세,상해없음,건설기계,남,48세,경상
2019121600100176,2019년 12월 16일 09시,월요일,부산광역시 북구 화명동,경상사고,0,0,1,0,차대차 - 기타,안전거리미확보,건조,맑음,교차로 - 교차로부근,승용,여,63세,상해없음,승용,남,35세,경상
2019121600100177,2019년 12월 16일 09시,월요일,부산광역시 동래구 온천동,경상사고,0,0,1,0,차대차 - 측면충돌,안전운전불이행,건조,맑음,교차로 - 교차로안,화물,남,55세,상해없음,승용,남,49세,경상
2019121600100178,2019년 12월 16일 09시,월요일,부산광역시 부산진구 당감동,경상사고,0,0,1,0,차대차 - 측면충돌,신호위반,건조,맑음,교차로 - 교차로안,화물,남,53세,상해없음,승용,여,32세,경상
2019121600100179,2019년 12월 16일 09시,월요일,부산광역시 연제구 거제동,경상사고,0,0,1,0,차대차 - 측면충돌,안전운전불이행,건조,맑음,단일로 - 기타,승합,남,60세,상해없음,승용,남,44세,경상
2019121600100215,2019년 12월 16일 10시,월요일,부산광역시 부산진구 양정동,중상사고,0,1,2,1,차대차 - 측면충돌,신호위반,건조,맑음,교차로 - 교차로안,승용,남,78세,부상신고,승용,남,62세,경상
2019121600100248,2019년 12월 16일 11시,월요일,부산광역시 남구 대연동,경상사고,0,0,1,0,차대차 - 측면충돌,교차로운행방법위반,건조,맑음,교차로 - 교차로안,승용,남,64세,상해없음,화물,남,29세,경상
2019121600100249,2019년 12월 16일 11시,월요일,부산광역시 남구 대연동,경상사고,0,0,1,0,차대사람 - 기타,안전운전불이행,건조,맑음,단일로 - 기타,이륜,남,39세,상해없음,보행자,여,78세,경상
2019121600100250,2019년 12월 16일 11시,월요일,부산광역시 동래구 온천동,경상사고,0,0,1,0,차대사람 - 길가장자리구역통행중,안전운전불이행,건조,맑음,교차로 - 교차로부근,승용,여,43세,상해없음,보행자,여,48세,경상
2019121600100251,2019년 12월 16일 11시,월요일,부산광역시 동래구 명장동,중상사고,0,1,0,0,차대사람 - 횡단중,보행자보호의무위반,건조,맑음,교차로 - 교차로횡단보도내,화물,남,66세,상해없음,보행자,여,14세,중상
2019121600100252,2019년 12월 16일 11시,월요일,부산광역시 영도구 봉래동3가,중상사고,0,1,0,0,차량단독 - 기타,안전운전불이행,건조,맑음,단일로 - 기타,승용,남,66세,상해없음,,,,
2019121600100253,2019년 12월 16일 11시,월요일,부산광역시 사하구 하단동,경상사고,0,0,1,0,차대차 - 정면충돌,신호위반,건조,맑음,교차로 - 교차로부근,화물,여,52세,상해없음,이륜,남,42세,경상
2019121600100284,2019년 12월 16일 12시,월요일,부산광역시 서구 충무동1가,경상사고,0,0,1,0,차대사람 - 횡단중,안전운전불이행,건조,맑음,단일로 - 기타,승합,남,52세,상해없음,보행자,남,65세,경상
2019121600100285,2019년 12월 16일 12시,월요일,부산광역시 서구 암남동,중상사고,0,1,2,0,차대차 - 측면충돌,신호위반,건조,맑음,교차로 - 교차로안,건설기계,남,63세,상해없음,승용,남,56세,중상
2019121600100286,2019년 12월 16일 12시,월요일,부산광역시 금정구 부곡동,경상사고,0,0,1,0,차대사람 - 기타,안전운전불이행,건조,맑음,교차로 - 교차로안,개인형이동수단(PM),남,46세,상해없음,보행자,여,70세,경상
2019121600100316,2019년 12월 16일 13시,월요일,부산광역시 영도구 봉래동3가,경상사고,0,0,2,0,차대차 - 측면충돌,안전운전불이행,건조,맑음,단일로 - 기타,승용,남,69세,상해없음,승용,남,59세,경상
2019121600100317,2019년 12월 16일 13시,월요일,부산광역시 사상구 주례동,경상사고,0,0,1,0,차대사람 - 기타,안전운전불이행,건조,맑음,단일로 - 기타,이륜,남,28세,상해없음,보행자,남,57세,경상
2019121600100318,2019년 12월 16일 13시,월요일,부산광역시 사상구 학장동,부상신고사고,0,0,0,1,차대차 - 측면충돌,안전운전불이행,건조,맑음,단일로 - 기타,승용,여,37세,부상신고,화물,남,70세,상해없음
2019121600100347,2019년 12월 16일 14시,월요일,부산광역시 동래구 수안동,경상사고,0,0,1,0,차대차 - 추돌,안전운전불이행,건조,맑음,단일로 - 기타,승용,남,73세,상해없음,승용,남,27세,경상
2019121600100348,2019년 12월 16일 14시,월요일,부산광역시 사상구 감전동,경상사고,0,0,1,0,차대차 - 추돌,안전운전불이행,건조,맑음,단일로 - 기타,승용,남,29세,상해없음,특수,남,53세,경상
2019121600100349,2019년 12월 16일 14시,월요일,부산광역시 사상구 주례동,경상사고,0,0,1,0,차대차 - 후진중충돌,안전운전불이행,건조,맑음,주차장 - 주차장,승용,남,70세,상해없음,승용,남,46세,경상
2019121600100382,2019년 12월 16일 15시,월요일,부산광역시 서구 암남동,경상사고,0,0,5,0,차대차 - 측면충돌,신호위반,건조,맑음,단일로 - 터널,특수,남,64세,상해없음,승합,남,47세,경상
2019121600100383,2019년 12월 16일 15시,월요일,부산광역시 동래구 명장동,중상사고,0,1,0,0,차대사람 - 기타,안전운전불이행,건조,맑음,교차로 - 교차로안,승용,남,49세,상해없음,보행자,남,78세,중상
2019121600100384,2019년 12월 16일 15시,월요일,부산광역시 연제구 연산동,부상신고사고,0,0,0,1,차대차 - 추돌,안전운전불이행,건조,맑음,교차로 - 교차로부근,화물,남,65세,상해없음,승용,여,48세,부상신고
2019121600100418,2019년 12월 16일 16시,월요일,부산광역시 부산진구 개금동,중상사고,0,3,3,1,차대차 - 측면충돌,안전운전불이행,건조,맑음,교차로 - 교차로안,승용,남,72세,중상,승합,남,41세,중상
2019121600100467,2019년 12월 16일 17시,월요일,부산광역시 부산진구 가야동,중상사고,0,1,5,0,차대차 - 추돌,안전운전불이행,건조,맑음,교차로 - 교차로부근,화물,남,58세,기타불명,승용,남,50세,상해없음
2019121600100468,2019년 12월 16일 17시,월요일,부산광역시 사상구 감전동,경상사고,0,0,1,0,차대차 - 측면충돌,안전운전불이행,건조,맑음,단일로 - 교량,화물,남,56세,상해없음,승용,남,24세,경상
2019121600100514,2019년 12월 16일 18시,월요일,부산광역시 동래구 안락동,경상사고,0,0,1,0,차대차 - 측면충돌,안전운전불이행,건조,맑음,단일로 - 기타,승용,남,61세,상해없음,이륜,남,61세,경상
2019121600100576,2019년 12월 16일 19시,월요일,부산광역시 북구 금곡동,경상사고,0,0,1,0,차대차 - 측면충돌,차로위반,건조,맑음,단일로 - 기타,승용,여,55세,상해없음,승용,남,35세,경상
2019121600100577,2019년 12월 16일 19시,월요일,부산광역시 영도구 청학동,중상사고,0,1,1,0,차대차 - 기타,안전거리미확보,건조,맑음,단일로 - 기타,이륜,남,60세,중상,이륜,남,23세,경상
2019121600100578,2019년 12월 16일 19시,월요일,부산광역시 영도구 청학동,경상사고,0,0,1,0,차대차 - 측면충돌,안전운전불이행,건조,맑음,교차로 - 교차로안,승용,남,33세,상해없음,이륜,남,21세,경상
2019121600100579,2019년 12월 16일 19시,월요일,부산광역시 해운대구 반여동,중상사고,0,1,0,0,차대사람 - 횡단중,안전운전불이행,건조,맑음,단일로 - 기타,승용,여,49세,상해없음,보행자,남,52세,중상
2019121600100614,2019년 12월 16일 20시,월요일,부산광역시 해운대구 재송동,경상사고,0,0,1,0,차대차 - 기타,안전운전불이행,건조,맑음,단일로 - 기타,화물,남,46세,상해없음,승용,여,39세,경상
2019121600100615,2019년 12월 16일 20시,월요일,부산광역시 금정구 장전동,경상사고,0,0,2,0,차대차 - 기타,안전운전불이행,건조,맑음,단일로 - 기타,이륜,남,16세,상해없음,승용,남,54세,경상
2019121600100632,2019년 12월 16일 21시,월요일,부산광역시 연제구 연산동,경상사고,0,0,1,0,차대차 - 측면충돌,차로위반,건조,맑음,단일로 - 기타,승용,여,33세,상해없음,승용,여,53세,경상
2019121600100633,2019년 12월 16일 21시,월요일,부산광역시 기장군 정관읍,경상사고,0,0,1,0,차대차 - 측면충돌,신호위반,건조,맑음,교차로 - 교차로안,이륜,남,48세,상해없음,이륜,남,41세,경상
2019121600100653,2019년 12월 16일 22시,월요일,부산광역시 부산진구 부암동,사망사고,1,0,0,0,차대사람 - 횡단중,안전운전불이행,건조,맑음,교차로 - 교차로횡단보도내,승용,남,45세,상해없음,보행자,여,21세,사망
2019121600100672,2019년 12월 16일 23시,월요일,부산광역시 금정구 부곡동,경상사고,0,0,1,0,차대차 - 추돌,신호위반,건조,맑음,교차로 - 교차로안,승용,남,68세,상해없음,승용,여,54세,경상
2019121600100673,2019년 12월 16일 23시,월요일,부산광역시 연제구 연산동,경상사고,0,0,2,0,차대차 - 정면충돌,교차로운행방법위반,건조,맑음,교차로 - 교차로안,승용,여,34세,상해없음,승용,남,52세,경상
2019121700100044,2019년 12월 17일 04시,화요일,부산광역시 수영구 광안동,중상사고,0,1,0,0,차대사람 - 횡단중,신호위반,건조,맑음,교차로 - 교차로횡단보도내,이륜,남,20세,상해없음,보행자,남,59세,중상
2019121700100156,2019년 12월 17일 09시,화요일,부산광역시 해운대구 재송동,중상사고,0,1,1,0,차대사람 - 횡단중,보행자보호의무위반,건조,맑음,교차로 - 교차로안,승용,남,67세,상해없음,보행자,여,70세,중상
2019121700100157,2019년 12월 17일 09시,화요일,부산광역시 강서구 생곡동,경상사고,0,0,1,0,차대차 - 측면충돌,안전거리미확보,건조,맑음,단일로 - 기타,특수,남,39세,상해없음,승용,남,31세,경상
2019121700100260,2019년 12월 17일 12시,화요일,부산광역시 해운대구 중동,부상신고사고,0,0,0,1,차대차 - 측면충돌,안전운전불이행,건조,맑음,단일로 - 기타,승용,여,44세,상해없음,이륜,남,34세,부상신고
2019121700100261,2019년 12월 17일 12시,화요일,부산광역시 부산진구 범천동,부상신고사고,0,0,0,1,차대차 - 기타,안전운전불이행,건조,맑음,단일로 - 기타,이륜,남,39세,부상신고,승용,여,68세,상해없음
2019121700100262,2019년 12월 17일 12시,화요일,부산광역시 사상구 주례동,경상사고,0,0,1,0,차대차 - 측면충돌,차로위반,건조,맑음,단일로 - 기타,승용,여,44세,상해없음,특수,남,52세,경상
2019121700100284,2019년 12월 17일 13시,화요일,부산광역시 북구 덕천동,중상사고,0,1,0,0,차대사람 - 횡단중,안전운전불이행,건조,맑음,단일로 - 기타,승용,남,75세,상해없음,보행자,남,62세,중상
2019121700100312,2019년 12월 17일 14시,화요일,부산광역시 북구 화명동,경상사고,0,0,1,0,차대사람 - 횡단중,안전운전불이행,건조,맑음,교차로 - 교차로부근,승용,여,47세,상해없음,보행자,여,26세,경상
2019121700100345,2019년 12월 17일 15시,화요일,부산광역시 강서구 명지동,경상사고,0,0,1,0,차대차 - 측면충돌,안전거리미확보,건조,맑음,단일로 - 기타,화물,남,46세,상해없음,승용,남,80세,경상
2019121700100346,2019년 12월 17일 15시,화요일,부산광역시 사상구 모라동,경상사고,0,0,3,0,차대차 - 측면충돌,안전운전불이행,건조,맑음,단일로 - 기타,특수,남,53세,경상,승용,여,56세,경상
2019121700100383,2019년 12월 17일 16시,화요일,부산광역시 수영구 광안동,중상사고,0,1,0,0,차대사람 - 길가장자리구역통행중,안전운전불이행,건조,맑음,교차로 - 교차로부근,승용,여,42세,상해없음,보행자,남,69세,중상
2019121700100384,2019년 12월 17일 16시,화요일,부산광역시 남구 대연동,경상사고,0,0,1,0,차대차 - 측면충돌,신호위반,건조,맑음,교차로 - 교차로안,승용,여,28세,상해없음,이륜,여,40세,경상
2019121700100385,2019년 12월 17일 16시,화요일,부산광역시 해운대구 좌동,부상신고사고,0,0,0,1,차대차 - 기타,안전운전불이행,건조,맑음,교차로 - 교차로안,승용,남,61세,상해없음,이륜,남,37세,부상신고
2019121700100386,2019년 12월 17일 16시,화요일,부산광역시 연제구 연산동,중상사고,0,1,0,0,차대사람 - 기타,안전운전불이행,건조,맑음,단일로 - 기타,승합,남,53세,상해없음,보행자,여,85세,중상
2019121700100387,2019년 12월 17일 16시,화요일,부산광역시 기장군 일광면,중상사고,0,1,0,0,차대차 - 기타,교차로운행방법위반,건조,맑음,교차로 - 교차로안,화물,남,68세,상해없음,자전거,여,60세,중상
2019121700100460,2019년 12월 17일 18시,화요일,부산광역시 서구 토성동1가,경상사고,0,0,1,0,차대사람 - 횡단중,안전운전불이행,건조,맑음,교차로 - 교차로횡단보도내,승용,남,51세,상해없음,보행자,여,34세,경상
2019121700100461,2019년 12월 17일 18시,화요일,부산광역시 남구 대연동,경상사고,0,0,1,0,차대차 - 기타,교차로운행방법위반,건조,맑음,교차로 - 교차로안,화물,남,48세,상해없음,승용,여,46세,경상
2019121700100462,2019년 12월 17일 18시,화요일,부산광역시 해운대구 우동,경상사고,0,0,1,0,차대차 - 측면충돌,안전거리미확보,건조,맑음,단일로 - 기타,승용,여,55세,상해없음,화물,남,45세,경상
2019121700100463,2019년 12월 17일 18시,화요일,부산광역시 금정구 회동동,경상사고,0,0,1,0,차대차 - 측면충돌,직진우회전진행방해,건조,맑음,교차로 - 교차로안,승용,남,49세,상해없음,원동기,남,55세,경상
2019121700100464,2019년 12월 17일 18시,화요일,부산광역시 기장군 기장읍,경상사고,0,0,3,0,차대차 - 추돌,안전거리미확보,건조,맑음,단일로 - 기타,승용,남,28세,상해없음,승합,남,31세,경상
2019121700100506,2019년 12월 17일 19시,화요일,부산광역시 중구 대청동1가,경상사고,0,0,1,0,차대차 - 측면충돌,신호위반,건조,맑음,교차로 - 교차로안,이륜,남,30세,상해없음,승용,여,32세,경상
2019121700100507,2019년 12월 17일 19시,화요일,부산광역시 북구 만덕동,중상사고,0,1,0,0,차대차 - 기타,신호위반,건조,맑음,교차로 - 교차로안,승용,여,49세,상해없음,이륜,남,45세,중상
2019121700100508,2019년 12월 17일 19시,화요일,부산광역시 해운대구 우동,경상사고,0,0,1,0,차대차 - 정면충돌,신호위반,건조,맑음,교차로 - 교차로안,승용,여,26세,상해없음,승용,남,64세,경상
2019121700100542,2019년 12월 17일 20시,화요일,부산광역시 남구 용호동,중상사고,0,1,0,0,차대차 - 측면충돌,안전운전불이행,건조,맑음,교차로 - 교차로안,승용,남,57세,상해없음,이륜,남,23세,중상
2019121700100543,2019년 12월 17일 20시,화요일,부산광역시 해운대구 재송동,경상사고,0,0,3,0,차대차 - 측면충돌,교차로운행방법위반,건조,맑음,교차로 - 교차로안,승용,남,61세,상해없음,승용,남,63세,경상
2019121700100544,2019년 12월 17일 20시,화요일,부산광역시 부산진구 연지동,중상사고,0,1,0,0,차대차 - 기타,안전거리미확보,건조,흐림,단일로 - 기타,승용,남,47세,상해없음,이륜,남,21세,중상
2019121700100545,2019년 12월 17일 20시,화요일,부산광역시 기장군 정관읍,경상사고,0,0,1,7,차대차 - 기타,신호위반,건조,맑음,교차로 - 교차로안,승용,남,41세,상해없음,승합,남,50세,상해없음
2019121700100573,2019년 12월 17일 21시,화요일,부산광역시 부산진구 가야동,경상사고,0,0,1,0,차대사람 - 기타,안전운전불이행,건조,맑음,단일로 - 기타,기타불명,기타불명,미분류,기타불명,보행자,여,46세,경상
2019121700100574,2019년 12월 17일 21시,화요일,부산광역시 사하구 신평동,중상사고,0,1,0,0,차대차 - 측면충돌,신호위반,건조,맑음,교차로 - 교차로안,이륜,남,36세,중상,승용,여,58세,상해없음
2019121700100604,2019년 12월 17일 22시,화요일,부산광역시 서구 남부민동,사망사고,1,0,0,0,차대사람 - 차도통행중,안전운전불이행,건조,맑음,단일로 - 기타,승용,남,26세,상해없음,보행자,남,71세,사망
2019121800100034,2019년 12월 18일 00시,수요일,부산광역시 영도구 봉래동3가,중상사고,0,1,0,0,차대사람 - 기타,안전운전불이행,적설,맑음,기타 - 기타,자전거,남,40세,상해없음,보행자,남,64세,중상
2019121800100051,2019년 12월 18일 02시,수요일,부산광역시 동래구 온천동,사망사고,1,0,0,0,차대차 - 기타,안전운전불이행,건조,맑음,단일로 - 기타,이륜,남,21세,사망,화물,남,58세,상해없음
2019121800100139,2019년 12월 18일 09시,수요일,부산광역시 남구 대연동,경상사고,0,0,1,0,차대차 - 측면충돌,안전운전불이행,건조,맑음,기타 - 기타,승용,남,80세,상해없음,승용,남,41세,경상
2019121800100140,2019년 12월 18일 09시,수요일,부산광역시 북구 구포동,경상사고,0,0,1,0,차대차 - 측면충돌,교차로운행방법위반,건조,맑음,교차로 - 교차로안,승용,남,47세,상해없음,승용,여,26세,경상
2019121800100168,2019년 12월 18일 10시,수요일,부산광역시 중구 중앙동4가,경상사고,0,0,1,0,차대차 - 측면충돌,안전운전불이행,건조,맑음,단일로 - 기타,승용,남,62세,상해없음,승용,남,59세,경상
2019121800100169,2019년 12월 18일 10시,수요일,부산광역시 금정구 장전동,중상사고,0,1,0,0,차대사람 - 길가장자리구역통행중,안전운전불이행,건조,맑음,단일로 - 기타,승용,남,71세,상해없음,보행자,남,24세,중상
2019121800100191,2019년 12월 18일 11시,수요일,부산광역시 중구 창선동2가,중상사고,0,1,0,0,차대사람 - 횡단중,안전운전불이행,건조,맑음,단일로 - 기타,승용,남,70세,상해없음,보행자,남,57세,중상
2019121800100192,2019년 12월 18일 11시,수요일,부산광역시 강서구 송정동,경상사고,0,0,2,0,차대차 - 기타,안전운전불이행,건조,맑음,단일로 - 기타,화물,남,59세,상해없음,승합,남,48세,상해없음
2019121800100219,2019년 12월 18일 12시,수요일,부산광역시 강서구 명지동,경상사고,0,0,1,0,차대차 - 추돌,안전운전불이행,건조,맑음,단일로 - 기타,승용,남,58세,상해없음,승용,여,59세,상해없음
2019121800100256,2019년 12월 18일 13시,수요일,부산광역시 북구 구포동,중상사고,0,1,0,0,차대차 - 측면충돌,안전운전불이행,건조,맑음,교차로 - 교차로부근,이륜,남,21세,상해없음,이륜,남,27세,중상
2019121800100287,2019년 12월 18일 14시,수요일,부산광역시 남구 문현동,경상사고,0,0,1,0,차대차 - 측면충돌,안전운전불이행,건조,맑음,단일로 - 기타,이륜,남,20세,경상,승용,여,35세,상해없음
2019121800100288,2019년 12월 18일 14시,수요일,부산광역시 강서구 신호동,경상사고,0,0,3,0,차대차 - 기타,신호위반,건조,맑음,교차로 - 교차로부근,승용,남,62세,상해없음,승용,남,33세,경상
2019121800100319,2019년 12월 18일 15시,수요일,부산광역시 사상구 주례동,경상사고,0,0,1,0,차대차 - 정면충돌,신호위반,건조,맑음,교차로 - 교차로안,화물,남,57세,상해없음,승용,남,45세,상해없음
2019121800100320,2019년 12월 18일 15시,수요일,부산광역시 기장군 정관읍,경상사고,0,0,2,0,차대사람 - 기타,안전운전불이행,건조,맑음,교차로 - 교차로부근,승용,여,24세,상해없음,보행자,여,51세,경상
2019121800100341,2019년 12월 18일 16시,수요일,부산광역시 수영구 민락동,중상사고,0,1,1,0,차대차 - 기타,안전거리미확보,건조,맑음,단일로 - 기타,승용,남,66세,기타불명,승용,여,33세,중상