사고번호,사고일시,요일,시군구,사고내용,사망자수,중상자수,경상자수,부상신고자수,사고유형,법규위반,노면상태,기상상태,도로형태,가해운전자 차종,가해운전자 성별,가해운전자 연령,가해운전자 상해정도,피해운전자 차종,피해운전자 성별,피해운전자 연령,피해운전자 상해정도
2019122100100406,2019년 12월 21일 17시,토요일,부산광역시 서구 동대신동3가,경상사고,0,0,1,0,차대사람 - 차도통행중,안전운전불이행,건조,맑음,단일로 - 기타,승용,남,52세,상해없음,보행자,남,45세,경상
2019122100100407,2019년 12월 21일 17시,토요일,부산광역시 해운대구 반여동,경상사고,0,0,1,0,차대사람 - 횡단중,안전운전불이행,건조,맑음,단일로 - 기타,승용,남,71세,상해없음,보행자,여,62세,경상
2019122100100408,2019년 12월 21일 17시,토요일,부산광역시 부산진구 부전동,경상사고,0,0,1,0,차대차 - 측면충돌,중앙선침범,건조,맑음,단일로 - 기타,승용,남,36세,상해없음,이륜,남,22세,경상
2019122100100443,2019년 12월 21일 18시,토요일,부산광역시 동래구 명륜동,경상사고,0,0,1,0,차대차 - 정면충돌,중앙선침범,건조,맑음,단일로 - 기타,이륜,남,80세,상해없음,이륜,남,29세,경상
2019122100100444,2019년 12월 21일 18시,토요일,부산광역시 해운대구 재송동,중상사고,0,1,1,0,차대차 - 기타,안전운전불이행,건조,맑음,단일로 - 기타,승용,남,54세,상해없음,승용,남,35세,경상
2019122100100445,2019년 12월 21일 18시,토요일,부산광역시 사상구 괘법동,경상사고,0,0,1,0,차대사람 - 기타,안전운전불이행,건조,맑음,교차로 - 교차로부근,승용,여,37세,상해없음,보행자,남,62세,경상
2019122100100507,2019년 12월 21일 19시,토요일,부산광역시 동래구 명륜동,경상사고,0,0,1,0,차대사람 - 횡단중,신호위반,건조,맑음,단일로 - 기타,승용,여,57세,상해없음,보행자,남,71세,경상
2019122100100508,2019년 12월 21일 19시,토요일,부산광역시 동래구 사직동,경상사고,0,0,1,0,차대차 - 측면충돌,안전운전불이행,건조,맑음,교차로 - 교차로안,승용,남,43세,상해없음,승용,남,22세,경상
2019122100100546,2019년 12월 21일 20시,토요일,부산광역시 중구 중앙동4가,경상사고,0,0,3,0,차대차 - 측면충돌,교차로운행방법위반,건조,맑음,교차로 - 교차로안,승용,남,61세,경상,승용,남,67세,경상
2019122100100547,2019년 12월 21일 20시,토요일,부산광역시 수영구 광안동,경상사고,0,0,1,0,차대차 - 측면충돌,안전운전불이행,건조,맑음,교차로 - 교차로안,화물,여,53세,상해없음,이륜,남,33세,경상
2019122100100548,2019년 12월 21일 20시,토요일,부산광역시 사하구 하단동,중상사고,0,1,7,0,차대차 - 측면충돌,신호위반,건조,맑음,교차로 - 교차로안,승용,남,61세,상해없음,승용,남,40세,경상
2019122100100549,2019년 12월 21일 20시,토요일,부산광역시 사하구 신평동,경상사고,0,0,1,0,차대차 - 기타,기타,건조,맑음,단일로 - 기타,승용,남,68세,상해없음,승용,남,47세,경상
2019122100100568,2019년 12월 21일 21시,토요일,부산광역시 부산진구 양정동,경상사고,0,0,1,0,차대사람 - 보도통행중,안전운전불이행,건조,맑음,교차로 - 교차로안,승용,남,58세,상해없음,보행자,남,74세,경상
2019122100100591,2019년 12월 21일 22시,토요일,부산광역시 부산진구 가야동,경상사고,0,0,1,0,차대차 - 측면충돌,신호위반,건조,맑음,교차로 - 교차로안,승용,남,45세,상해없음,승용,남,26세,경상
2019122100100622,2019년 12월 21일 23시,토요일,부산광역시 사하구 장림동,중상사고,0,1,0,0,차대차 - 측면충돌,안전운전불이행,건조,맑음,단일로 - 기타,승용,남,59세,상해없음,화물,남,54세,중상
2019122200100037,2019년 12월 22일 00시,일요일,부산광역시 중구 남포동2가,경상사고,0,0,2,0,차대차 - 측면충돌,안전운전불이행,건조,맑음,단일로 - 기타,승용,남,69세,상해없음,승용,남,34세,경상
2019122200100038,2019년 12월 22일 00시,일요일,부산광역시 부산진구 가야동,경상사고,0,0,1,0,차대차 - 정면충돌,신호위반,건조,맑음,교차로 - 교차로안,이륜,남,23세,경상,승용,여,37세,상해없음
2019122200100100,2019년 12월 22일 04시,일요일,부산광역시 동래구 안락동,중상사고,0,1,0,0,차대차 - 측면충돌,신호위반,건조,맑음,단일로 - 기타,승용,남,30세,상해없음,승용,남,56세,중상
2019122200100137,2019년 12월 22일 08시,일요일,부산광역시 기장군 기장읍,경상사고,0,0,1,0,차대차 - 기타,안전운전불이행,건조,기타,교차로 - 교차로안,이륜,남,47세,경상,승용,남,56세,상해없음
2019122200100159,2019년 12월 22일 09시,일요일,부산광역시 금정구 남산동,경상사고,0,0,1,0,차대차 - 후진중충돌,불법유턴,건조,맑음,교차로 - 교차로안,화물,남,71세,상해없음,승용,남,30세,경상
2019122200100185,2019년 12월 22일 11시,일요일,부산광역시 부산진구 연지동,경상사고,0,0,1,0,차대차 - 기타,교차로운행방법위반,건조,맑음,교차로 - 교차로안,승용,여,72세,상해없음,승합,남,59세,상해없음
2019122200100202,2019년 12월 22일 12시,일요일,부산광역시 수영구 민락동,경상사고,0,0,2,0,차대차 - 기타,신호위반,건조,맑음,단일로 - 기타,승용,남,72세,상해없음,승용,남,27세,경상
2019122200100203,2019년 12월 22일 12시,일요일,부산광역시 해운대구 반여동,부상신고사고,0,0,0,1,차대사람 - 기타,안전운전불이행,건조,맑음,단일로 - 기타,승합,남,53세,상해없음,보행자,남,53세,부상신고
2019122200100204,2019년 12월 22일 12시,일요일,부산광역시 금정구 노포동,사망사고,1,0,0,0,차대사람 - 횡단중,안전운전불이행,건조,맑음,단일로 - 기타,승합,남,37세,상해없음,보행자,여,67세,사망
2019122200100233,2019년 12월 22일 13시,일요일,부산광역시 동구 좌천동,경상사고,0,0,1,0,차대차 - 정면충돌,교차로운행방법위반,건조,맑음,교차로 - 교차로안,승용,여,50세,상해없음,원동기,남,46세,경상
2019122200100261,2019년 12월 22일 14시,일요일,부산광역시 동래구 온천동,중상사고,0,1,0,0,차대사람 - 차도통행중,안전운전불이행,건조,맑음,교차로 - 교차로안,승용,남,35세,상해없음,보행자,여,77세,중상
2019122200100262,2019년 12월 22일 14시,일요일,부산광역시 기장군 기장읍,경상사고,0,0,3,0,차대차 - 측면충돌,안전운전불이행,건조,맑음,단일로 - 교량,승용,남,48세,상해없음,승용,여,47세,경상
2019122200100291,2019년 12월 22일 15시,일요일,부산광역시 해운대구 석대동,중상사고,0,1,0,0,차대차 - 기타,안전운전불이행,건조,맑음,교차로 - 교차로안,승합,남,29세,기타불명,자전거,남,53세,중상
2019122200100315,2019년 12월 22일 16시,일요일,부산광역시 남구 우암동,중상사고,0,1,0,0,차대차 - 기타,교차로운행방법위반,건조,맑음,교차로 - 교차로안,승용,여,68세,상해없음,이륜,남,28세,중상
2019122200100316,2019년 12월 22일 16시,일요일,부산광역시 금정구 부곡동,경상사고,0,0,1,0,차대차 - 측면충돌,안전거리미확보,건조,맑음,단일로 - 기타,승용,남,64세,상해없음,승용,여,44세,경상
2019122200100317,2019년 12월 22일 16시,일요일,부산광역시 사상구 주례동,중상사고,0,1,0,0,차량단독 - 기타,안전운전불이행,건조,맑음,단일로 - 기타,승용,남,64세,상해없음,,,,
2019122200100342,2019년 12월 22일 17시,일요일,부산광역시 서구 남부민동,경상사고,0,0,1,0,차대차 - 추돌,안전운전불이행,건조,맑음,단일로 - 기타,승용,남,58세,경상,화물,남,58세,기타불명
2019122200100343,2019년 12월 22일 17시,일요일,부산광역시 서구 서대신동3가,경상사고,0,0,2,0,차대차 - 측면충돌,안전거리미확보,건조,맑음,단일로 - 기타,승용,남,42세,상해없음,승용,여,35세,경상
2019122200100378,2019년 12월 22일 18시,일요일,부산광역시 해운대구 중동,중상사고,0,1,0,0,차대사람 - 횡단중,안전운전불이행,건조,맑음,단일로 - 기타,승용,여,43세,상해없음,보행자,여,57세,중상
2019122200100379,2019년 12월 22일 18시,일요일,부산광역시 부산진구 초읍동,중상사고,0,4,4,1,차대차 - 추돌,안전거리미확보,건조,맑음,교차로 - 교차로안,승용,여,52세,상해없음,승용,남,53세,경상
2019122200100380,2019년 12월 22일 18시,일요일,부산광역시 사하구 당리동,경상사고,0,0,1,0,차대차 - 기타,안전운전불이행,건조,맑음,교차로 - 교차로부근,승용,여,54세,상해없음,이륜,남,56세,경상
2019122200100420,2019년 12월 22일 19시,일요일,부산광역시 사하구 다대동,중상사고,0,2,0,0,차대사람 - 기타,안전운전불이행,건조,맑음,교차로 - 교차로부근,승용,여,49세,상해없음,보행자,남,57세,중상
2019122200100454,2019년 12월 22일 20시,일요일,부산광역시 동래구 안락동,경상사고,0,0,1,0,차대차 - 기타,안전거리미확보,건조,맑음,교차로 - 교차로안,승용,남,54세,상해없음,승합,남,60세,상해없음
2019122200100455,2019년 12월 22일 20시,일요일,부산광역시 사상구 괘법동,경상사고,0,0,1,0,차대차 - 추돌,차로위반,건조,맑음,단일로 - 기타,승용,남,60세,상해없음,승용,남,50세,경상
2019122200100496,2019년 12월 22일 22시,일요일,부산광역시 동래구 사직동,경상사고,0,0,1,0,차대차 - 측면충돌,신호위반,건조,맑음,교차로 - 교차로안,원동기,남,16세,경상,승용,남,48세,상해없음
2019122200100512,2019년 12월 22일 23시,일요일,부산광역시 사상구 학장동,중상사고,0,1,0,0,차대사람 - 횡단중,안전운전불이행,건조,맑음,단일로 - 기타,승용,남,55세,상해없음,보행자,남,68세,중상
2019122300100081,2019년 12월 23일 06시,월요일,부산광역시 동구 범일동,중상사고,0,1,1,0,차대차 - 추돌,안전운전불이행,건조,맑음,단일로 - 기타,승용,남,37세,상해없음,승용,남,51세,경상
2019122300100082,2019년 12월 23일 06시,월요일,부산광역시 금정구 부곡동,중상사고,0,1,0,0,차대사람 - 횡단중,안전운전불이행,건조,맑음,단일로 - 기타,승용,남,65세,상해없음,보행자,여,52세,중상
2019122300100102,2019년 12월 23일 07시,월요일,부산광역시 동래구 사직동,경상사고,0,0,1,0,차대사람 - 길가장자리구역통행중,안전운전불이행,건조,맑음,단일로 - 기타,승용,여,73세,상해없음,보행자,남,33세,경상
2019122300100103,2019년 12월 23일 07시,월요일,부산광역시 사하구 다대동,중상사고,0,1,0,0,차대차 - 기타,안전거리미확보,건조,맑음,단일로 - 지하차도(도로)내,승합,남,49세,상해없음,자전거,남,62세,중상
2019122300100123,2019년 12월 23일 08시,월요일,부산광역시 서구 서대신동3가,중상사고,0,1,0,0,차대사람 - 횡단중,보행자보호의무위반,건조,맑음,교차로 - 교차로횡단보도내,승용,여,49세,상해없음,보행자,여,64세,중상
2019122300100124,2019년 12월 23일 08시,월요일,부산광역시 영도구 대교동1가,경상사고,0,0,1,0,차대사람 - 횡단중,중앙선침범,건조,맑음,단일로 - 기타,기타불명,기타불명,미분류,기타불명,보행자,여,26세,경상
2019122300100125,2019년 12월 23일 08시,월요일,부산광역시 부산진구 개금동,경상사고,0,0,1,0,차대사람 - 기타,안전운전불이행,건조,맑음,단일로 - 기타,승용,남,47세,상해없음,보행자,여,49세,경상
2019122300100126,2019년 12월 23일 08시,월요일,부산광역시 강서구 명지동,경상사고,0,0,1,0,차대차 - 기타,안전운전불이행,건조,맑음,교차로 - 교차로부근,승합,남,63세,상해없음,승용,남,52세,경상
2019122300100170,2019년 12월 23일 09시,월요일,부산광역시 중구 보수동2가,부상신고사고,0,0,0,1,차대차 - 측면충돌,중앙선침범,건조,맑음,단일로 - 기타,이륜,남,90세 이상,부상신고,승용,남,71세,상해없음
2019122300100171,2019년 12월 23일 09시,월요일,부산광역시 동래구 안락동,부상신고사고,0,0,0,1,차량단독 - 기타,기타,건조,맑음,단일로 - 기타,승용,남,67세,상해없음,,,,
2019122300100172,2019년 12월 23일 09시,월요일,부산광역시 영도구 청학동,중상사고,0,1,0,0,차대차 - 기타,안전운전불이행,건조,흐림,단일로 - 기타,승용,여,57세,상해없음,이륜,남,41세,중상
2019122300100197,2019년 12월 23일 10시,월요일,부산광역시 북구 덕천동,경상사고,0,0,1,0,차대차 - 기타,안전운전불이행,건조,맑음,단일로 - 기타,이륜,남,36세,경상,화물,남,68세,상해없음
2019122300100198,2019년 12월 23일 10시,월요일,부산광역시 사하구 장림동,경상사고,0,0,1,0,차대차 - 추돌,안전운전불이행,건조,맑음,교차로 - 교차로부근,승용,남,72세,상해없음,승용,남,54세,경상
2019122300100231,2019년 12월 23일 11시,월요일,부산광역시 부산진구 범천동,중상사고,0,1,1,0,차대차 - 기타,안전운전불이행,건조,맑음,교차로 - 교차로안,화물,남,31세,중상,승용,여,44세,경상
2019122300100259,2019년 12월 23일 12시,월요일,부산광역시 금정구 서동,경상사고,0,0,1,0,차대차 - 기타,직진우회전진행방해,건조,맑음,교차로 - 교차로부근,승용,남,70세,기타불명,이륜,남,24세,경상
2019122300100293,2019년 12월 23일 13시,월요일,부산광역시 사하구 괴정동,경상사고,0,0,1,0,차대사람 - 기타,안전운전불이행,건조,맑음,단일로 - 지하차도(도로)내,승용,남,59세,상해없음,보행자,여,73세,경상
2019122300100363,2019년 12월 23일 15시,월요일,부산광역시 서구 토성동1가,중상사고,0,1,0,0,차대차 - 측면충돌,신호위반,건조,맑음,교차로 - 교차로안,승용,남,62세,상해없음,이륜,남,18세,중상
2019122300100364,2019년 12월 23일 15시,월요일,부산광역시 남구 대연동,중상사고,0,1,0,0,차대차 - 측면충돌,안전운전불이행,건조,맑음,교차로 - 교차로안,자전거,남,78세,중상,승용,여,55세,상해없음
2019122300100365,2019년 12월 23일 15시,월요일,부산광역시 동래구 온천동,경상사고,0,0,3,0,차대차 - 추돌,안전운전불이행,건조,맑음,교차로 - 교차로부근,승용,남,26세,상해없음,승용,남,24세,경상
2019122300100366,2019년 12월 23일 15시,월요일,부산광역시 기장군 기장읍,중상사고,0,1,0,0,차대사람 - 횡단중,보행자보호의무위반,건조,맑음,단일로 - 기타,이륜,남,43세,상해없음,보행자,여,71세,중상
2019122300100397,2019년 12월 23일 16시,월요일,부산광역시 서구 동대신동3가,경상사고,0,0,1,0,차대차 - 기타,안전운전불이행,건조,맑음,단일로 - 기타,승합,남,48세,상해없음,이륜,남,26세,경상
2019122300100398,2019년 12월 23일 16시,월요일,부산광역시 남구 대연동,부상신고사고,0,0,0,1,차대사람 - 기타,안전운전불이행,건조,맑음,단일로 - 기타,승용,남,50세,상해없음,보행자,남,59세,부상신고
2019122300100399,2019년 12월 23일 16시,월요일,부산광역시 동래구 사직동,경상사고,0,0,1,0,차대사람 - 차도통행중,안전운전불이행,건조,맑음,단일로 - 기타,화물,남,52세,상해없음,보행자,남,16세,경상
2019122300100400,2019년 12월 23일 16시,월요일,부산광역시 부산진구 부전동,부상신고사고,0,0,0,1,차대차 - 추돌,신호위반,건조,맑음,교차로 - 교차로안,승용,여,41세,기타불명,이륜,남,27세,부상신고
2019122300100434,2019년 12월 23일 17시,월요일,부산광역시 북구 화명동,경상사고,0,0,1,0,차대차 - 기타,안전거리미확보,건조,맑음,교차로 - 교차로안,승용,남,71세,상해없음,승용,남,39세,경상
2019122300100435,2019년 12월 23일 17시,월요일,부산광역시 사상구 주례동,중상사고,0,1,0,0,차대사람 - 횡단중,안전운전불이행,건조,맑음,단일로 - 기타,화물,남,53세,상해없음,보행자,남,83세,중상
2019122300100436,2019년 12월 23일 17시,월요일,부산광역시 사상구 학장동,경상사고,0,0,1,0,차대차 - 측면충돌,차로위반,건조,맑음,단일로 - 기타,화물,남,56세,경상,화물,남,77세,상해없음
2019122300100480,2019년 12월 23일 18시,월요일,부산광역시 서구 서대신동3가,중상사고,0,1,1,0,차대사람 - 횡단중,기타,건조,맑음,단일로 - 기타,승용,남,46세,상해없음,보행자,남,39세,경상
2019122300100481,2019년 12월 23일 18시,월요일,부산광역시 북구 구포동,경상사고,0,0,2,0,차대차 - 기타,안전거리미확보,건조,맑음,단일로 - 기타,승용,남,75세,상해없음,승용,여,53세,경상
2019122300100482,2019년 12월 23일 18시,월요일,부산광역시 부산진구 전포동,경상사고,0,0,1,0,차대차 - 추돌,안전운전불이행,건조,맑음,단일로 - 기타,화물,남,35세,상해없음,이륜,남,34세,경상
2019122300100483,2019년 12월 23일 18시,월요일,부산광역시 수영구 망미동,경상사고,0,0,1,0,차대차 - 측면충돌,차로위반,건조,맑음,단일로 - 기타,승용,남,36세,상해없음,이륜,남,33세,경상
2019122300100484,2019년 12월 23일 18시,월요일,부산광역시 사상구 학장동,중상사고,0,1,0,0,차대사람 - 횡단중,보행자보호의무위반,건조,맑음,교차로 - 교차로안,승용,남,34세,상해없음,보행자,여,62세,중상
2019122300100485,2019년 12월 23일 18시,월요일,부산광역시 기장군 일광면,경상사고,0,0,1,0,차대차 - 추돌,안전운전불이행,건조,맑음,단일로 - 기타,승용,남,22세,상해없음,건설기계,남,44세,경상
2019122300100540,2019년 12월 23일 19시,월요일,부산광역시 북구 덕천동,경상사고,0,0,1,0,차대차 - 기타,신호위반,건조,맑음,교차로 - 교차로안,이륜,남,59세,경상,승용,남,36세,상해없음
2019122300100541,2019년 12월 23일 19시,월요일,부산광역시 부산진구 당감동,중상사고,0,1,0,0,차대사람 - 횡단중,보행자보호의무위반,건조,맑음,교차로 - 교차로횡단보도내,화물,남,38세,상해없음,보행자,남,71세,중상
2019122300100576,2019년 12월 23일 20시,월요일,부산광역시 연제구 거제동,중상사고,0,1,0,0,차대사람 - 기타,안전운전불이행,건조,맑음,교차로 - 교차로안,승용,남,46세,상해없음,보행자,여,82세,중상
2019122300100601,2019년 12월 23일 21시,월요일,부산광역시 서구 암남동,경상사고,0,0,1,0,차대사람 - 횡단중,안전운전불이행,건조,맑음,단일로 - 기타,승용,남,66세,상해없음,보행자,남,23세,경상
2019122300100602,2019년 12월 23일 21시,월요일,부산광역시 부산진구 부전동,경상사고,0,0,1,0,차대차 - 측면충돌,안전거리미확보,건조,맑음,교차로 - 교차로부근,승합,남,60세,상해없음,이륜,남,40세,경상
2019122300100603,2019년 12월 23일 21시,월요일,부산광역시 금정구 금사동,경상사고,0,0,1,0,차대차 - 측면충돌,신호위반,건조,맑음,교차로 - 교차로안,승용,남,42세,상해없음,승용,남,58세,경상
2019122300100604,2019년 12월 23일 21시,월요일,부산광역시 금정구 부곡동,중상사고,0,1,3,0,차대차 - 정면충돌,신호위반,건조,맑음,교차로 - 교차로안,승용,남,30세,상해없음,승용,남,54세,중상
2019122300100605,2019년 12월 23일 21시,월요일,부산광역시 사상구 주례동,경상사고,0,0,1,0,차대차 - 추돌,안전운전불이행,건조,맑음,교차로 - 교차로부근,승용,여,66세,상해없음,자전거,남,38세,경상
2019122300100606,2019년 12월 23일 21시,월요일,부산광역시 사상구 학장동,경상사고,0,0,2,0,차대차 - 추돌,안전운전불이행,건조,맑음,단일로 - 기타,승용,남,63세,상해없음,승용,남,58세,경상
2019122300100635,2019년 12월 23일 22시,월요일,부산광역시 연제구 거제동,경상사고,0,0,1,0,차대차 - 측면충돌,신호위반,건조,맑음,교차로 - 교차로안,승용,여,50세,상해없음,승용,남,72세,경상
2019122300100636,2019년 12월 23일 22시,월요일,부산광역시 기장군 정관읍,경상사고,0,0,1,0,차대차 - 기타,안전운전불이행,건조,맑음,기타 - 기타,승용,남,27세,상해없음,승용,남,25세,경상
2019122400100032,2019년 12월 24일 00시,화요일,부산광역시 금정구 장전동,경상사고,0,0,1,0,차대사람 - 횡단중,보행자보호의무위반,건조,맑음,교차로 - 교차로안,화물,남,60세,기타불명,보행자,남,28세,경상
2019122400100053,2019년 12월 24일 01시,화요일,부산광역시 부산진구 전포동,경상사고,0,0,2,0,차대사람 - 기타,안전운전불이행,건조,맑음,교차로 - 교차로안,이륜,남,20세,상해없음,보행자,여,59세,경상
2019122400100054,2019년 12월 24일 01시,화요일,부산광역시 사하구 하단동,경상사고,0,0,1,0,차대차 - 측면충돌,신호위반,건조,맑음,교차로 - 교차로안,승용,남,70세,상해없음,승용,남,58세,상해없음
2019122400100080,2019년 12월 24일 04시,화요일,부산광역시 연제구 연산동,경상사고,0,0,1,0,차량단독 - 기타,안전운전불이행,건조,맑음,교차로 - 교차로부근,승용,남,65세,상해없음,,,,
2019122400100117,2019년 12월 24일 07시,화요일,부산광역시 강서구 송정동,중상사고,0,1,0,0,차대사람 - 기타,신호위반,건조,맑음,교차로 - 교차로안,승합,남,69세,상해없음,보행자,여,50세,중상
2019122400100146,2019년 12월 24일 08시,화요일,부산광역시 금정구 남산동,중상사고,0,1,1,0,차대차 - 측면충돌,신호위반,건조,맑음,교차로 - 교차로안,승용,남,58세,상해없음,승용,여,40세,경상
2019122400100147,2019년 12월 24일 08시,화요일,부산광역시 연제구 연산동,경상사고,0,0,1,0,차대차 - 측면충돌,신호위반,건조,맑음,교차로 - 교차로안,승용,여,64세,상해없음,승용,남,52세,경상
2019122400100221,2019년 12월 24일 10시,화요일,부산광역시 중구 보수동1가,경상사고,0,0,1,0,차량단독 - 기타,안전운전불이행,건조,맑음,교차로 - 교차로안,이륜,남,90세 이상,경상,,,,
2019122400100222,2019년 12월 24일 10시,화요일,부산광역시 사상구 감전동,부상신고사고,0,0,0,1,차대차 - 측면충돌,안전운전불이행,건조,맑음,단일로 - 기타,승용,여,57세,상해없음,화물,남,51세,부상신고
2019122400100251,2019년 12월 24일 11시,화요일,부산광역시 사하구 하단동,경상사고,0,0,1,0,차대차 - 측면충돌,안전거리미확보,건조,맑음,단일로 - 기타,승용,남,37세,상해없음,승용,여,63세,경상
2019122400100252,2019년 12월 24일 11시,화요일,부산광역시 사상구 학장동,경상사고,0,0,1,0,차대차 - 기타,안전운전불이행,건조,맑음,단일로 - 기타,화물,남,77세,상해없음,이륜,남,21세,경상
2019122400100283,2019년 12월 24일 12시,화요일,부산광역시 남구 문현동,부상신고사고,0,0,0,1,차대차 - 측면충돌,안전운전불이행,건조,맑음,기타 - 기타,승용,여,38세,상해없음,승용,여,54세,부상신고
2019122400100284,2019년 12월 24일 12시,화요일,부산광역시 남구 용당동,경상사고,0,0,3,0,차대차 - 측면충돌,안전운전불이행,건조,맑음,단일로 - 기타,승용,여,54세,상해없음,승용,남,53세,경상
2019122400100285,2019년 12월 24일 12시,화요일,부산광역시 해운대구 좌동,경상사고,0,0,1,0,차대차 - 측면충돌,신호위반,건조,맑음,교차로 - 교차로안,승용,여,59세,상해없음,이륜,남,26세,경상
2019122400100316,2019년 12월 24일 13시,화요일,부산광역시 연제구 거제동,경상사고,0,0,1,0,차대차 - 측면충돌,교차로운행방법위반,건조,맑음,교차로 - 교차로안,승용,남,79세,상해없음,자전거,남,79세,경상
2019122400100350,2019년 12월 24일 14시,화요일,부산광역시 북구 덕천동,경상사고,0,0,1,0,차대사람 - 기타,안전운전불이행,건조,맑음,단일로 - 기타,승용,남,48세,상해없음,보행자,남,41세,경상
2019122400100385,2019년 12월 24일 15시,화요일,부산광역시 수영구 광안동,경상사고,0,0,1,0,차대차 - 추돌,안전운전불이행,건조,맑음,교차로 - 교차로부근,승용,남,63세,상해없음,승용,남,36세,경상
2019122400100386,2019년 12월 24일 15시,화요일,부산광역시 강서구 강동동,중상사고,0,1,1,0,차대차 - 정면충돌,안전운전불이행,건조,맑음,단일로 - 기타,승용,남,41세,상해없음,승용,남,52세,중상
2019122400100427,2019년 12월 24일 16시,화요일,부산광역시 중구 남포동4가,경상사고,0,0,1,0,차대사람 - 차도통행중,안전운전불이행,건조,맑음,교차로 - 교차로부근,화물,남,28세,상해없음,보행자,여,73세,경상
2019122400100428,2019년 12월 24일 16시,화요일,부산광역시 수영구 남천동,경상사고,0,0,1,0,차대차 - 측면충돌,안전운전불이행,건조,맑음,단일로 - 기타,이륜,남,47세,상해없음,승용,남,20세,상해없음
2019122400100429,2019년 12월 24일 16시,화요일,부산광역시 부산진구 범천동,중상사고,0,1,2,0,차대차 - 측면충돌,신호위반,건조,맑음,교차로 - 교차로안,승용,남,40세,중상,승용,여,23세,경상
2019122400100430,2019년 12월 24일 16시,화요일,부산광역시 기장군 장안읍,경상사고,0,0,1,0,차대차 - 추돌,안전운전불이행,건조,맑음,단일로 - 기타,사륜오토바이(ATV),남,59세,상해없음,승용,여,39세,경상
2019122400100431,2019년 12월 24일 16시,화요일,부산광역시 기장군 일광면,경상사고,0,0,1,0,차대차 - 기타,안전운전불이행,건조,맑음,단일로 - 기타,승용,여,28세,상해없음,승용,남,37세,경상
2019122400100459,2019년 12월 24일 17시,화요일,부산광역시 중구 대청동4가,경상사고,0,0,1,0,차대사람 - 횡단중,안전운전불이행,건조,맑음,교차로 - 교차로부근,화물,남,66세,상해없음,보행자,여,81세,경상
2019122400100460,2019년 12월 24일 17시,화요일,부산광역시 북구 만덕동,중상사고,0,1,0,0,차대사람 - 횡단중,중앙선침범,건조,맑음,단일로 - 기타,승용,남,56세,상해없음,보행자,남,63세,중상
2019122400100461,2019년 12월 24일 17시,화요일,부산광역시 해운대구 재송동,중상사고,0,1,0,0,차대차 - 측면충돌,교차로운행방법위반,건조,맑음,단일로 - 기타,승용,남,55세,상해없음,승용,여,61세,중상
2019122400100462,2019년 12월 24일 17시,화요일,부산광역시 연제구 거제동,경상사고,0,0,1,0,차대차 - 측면충돌,기타,건조,맑음,교차로 - 교차로안,이륜,남,26세,기타불명,이륜,남,25세,경상
2019122400100529,2019년 12월 24일 18시,화요일,부산광역시 수영구 민락동,중상사고,0,1,0,0,차대사람 - 길가장자리구역통행중,안전운전불이행,건조,맑음,단일로 - 기타,승용,남,26세,상해없음,보행자,여,71세,중상
2019122400100530,2019년 12월 24일 18시,화요일,부산광역시 수영구 민락동,경상사고,0,0,2,0,차대차 - 추돌,안전운전불이행,건조,맑음,단일로 - 기타,승용,여,49세,상해없음,승용,남,24세,경상
2019122400100531,2019년 12월 24일 18시,화요일,부산광역시 해운대구 석대동,경상사고,0,0,1,0,차대사람 - 횡단중,안전운전불이행,건조,맑음,단일로 - 기타,승용,남,54세,상해없음,보행자,남,72세,경상
2019122400100532,2019년 12월 24일 18시,화요일,부산광역시 금정구 구서동,경상사고,0,0,1,0,차대사람 - 횡단중,안전운전불이행,건조,맑음,교차로 - 교차로안,승용,남,29세,상해없음,보행자,남,11세,경상
2019122400100533,2019년 12월 24일 18시,화요일,부산광역시 사하구 장림동,경상사고,0,0,1,0,차대사람 - 길가장자리구역통행중,안전운전불이행,건조,맑음,단일로 - 기타,승합,남,21세,상해없음,보행자,남,71세,경상
2019122400100534,2019년 12월 24일 18시,화요일,부산광역시 연제구 연산동,중상사고,0,1,0,0,차량단독 - 기타,안전운전불이행,건조,맑음,단일로 - 기타,승합,남,44세,상해없음,,,,
2019122400100602,2019년 12월 24일 19시,화요일,부산광역시 금정구 부곡동,경상사고,0,0,1,0,차대사람 - 횡단중,보행자보호의무위반,건조,맑음,단일로 - 기타,승용,남,56세,상해없음,보행자,남,67세,경상
2019122400100603,2019년 12월 24일 19시,화요일,부산광역시 기장군 정관읍,중상사고,0,1,0,0,차대차 - 추돌,중앙선침범,건조,맑음,단일로 - 기타,승용,여,42세,상해없음,이륜,남,45세,중상
2019122400100646,2019년 12월 24일 20시,화요일,부산광역시 서구 서대신동3가,경상사고,0,0,1,0,차대차 - 추돌,안전운전불이행,건조,맑음,단일로 - 기타,승용,남,67세,경상,화물,남,64세,상해없음