사고번호,사고일시,요일,시군구,사고내용,사망자수,중상자수,경상자수,부상신고자수,사고유형,법규위반,노면상태,기상상태,도로형태,가해운전자 차종,가해운전자 성별,가해운전자 연령,가해운전자 상해정도,피해운전자 차종,피해운전자 성별,피해운전자 연령,피해운전자 상해정도
2019122400100647,2019년 12월 24일 20시,화요일,부산광역시 동래구 명장동,경상사고,0,0,1,0,차대차 - 측면충돌,중앙선침범,건조,맑음,단일로 - 기타,이륜,남,25세,경상,화물,남,29세,상해없음
2019122400100686,2019년 12월 24일 21시,화요일,부산광역시 해운대구 송정동,경상사고,0,0,1,2,차대차 - 측면충돌,안전운전불이행,건조,맑음,교차로 - 교차로안,승용,여,31세,부상신고,승용,여,44세,경상
2019122400100709,2019년 12월 24일 22시,화요일,부산광역시 금정구 회동동,경상사고,0,0,2,0,차대차 - 추돌,안전거리미확보,건조,맑음,단일로 - 기타,승용,남,29세,상해없음,승용,여,54세,경상
2019122500100034,2019년 12월 25일 01시,수요일,부산광역시 수영구 민락동,경상사고,0,0,2,0,차대차 - 정면충돌,신호위반,건조,맑음,교차로 - 교차로안,승용,남,65세,상해없음,승용,남,66세,상해없음
2019122500100059,2019년 12월 25일 04시,수요일,부산광역시 부산진구 부전동,경상사고,0,0,1,0,차대사람 - 기타,안전운전불이행,건조,맑음,단일로 - 기타,승용,남,56세,상해없음,보행자,남,37세,경상
2019122500100060,2019년 12월 25일 04시,수요일,부산광역시 연제구 거제동,중상사고,0,1,0,0,차대차 - 기타,안전운전불이행,건조,맑음,교차로 - 교차로안,승용,남,61세,상해없음,이륜,남,27세,중상
2019122500100124,2019년 12월 25일 10시,수요일,부산광역시 동래구 안락동,경상사고,0,0,1,0,차대차 - 측면충돌,신호위반,건조,맑음,교차로 - 교차로안,승용,여,56세,상해없음,자전거,남,34세,경상
2019122500100162,2019년 12월 25일 12시,수요일,부산광역시 서구 암남동,경상사고,0,0,3,0,차대차 - 측면충돌,안전운전불이행,건조,맑음,교차로 - 교차로안,승용,남,19세,상해없음,승용,남,51세,경상
2019122500100181,2019년 12월 25일 13시,수요일,부산광역시 서구 충무동1가,경상사고,0,0,1,0,차대차 - 추돌,안전운전불이행,건조,맑음,단일로 - 기타,승용,남,30세,상해없음,승용,남,57세,경상
2019122500100214,2019년 12월 25일 14시,수요일,부산광역시 남구 대연동,중상사고,0,1,0,0,차대사람 - 횡단중,신호위반,건조,맑음,교차로 - 교차로횡단보도내,화물,남,58세,상해없음,보행자,남,60세,중상
2019122500100242,2019년 12월 25일 15시,수요일,부산광역시 중구 대청동2가,경상사고,0,0,2,0,차대사람 - 보도통행중,기타,건조,맑음,단일로 - 지하차도(도로)내,승용,남,52세,상해없음,보행자,여,35세,경상
2019122500100243,2019년 12월 25일 15시,수요일,부산광역시 동구 수정동,중상사고,0,1,0,0,차대사람 - 기타,안전운전불이행,건조,맑음,단일로 - 기타,승합,남,38세,상해없음,보행자,여,77세,중상
2019122500100244,2019년 12월 25일 15시,수요일,부산광역시 금정구 서동,경상사고,0,0,1,0,차대사람 - 횡단중,안전운전불이행,건조,맑음,교차로 - 교차로안,승용,여,63세,상해없음,보행자,여,41세,경상
2019122500100272,2019년 12월 25일 16시,수요일,부산광역시 해운대구 우동,경상사고,0,0,1,0,차대차 - 기타,안전운전불이행,건조,맑음,단일로 - 기타,이륜,남,55세,경상,승합,남,55세,상해없음
2019122500100289,2019년 12월 25일 17시,수요일,부산광역시 중구 대청동2가,경상사고,0,0,2,0,차대차 - 측면충돌,안전운전불이행,건조,맑음,단일로 - 기타,기타불명,기타불명,미분류,기타불명,승용,남,21세,상해없음
2019122500100324,2019년 12월 25일 18시,수요일,부산광역시 남구 문현동,경상사고,0,0,2,0,차대사람 - 기타,안전운전불이행,건조,맑음,교차로 - 교차로부근,승용,여,71세,상해없음,보행자,여,53세,경상
2019122500100325,2019년 12월 25일 18시,수요일,부산광역시 동래구 사직동,경상사고,0,0,1,0,차대차 - 기타,안전운전불이행,건조,맑음,단일로 - 기타,승용,남,82세,상해없음,화물,여,44세,경상
2019122500100365,2019년 12월 25일 19시,수요일,부산광역시 중구 중앙동6가,경상사고,0,0,2,0,차대차 - 측면충돌,교차로운행방법위반,건조,맑음,단일로 - 기타,승용,남,73세,상해없음,기타불명,남,60세,상해없음
2019122500100366,2019년 12월 25일 19시,수요일,부산광역시 남구 문현동,중상사고,0,1,0,0,차대사람 - 횡단중,보행자보호의무위반,건조,맑음,단일로 - 기타,승용,남,68세,상해없음,보행자,여,27세,중상
2019122500100367,2019년 12월 25일 19시,수요일,부산광역시 해운대구 우동,경상사고,0,0,1,0,차대차 - 측면충돌,안전운전불이행,건조,맑음,단일로 - 기타,승용,남,59세,상해없음,승용,여,59세,경상
2019122500100368,2019년 12월 25일 19시,수요일,부산광역시 사하구 하단동,경상사고,0,0,1,0,차량단독 - 기타,기타,건조,맑음,단일로 - 지하차도(도로)내,승용,남,63세,상해없음,,,,
2019122500100392,2019년 12월 25일 20시,수요일,부산광역시 동래구 온천동,중상사고,0,1,0,0,차대사람 - 횡단중,안전운전불이행,건조,맑음,기타 - 기타,승용,남,35세,상해없음,보행자,남,67세,중상
2019122500100437,2019년 12월 25일 22시,수요일,부산광역시 부산진구 범천동,경상사고,0,0,1,0,차대차 - 기타,안전운전불이행,젖음/습기,비,단일로 - 기타,화물,남,49세,상해없음,이륜,남,29세,경상
2019122500100438,2019년 12월 25일 22시,수요일,부산광역시 강서구 신호동,중상사고,0,1,1,0,차대차 - 정면충돌,신호위반,건조,맑음,교차로 - 교차로안,승용,남,62세,상해없음,승용,남,34세,경상
2019122600100052,2019년 12월 26일 05시,목요일,부산광역시 북구 구포동,경상사고,0,0,1,0,차대사람 - 기타,안전운전불이행,건조,맑음,교차로 - 교차로안,승용,남,64세,상해없음,보행자,여,72세,경상
2019122600100053,2019년 12월 26일 05시,목요일,부산광역시 부산진구 당감동,부상신고사고,0,0,0,1,차대사람 - 횡단중,기타,건조,맑음,기타 - 기타,기타불명,기타불명,미분류,기타불명,보행자,여,50세,부상신고
2019122600100059,2019년 12월 26일 06시,목요일,부산광역시 사하구 당리동,경상사고,0,0,1,0,차대사람 - 기타,보행자보호의무위반,건조,맑음,교차로 - 교차로부근,승용,남,56세,상해없음,보행자,남,45세,경상
2019122600100060,2019년 12월 26일 06시,목요일,부산광역시 사상구 감전동,경상사고,0,0,1,0,차대차 - 측면충돌,안전거리미확보,건조,맑음,단일로 - 기타,특수,남,56세,상해없음,승용,남,74세,경상
2019122600100085,2019년 12월 26일 07시,목요일,부산광역시 동구 범일동,경상사고,0,0,1,0,차대차 - 측면충돌,불법유턴,건조,맑음,교차로 - 교차로안,승용,여,32세,상해없음,승용,남,34세,경상
2019122600100086,2019년 12월 26일 07시,목요일,부산광역시 해운대구 재송동,경상사고,0,0,1,0,차대차 - 측면충돌,안전운전불이행,건조,맑음,단일로 - 기타,화물,남,47세,상해없음,승용,여,55세,경상
2019122600100087,2019년 12월 26일 07시,목요일,부산광역시 부산진구 연지동,경상사고,0,0,1,0,차대차 - 측면충돌,신호위반,건조,맑음,교차로 - 교차로안,승용,남,26세,상해없음,승용,여,44세,경상
2019122600100112,2019년 12월 26일 08시,목요일,부산광역시 사상구 주례동,경상사고,0,0,2,1,차대차 - 측면충돌,안전거리미확보,건조,맑음,단일로 - 기타,승용,여,45세,부상신고,화물,남,65세,경상
2019122600100113,2019년 12월 26일 08시,목요일,부산광역시 기장군 기장읍,경상사고,0,0,1,0,차대차 - 기타,안전운전불이행,건조,흐림,단일로 - 기타,승용,여,62세,상해없음,화물,남,51세,상해없음
2019122600100140,2019년 12월 26일 09시,목요일,부산광역시 해운대구 송정동,경상사고,0,0,1,0,차대차 - 측면충돌,안전운전불이행,건조,맑음,단일로 - 기타,승용,남,79세,상해없음,승합,남,59세,경상
2019122600100169,2019년 12월 26일 10시,목요일,부산광역시 북구 구포동,중상사고,0,1,1,0,차대차 - 측면충돌,신호위반,건조,맑음,교차로 - 교차로안,승용,남,23세,상해없음,승용,남,51세,중상
2019122600100197,2019년 12월 26일 11시,목요일,부산광역시 북구 화명동,중상사고,0,1,0,0,차대사람 - 횡단중,신호위반,건조,맑음,단일로 - 기타,이륜,남,18세,상해없음,보행자,여,59세,중상
2019122600100198,2019년 12월 26일 11시,목요일,부산광역시 연제구 연산동,중상사고,0,1,0,0,차대차 - 기타,기타,건조,맑음,단일로 - 기타,승용,남,59세,상해없음,이륜,남,26세,중상
2019122600100231,2019년 12월 26일 12시,목요일,부산광역시 북구 금곡동,중상사고,0,1,0,0,차대차 - 측면충돌,안전운전불이행,건조,맑음,단일로 - 기타,승용,남,25세,상해없음,이륜,남,38세,중상
2019122600100232,2019년 12월 26일 12시,목요일,부산광역시 부산진구 부암동,경상사고,0,0,1,0,차대사람 - 기타,안전운전불이행,건조,흐림,단일로 - 기타,기타불명,기타불명,미분류,기타불명,보행자,남,26세,경상
2019122600100233,2019년 12월 26일 12시,목요일,부산광역시 강서구 신호동,중상사고,0,1,0,0,차대차 - 측면충돌,신호위반,젖음/습기,비,교차로 - 교차로안,특수,남,65세,상해없음,승합,여,54세,중상
2019122600100262,2019년 12월 26일 13시,목요일,부산광역시 금정구 남산동,중상사고,0,1,0,1,차대차 - 기타,차로위반,젖음/습기,비,단일로 - 기타,이륜,여,22세,부상신고,승용,여,62세,상해없음
2019122600100263,2019년 12월 26일 13시,목요일,부산광역시 수영구 망미동,중상사고,0,1,0,0,차대차 - 기타,직진우회전진행방해,건조,맑음,교차로 - 교차로안,승용,여,60세,상해없음,이륜,남,33세,중상
2019122600100301,2019년 12월 26일 14시,목요일,부산광역시 남구 용호동,경상사고,0,0,1,0,차대사람 - 차도통행중,안전운전불이행,젖음/습기,비,단일로 - 기타,승용,여,58세,상해없음,보행자,남,49세,경상
2019122600100302,2019년 12월 26일 14시,목요일,부산광역시 해운대구 중동,중상사고,0,1,0,0,차대사람 - 길가장자리구역통행중,기타,건조,맑음,단일로 - 기타,승합,남,65세,상해없음,보행자,여,11세,중상
2019122600100303,2019년 12월 26일 14시,목요일,부산광역시 금정구 장전동,부상신고사고,0,0,0,1,차대차 - 기타,안전운전불이행,건조,맑음,단일로 - 기타,기타불명,기타불명,미분류,기타불명,이륜,남,34세,부상신고
2019122600100333,2019년 12월 26일 15시,목요일,부산광역시 금정구 부곡동,경상사고,0,0,3,1,차대차 - 추돌,안전거리미확보,건조,맑음,단일로 - 기타,승용,남,26세,부상신고,승용,여,53세,경상
2019122600100334,2019년 12월 26일 15시,목요일,부산광역시 수영구 망미동,경상사고,0,0,1,0,차대사람 - 길가장자리구역통행중,안전운전불이행,건조,맑음,단일로 - 기타,승용,여,49세,상해없음,보행자,남,35세,경상
2019122600100335,2019년 12월 26일 15시,목요일,부산광역시 기장군 기장읍,경상사고,0,0,1,0,차대차 - 측면충돌,교차로운행방법위반,젖음/습기,비,교차로 - 교차로안,승용,남,36세,상해없음,화물,남,65세,경상
2019122600100367,2019년 12월 26일 16시,목요일,부산광역시 강서구 명지동,중상사고,0,1,0,0,차대차 - 추돌,안전운전불이행,건조,맑음,단일로 - 기타,이륜,남,31세,상해없음,승용,여,51세,상해없음
2019122600100368,2019년 12월 26일 16시,목요일,부산광역시 기장군 기장읍,중상사고,0,1,1,0,차대차 - 기타,신호위반,건조,맑음,교차로 - 교차로안,화물,남,67세,상해없음,승용,남,62세,경상
2019122600100405,2019년 12월 26일 17시,목요일,부산광역시 서구 동대신동3가,중상사고,0,1,0,0,차대사람 - 횡단중,신호위반,젖음/습기,흐림,교차로 - 교차로횡단보도내,화물,남,63세,상해없음,보행자,여,21세,중상
2019122600100406,2019년 12월 26일 17시,목요일,부산광역시 수영구 광안동,경상사고,0,0,1,0,차대차 - 측면충돌,교차로운행방법위반,젖음/습기,비,교차로 - 교차로안,이륜,남,34세,경상,승합,여,44세,상해없음
2019122600100407,2019년 12월 26일 17시,목요일,부산광역시 수영구 민락동,중상사고,0,1,0,0,차대차 - 기타,신호위반,젖음/습기,비,교차로 - 교차로부근,승용,남,30세,상해없음,이륜,남,38세,중상
2019122600100408,2019년 12월 26일 17시,목요일,부산광역시 동래구 수안동,중상사고,0,1,0,0,차대차 - 기타,안전운전불이행,건조,맑음,단일로 - 기타,승용,남,72세,상해없음,자전거,남,12세,중상
2019122600100409,2019년 12월 26일 17시,목요일,부산광역시 연제구 연산동,경상사고,0,0,1,0,차대차 - 추돌,신호위반,건조,맑음,단일로 - 기타,이륜,남,29세,경상,승용,여,70세,상해없음
2019122600100442,2019년 12월 26일 18시,목요일,부산광역시 중구 부평동4가,경상사고,0,0,1,0,차대차 - 측면충돌,교차로운행방법위반,건조,흐림,교차로 - 교차로안,승용,남,50세,상해없음,이륜,남,65세,경상
2019122600100443,2019년 12월 26일 18시,목요일,부산광역시 동래구 수안동,경상사고,0,0,1,0,차대차 - 측면충돌,신호위반,건조,맑음,교차로 - 교차로안,승합,남,66세,상해없음,승용,여,52세,경상
2019122600100444,2019년 12월 26일 18시,목요일,부산광역시 부산진구 범전동,중상사고,0,1,1,0,차대사람 - 횡단중,신호위반,건조,맑음,단일로 - 기타,이륜,남,30세,상해없음,보행자,여,38세,경상
2019122600100445,2019년 12월 26일 18시,목요일,부산광역시 부산진구 부전동,경상사고,0,0,1,0,차대차 - 기타,안전거리미확보,젖음/습기,비,교차로 - 교차로부근,원동기,남,18세,경상,승용,남,59세,상해없음
2019122600100446,2019년 12월 26일 18시,목요일,부산광역시 금정구 회동동,경상사고,0,0,2,0,차대차 - 기타,안전운전불이행,건조,맑음,단일로 - 기타,승용,남,64세,상해없음,승용,여,28세,경상
2019122600100447,2019년 12월 26일 18시,목요일,부산광역시 연제구 연산동,경상사고,0,0,3,0,차대차 - 측면충돌,안전거리미확보,건조,맑음,단일로 - 기타,승용,남,51세,상해없음,승용,남,53세,경상
2019122600100508,2019년 12월 26일 19시,목요일,부산광역시 중구 영주동,중상사고,0,1,0,0,차대사람 - 차도통행중,안전운전불이행,건조,흐림,교차로 - 교차로안,승용,남,28세,상해없음,보행자,남,75세,중상
2019122600100509,2019년 12월 26일 19시,목요일,부산광역시 부산진구 부전동,경상사고,0,0,1,0,차대차 - 정면충돌,신호위반,건조,맑음,단일로 - 기타,승용,여,39세,상해없음,이륜,남,36세,경상
2019122600100510,2019년 12월 26일 19시,목요일,부산광역시 사하구 다대동,경상사고,0,0,1,0,차대차 - 측면충돌,교차로운행방법위반,건조,맑음,교차로 - 교차로부근,화물,남,59세,상해없음,이륜,남,35세,경상
2019122600100537,2019년 12월 26일 20시,목요일,부산광역시 부산진구 부암동,경상사고,0,0,1,0,차대사람 - 길가장자리구역통행중,안전운전불이행,건조,맑음,교차로 - 교차로안,승용,남,62세,상해없음,보행자,여,46세,경상
2019122600100538,2019년 12월 26일 20시,목요일,부산광역시 연제구 거제동,경상사고,0,0,1,0,차대차 - 측면충돌,안전운전불이행,건조,맑음,단일로 - 기타,승용,남,55세,상해없음,이륜,남,45세,경상
2019122600100592,2019년 12월 26일 22시,목요일,부산광역시 사상구 주례동,경상사고,0,0,1,0,차대차 - 추돌,안전운전불이행,건조,맑음,교차로 - 교차로부근,승용,남,68세,상해없음,승용,남,43세,상해없음
2019122600100593,2019년 12월 26일 22시,목요일,부산광역시 기장군 철마면,경상사고,0,0,3,0,차대차 - 추돌,안전거리미확보,건조,맑음,단일로 - 기타,승용,남,75세,상해없음,승용,남,53세,경상
2019122600100614,2019년 12월 26일 23시,목요일,부산광역시 서구 토성동5가,중상사고,0,1,0,0,차대사람 - 횡단중,안전운전불이행,건조,맑음,단일로 - 기타,화물,남,64세,상해없음,보행자,여,52세,중상
2019122600100615,2019년 12월 26일 23시,목요일,부산광역시 동래구 명장동,경상사고,0,0,1,0,차대차 - 추돌,신호위반,건조,맑음,교차로 - 교차로부근,승용,남,60세,상해없음,승용,남,62세,경상
2019122700100069,2019년 12월 27일 04시,금요일,부산광역시 수영구 광안동,중상사고,0,1,1,0,차대차 - 측면충돌,안전운전불이행,건조,맑음,교차로 - 교차로안,승용,남,61세,경상,승용,남,29세,중상
2019122700100072,2019년 12월 27일 05시,금요일,부산광역시 남구 용당동,경상사고,0,0,1,0,차대차 - 기타,중앙선침범,건조,맑음,단일로 - 기타,자전거,남,71세,경상,승합,남,61세,상해없음
2019122700100094,2019년 12월 27일 07시,금요일,부산광역시 중구 중앙동4가,중상사고,0,1,0,0,차대차 - 측면충돌,신호위반,건조,맑음,교차로 - 교차로안,이륜,남,72세,중상,화물,남,65세,상해없음
2019122700100095,2019년 12월 27일 07시,금요일,부산광역시 영도구 대교동1가,경상사고,0,0,1,0,차대차 - 추돌,안전운전불이행,건조,맑음,단일로 - 기타,승용,남,59세,상해없음,승용,남,59세,경상
2019122700100096,2019년 12월 27일 07시,금요일,부산광역시 부산진구 양정동,경상사고,0,0,1,0,차대사람 - 길가장자리구역통행중,안전운전불이행,건조,맑음,단일로 - 기타,승용,남,30세,상해없음,보행자,남,28세,경상
2019122700100097,2019년 12월 27일 07시,금요일,부산광역시 사상구 괘법동,부상신고사고,0,0,0,1,차대사람 - 기타,안전운전불이행,건조,맑음,단일로 - 기타,기타불명,기타불명,미분류,기타불명,보행자,여,67세,부상신고
2019122700100123,2019년 12월 27일 08시,금요일,부산광역시 서구 서대신동2가,중상사고,0,1,0,0,차대사람 - 횡단중,신호위반,건조,맑음,단일로 - 기타,승용,남,53세,상해없음,보행자,여,69세,중상
2019122700100124,2019년 12월 27일 08시,금요일,부산광역시 동래구 명장동,경상사고,0,0,1,0,차대차 - 측면충돌,교차로운행방법위반,건조,맑음,교차로 - 교차로안,승용,남,80세,상해없음,승용,여,31세,경상
2019122700100125,2019년 12월 27일 08시,금요일,부산광역시 해운대구 우동,경상사고,0,0,1,0,차대차 - 추돌,안전운전불이행,건조,맑음,단일로 - 기타,화물,남,51세,상해없음,승용,여,45세,경상
2019122700100159,2019년 12월 27일 09시,금요일,부산광역시 서구 아미동1가,경상사고,0,0,1,0,차대차 - 정면충돌,중앙선침범,건조,맑음,교차로 - 교차로안,승용,여,67세,상해없음,이륜,남,23세,경상
2019122700100160,2019년 12월 27일 09시,금요일,부산광역시 수영구 남천동,경상사고,0,0,2,0,차대차 - 측면충돌,기타,건조,맑음,단일로 - 기타,승용,남,64세,기타불명,승용,남,23세,경상
2019122700100191,2019년 12월 27일 10시,금요일,부산광역시 금정구 오륜동,경상사고,0,0,1,0,차대차 - 측면충돌,안전거리미확보,건조,맑음,단일로 - 기타,승합,남,23세,상해없음,승용,남,53세,경상
2019122700100192,2019년 12월 27일 10시,금요일,부산광역시 연제구 거제동,경상사고,0,0,1,0,차대차 - 기타,안전운전불이행,건조,맑음,단일로 - 기타,승용,여,70세,상해없음,이륜,남,39세,경상
2019122700100193,2019년 12월 27일 10시,금요일,부산광역시 해운대구 좌동,경상사고,0,0,1,0,차대차 - 측면충돌,안전거리미확보,건조,맑음,단일로 - 기타,승합,남,51세,상해없음,승용,여,55세,경상
2019122700100245,2019년 12월 27일 12시,금요일,부산광역시 수영구 광안동,부상신고사고,0,0,0,1,차대차 - 측면충돌,안전운전불이행,건조,맑음,단일로 - 기타,승용,여,35세,부상신고,화물,남,56세,상해없음
2019122700100246,2019년 12월 27일 12시,금요일,부산광역시 동래구 안락동,경상사고,0,0,1,0,차대사람 - 기타,안전운전불이행,건조,맑음,단일로 - 기타,화물,남,44세,상해없음,보행자,남,68세,경상
2019122700100247,2019년 12월 27일 12시,금요일,부산광역시 부산진구 당감동,경상사고,0,0,1,0,차대차 - 기타,교차로운행방법위반,건조,맑음,교차로 - 교차로안,승용,여,50세,상해없음,이륜,남,29세,경상
2019122700100282,2019년 12월 27일 13시,금요일,부산광역시 영도구 청학동,중상사고,0,1,0,0,차대차 - 정면충돌,기타,건조,맑음,단일로 - 기타,승용,남,42세,상해없음,이륜,남,25세,중상
2019122700100319,2019년 12월 27일 14시,금요일,부산광역시 부산진구 부전동,중상사고,0,1,0,0,차대사람 - 차도통행중,안전운전불이행,건조,맑음,교차로 - 교차로부근,승합,남,44세,상해없음,보행자,여,55세,중상
2019122700100347,2019년 12월 27일 15시,금요일,부산광역시 동래구 온천동,중상사고,0,1,0,0,차대차 - 측면충돌,안전운전불이행,건조,맑음,교차로 - 교차로안,승용,남,75세,상해없음,이륜,남,18세,중상
2019122700100348,2019년 12월 27일 15시,금요일,부산광역시 해운대구 좌동,부상신고사고,0,0,0,1,차대차 - 기타,교차로운행방법위반,건조,맑음,교차로 - 교차로안,기타불명,기타불명,미분류,기타불명,자전거,남,46세,부상신고
2019122700100349,2019년 12월 27일 15시,금요일,부산광역시 해운대구 중동,중상사고,0,1,0,0,차대차 - 측면충돌,안전운전불이행,건조,맑음,교차로 - 교차로안,승용,남,65세,상해없음,승용,남,26세,중상
2019122700100350,2019년 12월 27일 15시,금요일,부산광역시 금정구 구서동,중상사고,0,1,0,0,차대사람 - 기타,안전운전불이행,건조,맑음,교차로 - 교차로부근,승합,남,59세,상해없음,보행자,여,84세,중상
2019122700100351,2019년 12월 27일 15시,금요일,부산광역시 기장군 기장읍,경상사고,0,0,2,0,차대사람 - 횡단중,신호위반,건조,맑음,교차로 - 교차로횡단보도내,승용,여,22세,상해없음,보행자,여,57세,경상
2019122700100389,2019년 12월 27일 16시,금요일,부산광역시 남구 대연동,경상사고,0,0,1,0,차대차 - 기타,안전운전불이행,건조,맑음,단일로 - 기타,승용,남,65세,상해없음,이륜,남,53세,경상
2019122700100390,2019년 12월 27일 16시,금요일,부산광역시 연제구 연산동,경상사고,0,0,1,0,차대차 - 추돌,안전운전불이행,건조,맑음,단일로 - 기타,이륜,남,59세,경상,승용,여,62세,상해없음
2019122700100421,2019년 12월 27일 17시,금요일,부산광역시 남구 대연동,경상사고,0,0,1,0,차대차 - 측면충돌,안전운전불이행,건조,맑음,단일로 - 기타,승용,여,46세,상해없음,승용,여,46세,경상
2019122700100422,2019년 12월 27일 17시,금요일,부산광역시 강서구 신호동,경상사고,0,0,1,0,차대차 - 측면충돌,안전운전불이행,건조,맑음,단일로 - 기타,승용,여,50세,상해없음,이륜,남,34세,경상
2019122700100423,2019년 12월 27일 17시,금요일,부산광역시 사상구 주례동,부상신고사고,0,0,0,1,차대차 - 측면충돌,교차로운행방법위반,건조,맑음,단일로 - 기타,승용,남,48세,상해없음,원동기,남,30세,부상신고
2019122700100424,2019년 12월 27일 17시,금요일,부산광역시 기장군 기장읍,중상사고,0,1,0,0,차대차 - 추돌,중앙선침범,건조,맑음,교차로 - 교차로횡단보도내,승합,남,74세,상해없음,승용,남,66세,중상
2019122700100463,2019년 12월 27일 18시,금요일,부산광역시 동래구 온천동,부상신고사고,0,0,0,1,차량단독 - 전도전복 - 전도,안전운전불이행,건조,맑음,단일로 - 기타,이륜,남,44세,부상신고,,,,
2019122700100464,2019년 12월 27일 18시,금요일,부산광역시 동래구 사직동,경상사고,0,0,1,0,차대사람 - 기타,기타,건조,맑음,단일로 - 기타,승용,여,44세,상해없음,보행자,여,18세,경상
2019122700100521,2019년 12월 27일 19시,금요일,부산광역시 부산진구 당감동,부상신고사고,0,0,0,1,차대차 - 기타,교차로운행방법위반,건조,맑음,교차로 - 교차로안,승용,남,43세,상해없음,이륜,남,49세,부상신고
2019122700100522,2019년 12월 27일 19시,금요일,부산광역시 금정구 장전동,경상사고,0,0,1,0,차대차 - 기타,안전운전불이행,건조,맑음,기타 - 기타,기타불명,기타불명,미분류,기타불명,자전거,남,10세,경상
2019122700100523,2019년 12월 27일 19시,금요일,부산광역시 사하구 괴정동,경상사고,0,0,1,1,차대차 - 측면충돌,차로위반,건조,맑음,단일로 - 기타,이륜,남,61세,부상신고,이륜,남,64세,경상
2019122700100524,2019년 12월 27일 19시,금요일,부산광역시 연제구 연산동,경상사고,0,0,1,0,차대사람 - 횡단중,신호위반,건조,맑음,단일로 - 기타,이륜,남,35세,상해없음,보행자,여,14세,경상
2019122700100525,2019년 12월 27일 19시,금요일,부산광역시 기장군 기장읍,경상사고,0,0,2,0,차대사람 - 횡단중,보행자보호의무위반,건조,기타,교차로 - 교차로안,승용,남,63세,상해없음,보행자,여,47세,경상
2019122700100576,2019년 12월 27일 20시,금요일,부산광역시 연제구 연산동,경상사고,0,0,1,0,차대차 - 기타,안전운전불이행,건조,맑음,단일로 - 기타,승용,남,42세,상해없음,이륜,남,24세,경상
2019122700100604,2019년 12월 27일 21시,금요일,부산광역시 동래구 수안동,경상사고,0,0,1,0,차대차 - 추돌,신호위반,건조,맑음,교차로 - 교차로부근,승용,여,44세,상해없음,승합,남,47세,상해없음
2019122700100605,2019년 12월 27일 21시,금요일,부산광역시 부산진구 양정동,부상신고사고,0,0,0,1,차량단독 - 기타,안전운전불이행,건조,맑음,단일로 - 기타,승합,남,52세,상해없음,,,,
2019122700100606,2019년 12월 27일 21시,금요일,부산광역시 금정구 남산동,중상사고,0,1,0,0,차량단독 - 기타,안전운전불이행,건조,맑음,단일로 - 기타,승용,남,70세,중상,,,,
2019122700100634,2019년 12월 27일 22시,금요일,부산광역시 북구 화명동,중상사고,0,1,1,0,차대차 - 기타,안전운전불이행,건조,맑음,교차로 - 교차로부근,승용,남,60세,상해없음,승용,여,29세,중상
2019122700100635,2019년 12월 27일 22시,금요일,부산광역시 부산진구 부전동,중상사고,0,1,0,0,차대사람 - 기타,안전운전불이행,건조,맑음,단일로 - 기타,승용,여,26세,상해없음,보행자,여,24세,중상
2019122700100659,2019년 12월 27일 23시,금요일,부산광역시 동래구 낙민동,부상신고사고,0,0,0,1,차대차 - 추돌,안전운전불이행,건조,맑음,교차로 - 교차로안,승용,남,55세,상해없음,승용,남,75세,부상신고
2019122800100026,2019년 12월 28일 00시,토요일,부산광역시 남구 문현동,경상사고,0,0,1,0,차대차 - 측면충돌,신호위반,건조,맑음,교차로 - 교차로안,승용,여,33세,상해없음,승용,남,70세,경상
2019122800100027,2019년 12월 28일 00시,토요일,부산광역시 동래구 사직동,경상사고,0,0,1,0,차량단독 - 공작물충돌,안전운전불이행,건조,맑음,단일로 - 기타,승용,남,67세,상해없음,,,,
2019122800100049,2019년 12월 28일 01시,토요일,부산광역시 중구 부평동2가,경상사고,0,0,1,0,차대차 - 측면충돌,안전운전불이행,건조,맑음,단일로 - 기타,승용,여,58세,상해없음,이륜,남,33세,경상
2019122800100050,2019년 12월 28일 01시,토요일,부산광역시 북구 덕천동,경상사고,0,0,1,0,차대차 - 추돌,안전운전불이행,건조,맑음,단일로 - 기타,승용,남,34세,상해없음,승용,남,40세,경상
2019122800100074,2019년 12월 28일 02시,토요일,부산광역시 수영구 광안동,중상사고,0,1,0,0,차대차 - 측면충돌,교차로운행방법위반,건조,맑음,교차로 - 교차로안,원동기,남,22세,중상,승용,남,49세,상해없음
2019122800100099,2019년 12월 28일 05시,토요일,부산광역시 사상구 괘법동,부상신고사고,0,0,0,1,차대차 - 측면충돌,안전운전불이행,기타,맑음,단일로 - 기타,승용,남,62세,상해없음,승용,남,63세,부상신고
2019122800100111,2019년 12월 28일 06시,토요일,부산광역시 사하구 신평동,경상사고,0,0,2,0,차대차 - 측면충돌,신호위반,건조,맑음,교차로 - 교차로안,화물,남,44세,상해없음,승용,남,62세,경상
2019122800100140,2019년 12월 28일 08시,토요일,부산광역시 동래구 명륜동,경상사고,0,0,1,1,차대차 - 추돌,안전운전불이행,건조,맑음,단일로 - 기타,승용,남,41세,상해없음,승합,남,70세,경상