사고번호,사고일시,요일,시군구,사고내용,사망자수,중상자수,경상자수,부상신고자수,사고유형,법규위반,노면상태,기상상태,도로형태,가해운전자 차종,가해운전자 성별,가해운전자 연령,가해운전자 상해정도,피해운전자 차종,피해운전자 성별,피해운전자 연령,피해운전자 상해정도
2019122800100153,2019년 12월 28일 09시,토요일,부산광역시 동래구 안락동,경상사고,0,0,1,0,차대차 - 추돌,안전거리미확보,건조,맑음,교차로 - 교차로부근,화물,남,51세,상해없음,승용,남,43세,경상
2019122800100154,2019년 12월 28일 09시,토요일,부산광역시 사하구 괴정동,중상사고,0,1,0,0,차대사람 - 횡단중,보행자보호의무위반,건조,맑음,단일로 - 기타,화물,남,51세,상해없음,보행자,남,88세,중상
2019122800100170,2019년 12월 28일 10시,토요일,부산광역시 부산진구 부암동,경상사고,0,0,1,0,차대사람 - 기타,안전운전불이행,건조,맑음,단일로 - 기타,화물,남,48세,상해없음,보행자,여,81세,경상
2019122800100171,2019년 12월 28일 10시,토요일,부산광역시 사상구 감전동,경상사고,0,0,1,0,차대차 - 추돌,안전운전불이행,건조,맑음,단일로 - 기타,화물,남,55세,상해없음,승용,남,55세,경상
2019122800100199,2019년 12월 28일 11시,토요일,부산광역시 수영구 광안동,경상사고,0,0,1,0,차대차 - 측면충돌,안전운전불이행,건조,맑음,교차로 - 교차로부근,승용,남,74세,상해없음,승용,남,46세,경상
2019122800100200,2019년 12월 28일 11시,토요일,부산광역시 해운대구 좌동,중상사고,0,1,0,1,차대차 - 기타,안전운전불이행,건조,맑음,교차로 - 교차로부근,이륜,남,19세,부상신고,승합,남,38세,상해없음
2019122800100201,2019년 12월 28일 11시,토요일,부산광역시 해운대구 우동,경상사고,0,0,1,0,차대차 - 기타,안전거리미확보,건조,맑음,단일로 - 고가도로위,승용,여,35세,상해없음,승용,남,27세,경상
2019122800100225,2019년 12월 28일 12시,토요일,부산광역시 서구 토성동3가,중상사고,0,1,2,0,차대차 - 측면충돌,신호위반,건조,맑음,교차로 - 교차로안,이륜,남,90세 이상,중상,승용,남,27세,경상
2019122800100250,2019년 12월 28일 13시,토요일,부산광역시 중구 남포동5가,중상사고,0,1,0,0,차대사람 - 기타,안전운전불이행,건조,맑음,단일로 - 기타,승합,남,65세,상해없음,보행자,남,72세,중상
2019122800100251,2019년 12월 28일 13시,토요일,부산광역시 부산진구 당감동,중상사고,0,1,2,1,차대차 - 측면충돌,안전운전불이행,건조,맑음,단일로 - 기타,승용,남,62세,부상신고,승용,남,57세,중상
2019122800100252,2019년 12월 28일 13시,토요일,부산광역시 부산진구 당감동,중상사고,0,3,4,1,차대차 - 추돌,안전운전불이행,건조,맑음,기타 - 기타,승용,남,57세,경상,승용,여,46세,경상
2019122800100253,2019년 12월 28일 13시,토요일,부산광역시 부산진구 부전동,중상사고,0,1,0,0,차대사람 - 기타,기타,건조,맑음,기타 - 기타,이륜,남,70세,기타불명,보행자,여,70세,중상
2019122800100284,2019년 12월 28일 14시,토요일,부산광역시 연제구 연산동,경상사고,0,0,2,0,차대차 - 추돌,안전거리미확보,건조,맑음,단일로 - 기타,승용,남,50세,상해없음,승용,여,70세,경상
2019122800100304,2019년 12월 28일 15시,토요일,부산광역시 수영구 망미동,경상사고,0,0,2,0,차대차 - 후진중충돌,안전운전불이행,건조,맑음,단일로 - 기타,승용,남,50세,상해없음,승용,남,38세,경상
2019122800100334,2019년 12월 28일 16시,토요일,부산광역시 해운대구 중동,경상사고,0,0,3,0,차대차 - 후진중충돌,안전운전불이행,건조,맑음,단일로 - 기타,승용,여,41세,상해없음,승용,여,55세,경상
2019122800100335,2019년 12월 28일 16시,토요일,부산광역시 사하구 다대동,경상사고,0,0,1,0,차대차 - 기타,안전운전불이행,건조,맑음,교차로 - 교차로부근,승용,남,60세,상해없음,이륜,남,23세,경상
2019122800100336,2019년 12월 28일 16시,토요일,부산광역시 기장군 기장읍,중상사고,0,1,0,0,차대사람 - 횡단중,보행자보호의무위반,건조,맑음,교차로 - 교차로부근,승용,여,54세,상해없음,보행자,남,65세,중상
2019122800100369,2019년 12월 28일 17시,토요일,부산광역시 북구 구포동,중상사고,0,1,0,0,차대차 - 기타,안전거리미확보,건조,맑음,단일로 - 기타,승용,여,43세,상해없음,이륜,남,34세,중상
2019122800100370,2019년 12월 28일 17시,토요일,부산광역시 해운대구 우동,경상사고,0,0,1,0,차대차 - 추돌,안전운전불이행,건조,맑음,단일로 - 기타,승용,남,57세,상해없음,승용,남,34세,경상
2019122800100371,2019년 12월 28일 17시,토요일,부산광역시 연제구 연산동,경상사고,0,0,2,0,차대차 - 추돌,안전운전불이행,건조,맑음,단일로 - 기타,승합,남,38세,상해없음,승용,여,40세,경상
2019122800100372,2019년 12월 28일 17시,토요일,부산광역시 사상구 덕포동,경상사고,0,0,1,0,차대차 - 측면충돌,안전운전불이행,건조,맑음,단일로 - 기타,승용,남,51세,상해없음,승용,남,27세,경상
2019122800100410,2019년 12월 28일 18시,토요일,부산광역시 동래구 온천동,경상사고,0,0,1,0,차대차 - 측면충돌,안전운전불이행,건조,맑음,단일로 - 기타,승용,남,67세,상해없음,승용,남,66세,경상
2019122800100411,2019년 12월 28일 18시,토요일,부산광역시 동래구 온천동,부상신고사고,0,0,0,1,차대사람 - 기타,안전운전불이행,건조,맑음,단일로 - 기타,이륜,남,34세,상해없음,보행자,남,63세,부상신고
2019122800100412,2019년 12월 28일 18시,토요일,부산광역시 해운대구 반여동,경상사고,0,0,2,0,차대사람 - 횡단중,안전운전불이행,건조,맑음,단일로 - 기타,이륜,남,27세,경상,보행자,남,60세,경상
2019122800100413,2019년 12월 28일 18시,토요일,부산광역시 금정구 금사동,중상사고,0,2,0,0,차대차 - 기타,신호위반,건조,맑음,교차로 - 교차로안,승용,남,74세,상해없음,승용,남,46세,중상
2019122800100459,2019년 12월 28일 19시,토요일,부산광역시 남구 문현동,경상사고,0,0,1,0,차대차 - 측면충돌,안전운전불이행,건조,맑음,단일로 - 기타,이륜,남,28세,상해없음,이륜,남,50세,경상
2019122800100460,2019년 12월 28일 19시,토요일,부산광역시 남구 용호동,중상사고,0,1,0,0,차대차 - 측면충돌,안전운전불이행,건조,맑음,단일로 - 기타,승용,여,55세,기타불명,승용,여,50세,중상
2019122800100529,2019년 12월 28일 22시,토요일,부산광역시 남구 용당동,중상사고,0,1,0,0,차대사람 - 횡단중,보행자보호의무위반,건조,맑음,교차로 - 교차로횡단보도내,승용,남,54세,상해없음,보행자,여,25세,중상
2019122800100530,2019년 12월 28일 22시,토요일,부산광역시 수영구 광안동,부상신고사고,0,0,0,1,차대사람 - 기타,안전운전불이행,건조,맑음,단일로 - 기타,승용,남,24세,상해없음,보행자,남,44세,부상신고
2019122800100531,2019년 12월 28일 22시,토요일,부산광역시 해운대구 송정동,중상사고,0,2,0,0,차대사람 - 횡단중,신호위반,건조,맑음,단일로 - 기타,승용,남,60세,상해없음,보행자,남,55세,중상
2019122800100532,2019년 12월 28일 22시,토요일,부산광역시 사상구 덕포동,경상사고,0,0,4,0,차대차 - 측면충돌,신호위반,건조,맑음,단일로 - 기타,이륜,남,46세,상해없음,승용,남,41세,경상
2019122900100046,2019년 12월 29일 02시,일요일,부산광역시 사상구 모라동,경상사고,0,0,2,0,차대차 - 측면충돌,안전운전불이행,건조,맑음,단일로 - 기타,승용,남,25세,상해없음,승용,남,52세,경상
2019122900100059,2019년 12월 29일 03시,일요일,부산광역시 동래구 온천동,경상사고,0,0,1,0,차대사람 - 차도통행중,안전운전불이행,건조,맑음,단일로 - 기타,승용,남,65세,상해없음,보행자,여,76세,경상
2019122900100095,2019년 12월 29일 07시,일요일,부산광역시 남구 문현동,경상사고,0,0,1,0,차대차 - 기타,안전운전불이행,건조,맑음,기타 - 기타,화물,남,50세,상해없음,이륜,남,19세,경상
2019122900100147,2019년 12월 29일 11시,일요일,부산광역시 동래구 온천동,부상신고사고,0,0,0,1,차대차 - 측면충돌,안전운전불이행,건조,맑음,교차로 - 교차로안,이륜,남,21세,부상신고,승용,남,28세,상해없음
2019122900100148,2019년 12월 29일 11시,일요일,부산광역시 동래구 명륜동,경상사고,0,0,1,0,차대차 - 추돌,안전운전불이행,건조,맑음,단일로 - 기타,승합,남,45세,상해없음,승용,남,30세,경상
2019122900100166,2019년 12월 29일 12시,일요일,부산광역시 수영구 민락동,중상사고,0,1,0,0,차대차 - 측면충돌,신호위반,건조,맑음,교차로 - 교차로안,승용,남,66세,상해없음,이륜,남,31세,중상
2019122900100195,2019년 12월 29일 14시,일요일,부산광역시 동구 초량동,경상사고,0,0,1,0,차대차 - 기타,기타,건조,맑음,단일로 - 기타,승용,남,67세,상해없음,자전거,남,47세,경상
2019122900100215,2019년 12월 29일 15시,일요일,부산광역시 동래구 명륜동,경상사고,0,0,1,0,차대차 - 측면충돌,교차로운행방법위반,건조,맑음,교차로 - 교차로안,승용,남,54세,상해없음,원동기,남,37세,경상
2019122900100216,2019년 12월 29일 15시,일요일,부산광역시 강서구 송정동,경상사고,0,0,1,0,차대차 - 기타,안전운전불이행,건조,맑음,단일로 - 기타,화물,남,50세,상해없음,승용,여,44세,경상
2019122900100255,2019년 12월 29일 17시,일요일,부산광역시 해운대구 송정동,경상사고,0,0,1,0,차대차 - 측면충돌,안전거리미확보,젖음/습기,비,교차로 - 교차로부근,승용,남,31세,상해없음,승합,남,48세,경상
2019122900100256,2019년 12월 29일 17시,일요일,부산광역시 해운대구 재송동,경상사고,0,0,2,0,차대차 - 추돌,안전운전불이행,젖음/습기,비,단일로 - 기타,승용,남,42세,상해없음,승용,남,59세,경상
2019122900100257,2019년 12월 29일 17시,일요일,부산광역시 사상구 감전동,중상사고,0,1,0,0,차대차 - 정면충돌,안전운전불이행,젖음/습기,비,교차로 - 교차로안,승용,여,49세,상해없음,이륜,남,44세,중상
2019122900100285,2019년 12월 29일 18시,일요일,부산광역시 남구 대연동,중상사고,0,2,0,0,차대차 - 기타,신호위반,젖음/습기,비,교차로 - 교차로안,승용,남,43세,상해없음,승합,남,56세,중상
2019122900100286,2019년 12월 29일 18시,일요일,부산광역시 수영구 망미동,경상사고,0,0,2,0,차대차 - 추돌,안전거리미확보,젖음/습기,비,교차로 - 교차로안,승용,남,55세,상해없음,승용,남,49세,경상
2019122900100326,2019년 12월 29일 19시,일요일,부산광역시 금정구 구서동,중상사고,0,1,0,0,차대차 - 정면충돌,중앙선침범,젖음/습기,비,단일로 - 기타,승용,남,60세,상해없음,승용,여,66세,중상
2019122900100359,2019년 12월 29일 20시,일요일,부산광역시 수영구 광안동,경상사고,0,0,2,0,차대사람 - 횡단중,신호위반,건조,맑음,단일로 - 기타,승용,남,45세,상해없음,보행자,여,29세,경상
2019122900100360,2019년 12월 29일 20시,일요일,부산광역시 동래구 온천동,경상사고,0,0,2,0,차대차 - 추돌,안전운전불이행,건조,맑음,단일로 - 기타,승용,남,60세,상해없음,승용,남,32세,경상
2019122900100361,2019년 12월 29일 20시,일요일,부산광역시 사하구 신평동,경상사고,0,0,1,0,차대차 - 정면충돌,신호위반,건조,맑음,교차로 - 교차로안,승용,남,41세,상해없음,승용,남,19세,경상
2019122900100408,2019년 12월 29일 21시,일요일,부산광역시 수영구 민락동,경상사고,0,0,1,0,차대사람 - 횡단중,보행자보호의무위반,건조,맑음,단일로 - 기타,승용,남,23세,상해없음,보행자,여,24세,경상
2019122900100409,2019년 12월 29일 21시,일요일,부산광역시 강서구 명지동,중상사고,0,1,2,0,차대차 - 정면충돌,교차로운행방법위반,젖음/습기,비,교차로 - 교차로안,승용,여,38세,상해없음,승용,남,28세,중상
2019122900100410,2019년 12월 29일 21시,일요일,부산광역시 강서구 송정동,경상사고,0,0,1,0,차대차 - 정면충돌,신호위반,젖음/습기,비,교차로 - 교차로안,승용,여,32세,상해없음,승용,남,59세,경상
2019122900100411,2019년 12월 29일 21시,일요일,부산광역시 사상구 모라동,경상사고,0,0,1,0,차대사람 - 기타,보행자보호의무위반,젖음/습기,비,단일로 - 기타,승용,여,58세,상해없음,보행자,여,46세,경상
2019122900100436,2019년 12월 29일 22시,일요일,부산광역시 동구 좌천동,중상사고,0,3,0,0,차대차 - 추돌,안전거리미확보,젖음/습기,비,단일로 - 고가도로위,승용,남,74세,중상,승용,여,45세,중상
2019122900100437,2019년 12월 29일 22시,일요일,부산광역시 남구 대연동,경상사고,0,0,1,0,차대사람 - 기타,안전운전불이행,젖음/습기,비,교차로 - 교차로안,승용,남,30세,상해없음,보행자,여,67세,경상
2019122900100438,2019년 12월 29일 22시,일요일,부산광역시 해운대구 좌동,중상사고,0,1,0,0,차대차 - 기타,중앙선침범,젖음/습기,비,교차로 - 교차로안,승용,남,28세,상해없음,이륜,남,17세,중상
2019122900100456,2019년 12월 29일 23시,일요일,부산광역시 북구 구포동,경상사고,0,0,3,0,차대차 - 기타,안전거리미확보,젖음/습기,비,단일로 - 기타,승용,여,39세,상해없음,승용,남,28세,경상
2019123000100022,2019년 12월 30일 00시,월요일,부산광역시 부산진구 부전동,중상사고,0,1,0,0,차대차 - 측면충돌,안전운전불이행,젖음/습기,비,교차로 - 교차로안,승용,남,24세,상해없음,이륜,남,28세,중상
2019123000100023,2019년 12월 30일 00시,월요일,부산광역시 사하구 신평동,경상사고,0,0,1,0,차량단독 - 기타,안전운전불이행,젖음/습기,비,교차로 - 교차로안,승용,남,61세,상해없음,,,,
2019123000100034,2019년 12월 30일 01시,월요일,부산광역시 동구 초량동,중상사고,0,1,4,0,차대차 - 측면충돌,신호위반,젖음/습기,비,교차로 - 교차로안,승용,남,32세,경상,승용,남,60세,중상
2019123000100035,2019년 12월 30일 01시,월요일,부산광역시 수영구 남천동,경상사고,0,0,2,0,차대차 - 정면충돌,안전운전불이행,젖음/습기,비,교차로 - 교차로안,승용,남,27세,상해없음,승용,남,49세,경상
2019123000100036,2019년 12월 30일 01시,월요일,부산광역시 부산진구 부암동,중상사고,0,1,1,0,차대차 - 측면충돌,신호위반,젖음/습기,비,교차로 - 교차로안,승용,남,21세,상해없음,승용,남,53세,중상
2019123000100042,2019년 12월 30일 02시,월요일,부산광역시 부산진구 전포동,중상사고,0,1,1,0,차대차 - 기타,신호위반,젖음/습기,비,교차로 - 교차로안,승용,남,42세,상해없음,승용,남,59세,중상
2019123000100043,2019년 12월 30일 02시,월요일,부산광역시 사상구 주례동,경상사고,0,0,2,0,차대차 - 측면충돌,안전운전불이행,건조,맑음,교차로 - 교차로안,승용,남,22세,상해없음,승용,남,29세,경상
2019123000100075,2019년 12월 30일 07시,월요일,부산광역시 강서구 명지동,경상사고,0,0,1,0,차대차 - 측면충돌,안전거리미확보,건조,맑음,단일로 - 기타,승용,남,54세,상해없음,승용,여,62세,경상
2019123000100152,2019년 12월 30일 10시,월요일,부산광역시 사하구 다대동,경상사고,0,0,1,0,차대차 - 기타,차로위반,건조,맑음,단일로 - 기타,승용,여,38세,상해없음,승합,남,47세,상해없음
2019123000100180,2019년 12월 30일 11시,월요일,부산광역시 동래구 온천동,경상사고,0,0,5,0,차대차 - 추돌,안전운전불이행,건조,맑음,단일로 - 터널,화물,남,56세,상해없음,승용,여,59세,경상
2019123000100181,2019년 12월 30일 11시,월요일,부산광역시 동래구 낙민동,경상사고,0,0,1,0,차대차 - 측면충돌,안전운전불이행,건조,맑음,교차로 - 교차로안,화물,남,54세,상해없음,승용,남,77세,경상
2019123000100182,2019년 12월 30일 11시,월요일,부산광역시 강서구 대저2동,경상사고,0,0,3,0,차대차 - 기타,중앙선침범,건조,맑음,단일로 - 기타,화물,남,49세,상해없음,화물,남,62세,경상
2019123000100214,2019년 12월 30일 12시,월요일,부산광역시 금정구 부곡동,중상사고,0,1,0,0,차대차 - 기타,안전운전불이행,건조,맑음,교차로 - 교차로안,승용,남,41세,상해없음,이륜,남,41세,중상
2019123000100215,2019년 12월 30일 12시,월요일,부산광역시 연제구 거제동,중상사고,0,1,0,0,차대차 - 측면충돌,교차로운행방법위반,건조,맑음,교차로 - 교차로안,원동기,남,27세,상해없음,원동기,남,41세,중상
2019123000100247,2019년 12월 30일 13시,월요일,부산광역시 서구 남부민동,경상사고,0,0,2,0,차대차 - 측면충돌,신호위반,건조,맑음,교차로 - 교차로부근,승용,남,67세,상해없음,승용,여,26세,경상
2019123000100248,2019년 12월 30일 13시,월요일,부산광역시 북구 덕천동,경상사고,0,0,1,0,차대차 - 추돌,안전운전불이행,건조,맑음,교차로 - 교차로안,승용,남,45세,상해없음,승용,여,36세,경상
2019123000100309,2019년 12월 30일 15시,월요일,부산광역시 해운대구 반여동,경상사고,0,0,1,0,차량단독 - 전도전복 - 전도,안전운전불이행,건조,맑음,교차로 - 교차로안,이륜,남,63세,경상,,,,
2019123000100310,2019년 12월 30일 15시,월요일,부산광역시 금정구 장전동,경상사고,0,0,1,0,차대차 - 기타,신호위반,건조,맑음,교차로 - 교차로안,승용,남,17세,기타불명,승용,남,63세,경상
2019123000100340,2019년 12월 30일 16시,월요일,부산광역시 남구 문현동,부상신고사고,0,0,0,1,차대차 - 기타,교차로운행방법위반,건조,맑음,교차로 - 교차로안,이륜,남,25세,부상신고,승용,남,58세,상해없음
2019123000100341,2019년 12월 30일 16시,월요일,부산광역시 금정구 장전동,부상신고사고,0,0,0,1,차대차 - 기타,차로위반,건조,맑음,단일로 - 기타,자전거,남,72세,부상신고,승용,남,62세,상해없음
2019123000100342,2019년 12월 30일 16시,월요일,부산광역시 금정구 회동동,중상사고,0,1,0,0,차대차 - 후진중충돌,안전운전불이행,건조,맑음,단일로 - 기타,화물,남,49세,상해없음,승용,여,52세,중상
2019123000100377,2019년 12월 30일 17시,월요일,부산광역시 동구 좌천동,경상사고,0,0,3,0,차대차 - 기타,안전거리미확보,건조,맑음,단일로 - 기타,승용,남,69세,상해없음,승용,남,46세,경상
2019123000100378,2019년 12월 30일 17시,월요일,부산광역시 북구 금곡동,중상사고,0,1,0,0,차대사람 - 길가장자리구역통행중,보행자보호의무위반,건조,맑음,교차로 - 교차로횡단보도내,화물,남,40세,상해없음,보행자,남,28세,중상
2019123000100379,2019년 12월 30일 17시,월요일,부산광역시 사하구 당리동,경상사고,0,0,1,0,차대차 - 기타,안전운전불이행,건조,맑음,교차로 - 교차로부근,승용,여,42세,상해없음,화물,남,56세,경상
2019123000100428,2019년 12월 30일 18시,월요일,부산광역시 동구 좌천동,경상사고,0,0,1,0,차대차 - 측면충돌,신호위반,건조,맑음,교차로 - 교차로부근,승용,남,68세,상해없음,이륜,남,31세,경상
2019123000100429,2019년 12월 30일 18시,월요일,부산광역시 남구 대연동,경상사고,0,0,1,0,차대사람 - 횡단중,안전운전불이행,건조,맑음,교차로 - 교차로부근,기타불명,기타불명,미분류,기타불명,보행자,남,22세,경상
2019123000100430,2019년 12월 30일 18시,월요일,부산광역시 북구 화명동,경상사고,0,0,1,0,차대사람 - 횡단중,안전운전불이행,건조,맑음,교차로 - 교차로안,승용,남,44세,상해없음,보행자,남,54세,경상
2019123000100534,2019년 12월 30일 20시,월요일,부산광역시 남구 대연동,경상사고,0,0,1,0,차대차 - 측면충돌,안전운전불이행,건조,맑음,단일로 - 기타,이륜,남,38세,상해없음,승용,남,62세,경상
2019123000100535,2019년 12월 30일 20시,월요일,부산광역시 동래구 수안동,사망사고,1,0,0,0,차대사람 - 횡단중,안전운전불이행,건조,맑음,단일로 - 기타,승합,남,58세,상해없음,보행자,남,67세,사망
2019123000100536,2019년 12월 30일 20시,월요일,부산광역시 동래구 온천동,경상사고,0,0,1,0,차대차 - 기타,교차로운행방법위반,건조,맑음,교차로 - 교차로안,승용,남,55세,상해없음,승용,남,27세,경상
2019123000100585,2019년 12월 30일 22시,월요일,부산광역시 서구 동대신동1가,경상사고,0,0,1,0,차대차 - 측면충돌,안전운전불이행,건조,맑음,단일로 - 기타,승용,남,26세,상해없음,승용,여,55세,기타불명
2019123000100586,2019년 12월 30일 22시,월요일,부산광역시 남구 감만동,경상사고,0,0,1,0,차대차 - 기타,안전운전불이행,건조,맑음,단일로 - 기타,승용,남,67세,상해없음,승용,남,28세,경상
2019123000100619,2019년 12월 30일 23시,월요일,부산광역시 남구 대연동,경상사고,0,0,1,0,차대사람 - 기타,안전운전불이행,건조,맑음,단일로 - 기타,승용,남,37세,상해없음,보행자,남,25세,경상
2019123000100620,2019년 12월 30일 23시,월요일,부산광역시 부산진구 범천동,중상사고,0,1,1,0,차대차 - 측면충돌,신호위반,건조,맑음,교차로 - 교차로안,승용,남,39세,상해없음,승용,남,47세,중상
2019123100100042,2019년 12월 31일 01시,화요일,부산광역시 부산진구 양정동,부상신고사고,0,0,0,1,차량단독 - 기타,안전운전불이행,건조,맑음,단일로 - 기타,이륜,남,51세,부상신고,,,,
2019123100100060,2019년 12월 31일 03시,화요일,부산광역시 부산진구 부전동,경상사고,0,0,1,0,차대사람 - 기타,안전운전불이행,건조,맑음,단일로 - 기타,승용,남,39세,상해없음,보행자,남,23세,경상
2019123100100141,2019년 12월 31일 09시,화요일,부산광역시 남구 대연동,경상사고,0,0,1,0,차대차 - 측면충돌,안전운전불이행,건조,맑음,단일로 - 기타,승용,여,39세,상해없음,승용,남,41세,경상
2019123100100142,2019년 12월 31일 09시,화요일,부산광역시 동래구 온천동,경상사고,0,0,2,0,차대사람 - 횡단중,보행자보호의무위반,건조,맑음,교차로 - 교차로횡단보도내,승용,여,76세,기타불명,보행자,남,3세,경상
2019123100100143,2019년 12월 31일 09시,화요일,부산광역시 금정구 금사동,중상사고,0,1,0,0,차대사람 - 기타,안전운전불이행,건조,맑음,단일로 - 기타,화물,남,65세,상해없음,보행자,남,60세,중상
2019123100100169,2019년 12월 31일 10시,화요일,부산광역시 동래구 수안동,중상사고,0,1,0,0,차대사람 - 횡단중,안전운전불이행,건조,맑음,단일로 - 기타,승합,남,43세,상해없음,보행자,여,73세,중상
2019123100100200,2019년 12월 31일 11시,화요일,부산광역시 동구 초량동,경상사고,0,0,1,0,차대차 - 측면충돌,교차로운행방법위반,건조,맑음,교차로 - 교차로안,원동기,남,47세,경상,승합,남,43세,상해없음
2019123100100201,2019년 12월 31일 11시,화요일,부산광역시 남구 대연동,경상사고,0,0,1,0,차대차 - 측면충돌,중앙선침범,건조,맑음,단일로 - 기타,승용,남,54세,상해없음,승용,남,50세,경상
2019123100100202,2019년 12월 31일 11시,화요일,부산광역시 기장군 장안읍,중상사고,0,1,0,0,차대사람 - 횡단중,보행자보호의무위반,건조,맑음,교차로 - 교차로횡단보도내,승용,남,40세,상해없음,보행자,여,84세,중상
2019123100100289,2019년 12월 31일 14시,화요일,부산광역시 동래구 안락동,중상사고,0,1,0,0,차대사람 - 횡단중,보행자보호의무위반,건조,맑음,단일로 - 기타,원동기,남,23세,상해없음,보행자,여,55세,중상
2019123100100290,2019년 12월 31일 14시,화요일,부산광역시 부산진구 범천동,경상사고,0,0,1,0,차대차 - 기타,신호위반,건조,맑음,교차로 - 교차로부근,승용,남,78세,기타불명,승용,여,46세,경상
2019123100100291,2019년 12월 31일 14시,화요일,부산광역시 강서구 대저1동,경상사고,0,0,1,0,차대차 - 후진중충돌,안전운전불이행,건조,맑음,기타 - 기타,승용,남,26세,기타불명,화물,남,37세,경상
2019123100100292,2019년 12월 31일 14시,화요일,부산광역시 사상구 덕포동,부상신고사고,0,0,0,1,차대차 - 측면충돌,차로위반,건조,맑음,단일로 - 기타,승용,남,43세,부상신고,건설기계,남,54세,상해없음
2019123100100362,2019년 12월 31일 16시,화요일,부산광역시 사상구 주례동,경상사고,0,0,1,0,차대차 - 기타,교차로운행방법위반,건조,맑음,단일로 - 기타,승용,남,43세,상해없음,승합,남,60세,상해없음
2019123100100444,2019년 12월 31일 18시,화요일,부산광역시 수영구 광안동,경상사고,0,0,1,0,차대차 - 측면충돌,안전운전불이행,건조,맑음,교차로 - 교차로안,승용,여,45세,상해없음,화물,남,32세,경상
2019123100100445,2019년 12월 31일 18시,화요일,부산광역시 해운대구 좌동,중상사고,0,1,0,0,차대사람 - 횡단중,신호위반,건조,맑음,교차로 - 교차로횡단보도내,승용,여,38세,상해없음,보행자,여,45세,중상
2019123100100446,2019년 12월 31일 18시,화요일,부산광역시 사하구 신평동,경상사고,0,0,2,0,차대차 - 추돌,교차로운행방법위반,건조,맑음,교차로 - 교차로안,승용,남,36세,경상,승용,남,65세,상해없음
2019123100100447,2019년 12월 31일 18시,화요일,부산광역시 연제구 연산동,경상사고,0,0,1,0,차대차 - 기타,안전운전불이행,건조,맑음,교차로 - 교차로부근,승용,남,73세,상해없음,이륜,남,29세,경상
2019123100100448,2019년 12월 31일 18시,화요일,부산광역시 강서구 신호동,부상신고사고,0,0,0,1,차대차 - 기타,안전운전불이행,건조,맑음,단일로 - 기타,승용,여,64세,기타불명,승용,남,31세,부상신고
2019123100100505,2019년 12월 31일 19시,화요일,부산광역시 동구 수정동,중상사고,0,1,0,0,차대사람 - 차도통행중,안전운전불이행,건조,맑음,교차로 - 교차로안,승용,남,42세,상해없음,보행자,남,51세,중상
2019123100100506,2019년 12월 31일 19시,화요일,부산광역시 서구 아미동1가,경상사고,0,0,1,0,차대사람 - 횡단중,신호위반,건조,맑음,단일로 - 기타,승용,남,56세,상해없음,보행자,여,28세,경상
2019123100100507,2019년 12월 31일 19시,화요일,부산광역시 해운대구 우동,경상사고,0,0,2,0,차대차 - 기타,신호위반,기타,맑음,교차로 - 교차로부근,승용,남,67세,상해없음,승용,남,50세,상해없음
2019123100100508,2019년 12월 31일 19시,화요일,부산광역시 부산진구 부전동,경상사고,0,0,1,0,차대사람 - 횡단중,보행자보호의무위반,건조,맑음,교차로 - 교차로횡단보도내,승용,남,38세,상해없음,보행자,여,64세,경상
2019123100100509,2019년 12월 31일 19시,화요일,부산광역시 기장군 정관읍,경상사고,0,0,1,0,차대차 - 후진중충돌,안전운전불이행,건조,흐림,단일로 - 기타,화물,남,23세,상해없음,승용,남,24세,경상
2019123100100549,2019년 12월 31일 20시,화요일,부산광역시 북구 금곡동,경상사고,0,0,1,0,차대차 - 기타,안전운전불이행,건조,맑음,단일로 - 기타,승용,남,53세,상해없음,이륜,남,26세,경상
2019123100100550,2019년 12월 31일 20시,화요일,부산광역시 연제구 연산동,경상사고,0,0,2,0,차대차 - 추돌,신호위반,건조,맑음,교차로 - 교차로안,승용,남,61세,경상,이륜,남,35세,경상
2019123100100551,2019년 12월 31일 20시,화요일,부산광역시 강서구 녹산동,중상사고,0,1,0,0,차대사람 - 횡단중,안전운전불이행,건조,맑음,단일로 - 기타,승용,남,46세,상해없음,보행자,남,36세,중상
2019123100100586,2019년 12월 31일 21시,화요일,부산광역시 사하구 당리동,경상사고,0,0,2,0,차대차 - 추돌,안전운전불이행,건조,맑음,단일로 - 기타,화물,남,76세,상해없음,승용,남,37세,경상
2019123100100613,2019년 12월 31일 22시,화요일,부산광역시 서구 동대신동2가,경상사고,0,0,1,1,차대차 - 정면충돌,신호위반,건조,맑음,교차로 - 교차로부근,승용,남,68세,부상신고,승용,남,41세,경상
2019123100100614,2019년 12월 31일 22시,화요일,부산광역시 부산진구 범천동,경상사고,0,0,3,0,차대차 - 측면충돌,신호위반,건조,맑음,교차로 - 교차로안,승용,여,61세,경상,승용,남,61세,경상
2019123100100636,2019년 12월 31일 23시,화요일,부산광역시 연제구 연산동,경상사고,0,0,2,0,차대사람 - 횡단중,안전운전불이행,건조,맑음,교차로 - 교차로횡단보도내,이륜,남,30세,경상,보행자,남,47세,경상